2024-12-13 22:49:42,081 [Worker-7: Loading available Gradle versions] INFO  o.e.b.c.i.u.g.PublishedGradleVersions - Gradle version information cache is not available. Remote download required.
2024-12-13 22:50:05,529 [Worker-11: Importing Maven projects] INFO  o.e.m.c.i.l.LifecycleMappingFactory - Using org.eclipse.m2e.jdt.JarLifecycleMapping lifecycle mapping for MavenProject: com.celebrateit:Celebrateit-backend:0.0.1-SNAPSHOT @ C:\Users\Samruddhi\OneDrive\Desktop\cdac-project\Celebrateit-backend\Celebrateit-backend\pom.xml.
2024-12-13 22:50:06,704 [Worker-11: Importing Maven projects] INFO  o.e.m.j.i.AbstractJavaProjectConfigurator - Adding source folder /Celebrateit-backend/src/main/java
2024-12-13 22:50:06,708 [Worker-11: Importing Maven projects] INFO  o.e.m.j.i.AbstractJavaProjectConfigurator - Adding resource folder /Celebrateit-backend/src/main/resources
2024-12-13 22:50:06,709 [Worker-11: Importing Maven projects] INFO  o.e.m.j.i.AbstractJavaProjectConfigurator - Adding resource folder /Celebrateit-backend/src/main/resources
2024-12-13 22:50:06,710 [Worker-11: Importing Maven projects] INFO  o.e.m.j.i.AbstractJavaProjectConfigurator - Adding source folder /Celebrateit-backend/src/test/java
2024-12-13 22:50:06,712 [Worker-11: Importing Maven projects] INFO  o.e.m.j.i.AbstractJavaProjectConfigurator - Adding resource folder /Celebrateit-backend/src/test/resources
2024-12-13 22:50:07,267 [Worker-11: Importing Maven projects] INFO  o.e.m.c.i.p.ProjectConfigurationManager - Imported and configured 1 project(s) in 3 sec
2024-12-13 22:50:10,154 [Worker-4: Building] INFO  o.a.m.s.f.DefaultMavenResourcesFiltering - Copying 1 resource from src\main\resources to target\classes
2024-12-13 22:50:10,173 [Worker-4: Building] INFO  o.a.m.s.f.DefaultMavenResourcesFiltering - Copying 0 resource from src\main\resources to target\classes
2024-12-13 22:50:10,179 [Worker-4: Building] INFO  o.a.m.s.f.DefaultMavenResourcesFiltering - skip non existing resourceDirectory C:\Users\Samruddhi\OneDrive\Desktop\cdac-project\Celebrateit-backend\Celebrateit-backend\src\test\resources
2024-12-13 22:50:23,372 [Worker-7: Building] INFO  o.a.m.s.f.DefaultMavenResourcesFiltering - Copying 1 resource from src\main\resources to target\classes
2024-12-13 22:50:23,377 [Worker-7: Building] INFO  o.a.m.s.f.DefaultMavenResourcesFiltering - Copying 0 resource from src\main\resources to target\classes
2024-12-13 22:50:23,380 [Worker-7: Building] INFO  o.a.m.s.f.DefaultMavenResourcesFiltering - skip non existing resourceDirectory C:\Users\Samruddhi\OneDrive\Desktop\cdac-project\Celebrateit-backend\Celebrateit-backend\src\test\resources
2024-12-13 22:50:43,553 [Worker-8: Building] INFO  o.a.m.s.f.DefaultMavenResourcesFiltering - Copying 1 resource from src\main\resources to target\classes
2024-12-13 22:50:43,557 [Worker-8: Building] INFO  o.a.m.s.f.DefaultMavenResourcesFiltering - Copying 0 resource from src\main\resources to target\classes
2024-12-13 22:50:43,559 [Worker-8: Building] INFO  o.a.m.s.f.DefaultMavenResourcesFiltering - skip non existing resourceDirectory C:\Users\Samruddhi\OneDrive\Desktop\cdac-project\Celebrateit-backend\Celebrateit-backend\src\test\resources
2024-12-13 22:50:52,334 [main] INFO  o.e.m2e.actions.ExecutePomAction - Creating new launch configuration
2024-12-13 22:51:01,413 [Worker-6: Launching Celebrateit-backend] INFO  o.eclipse.m2e.core.internal.Bundles - getClasspathEntries(Bundle=org.eclipse.m2e.maven.runtime_3.9.900.20240824-1409 [359])
2024-12-13 22:51:01,414 [Worker-6: Launching Celebrateit-backend] INFO  o.eclipse.m2e.core.internal.Bundles - 	Entry: D:\sts-4.26.0.RELEASE\plugins\org.eclipse.m2e.maven.runtime_3.9.900.20240824-1409
2024-12-13 22:51:01,414 [Worker-6: Launching Celebrateit-backend] INFO  o.eclipse.m2e.core.internal.Bundles - 	Entry: D:\sts-4.26.0.RELEASE\plugins\org.eclipse.m2e.maven.runtime_3.9.900.20240824-1409\jars\aopalliance-1.0.jar
2024-12-13 22:51:01,415 [Worker-6: Launching Celebrateit-backend] INFO  o.eclipse.m2e.core.internal.Bundles - 	Entry: D:\sts-4.26.0.RELEASE\plugins\org.eclipse.m2e.maven.runtime_3.9.900.20240824-1409\jars\guice-5.1.0.jar
2024-12-13 22:51:01,415 [Worker-6: Launching Celebrateit-backend] INFO  o.eclipse.m2e.core.internal.Bundles - 	Entry: D:\sts-4.26.0.RELEASE\plugins\org.eclipse.m2e.maven.runtime_3.9.900.20240824-1409\jars\httpclient-4.5.14.jar
2024-12-13 22:51:01,415 [Worker-6: Launching Celebrateit-backend] INFO  o.eclipse.m2e.core.internal.Bundles - 	Entry: D:\sts-4.26.0.RELEASE\plugins\org.eclipse.m2e.maven.runtime_3.9.900.20240824-1409\jars\httpcore-4.4.16.jar
2024-12-13 22:51:01,415 [Worker-6: Launching Celebrateit-backend] INFO  o.eclipse.m2e.core.internal.Bundles - 	Entry: D:\sts-4.26.0.RELEASE\plugins\org.eclipse.m2e.maven.runtime_3.9.900.20240824-1409\jars\jansi-2.4.1.jar
2024-12-13 22:51:01,415 [Worker-6: Launching Celebrateit-backend] INFO  o.eclipse.m2e.core.internal.Bundles - 	Entry: D:\sts-4.26.0.RELEASE\plugins\org.eclipse.m2e.maven.runtime_3.9.900.20240824-1409\jars\jcl-over-slf4j-1.7.36.jar
2024-12-13 22:51:01,415 [Worker-6: Launching Celebrateit-backend] INFO  o.eclipse.m2e.core.internal.Bundles - 	Entry: D:\sts-4.26.0.RELEASE\plugins\org.eclipse.m2e.maven.runtime_3.9.900.20240824-1409\jars\maven-artifact-3.9.9.jar
2024-12-13 22:51:01,415 [Worker-6: Launching Celebrateit-backend] INFO  o.eclipse.m2e.core.internal.Bundles - 	Entry: D:\sts-4.26.0.RELEASE\plugins\org.eclipse.m2e.maven.runtime_3.9.900.20240824-1409\jars\maven-builder-support-3.9.9.jar
2024-12-13 22:51:01,415 [Worker-6: Launching Celebrateit-backend] INFO  o.eclipse.m2e.core.internal.Bundles - 	Entry: D:\sts-4.26.0.RELEASE\plugins\org.eclipse.m2e.maven.runtime_3.9.900.20240824-1409\jars\maven-compat-3.9.9.jar
2024-12-13 22:51:01,415 [Worker-6: Launching Celebrateit-backend] INFO  o.eclipse.m2e.core.internal.Bundles - 	Entry: D:\sts-4.26.0.RELEASE\plugins\org.eclipse.m2e.maven.runtime_3.9.900.20240824-1409\jars\maven-core-3.9.9.jar
2024-12-13 22:51:01,415 [Worker-6: Launching Celebrateit-backend] INFO  o.eclipse.m2e.core.internal.Bundles - 	Entry: D:\sts-4.26.0.RELEASE\plugins\org.eclipse.m2e.maven.runtime_3.9.900.20240824-1409\jars\maven-embedder-3.9.9.jar
2024-12-13 22:51:01,415 [Worker-6: Launching Celebrateit-backend] INFO  o.eclipse.m2e.core.internal.Bundles - 	Entry: D:\sts-4.26.0.RELEASE\plugins\org.eclipse.m2e.maven.runtime_3.9.900.20240824-1409\jars\maven-model-3.9.9.jar
2024-12-13 22:51:01,415 [Worker-6: Launching Celebrateit-backend] INFO  o.eclipse.m2e.core.internal.Bundles - 	Entry: D:\sts-4.26.0.RELEASE\plugins\org.eclipse.m2e.maven.runtime_3.9.900.20240824-1409\jars\maven-model-builder-3.9.9.jar
2024-12-13 22:51:01,415 [Worker-6: Launching Celebrateit-backend] INFO  o.eclipse.m2e.core.internal.Bundles - 	Entry: D:\sts-4.26.0.RELEASE\plugins\org.eclipse.m2e.maven.runtime_3.9.900.20240824-1409\jars\maven-plugin-api-3.9.9.jar
2024-12-13 22:51:01,415 [Worker-6: Launching Celebrateit-backend] INFO  o.eclipse.m2e.core.internal.Bundles - 	Entry: D:\sts-4.26.0.RELEASE\plugins\org.eclipse.m2e.maven.runtime_3.9.900.20240824-1409\jars\maven-repository-metadata-3.9.9.jar
2024-12-13 22:51:01,415 [Worker-6: Launching Celebrateit-backend] INFO  o.eclipse.m2e.core.internal.Bundles - 	Entry: D:\sts-4.26.0.RELEASE\plugins\org.eclipse.m2e.maven.runtime_3.9.900.20240824-1409\jars\maven-resolver-api-1.9.22.jar
2024-12-13 22:51:01,415 [Worker-6: Launching Celebrateit-backend] INFO  o.eclipse.m2e.core.internal.Bundles - 	Entry: D:\sts-4.26.0.RELEASE\plugins\org.eclipse.m2e.maven.runtime_3.9.900.20240824-1409\jars\maven-resolver-connector-basic-1.9.22.jar
2024-12-13 22:51:01,415 [Worker-6: Launching Celebrateit-backend] INFO  o.eclipse.m2e.core.internal.Bundles - 	Entry: D:\sts-4.26.0.RELEASE\plugins\org.eclipse.m2e.maven.runtime_3.9.900.20240824-1409\jars\maven-resolver-impl-1.9.22.jar
2024-12-13 22:51:01,415 [Worker-6: Launching Celebrateit-backend] INFO  o.eclipse.m2e.core.internal.Bundles - 	Entry: D:\sts-4.26.0.RELEASE\plugins\org.eclipse.m2e.maven.runtime_3.9.900.20240824-1409\jars\maven-resolver-named-locks-1.9.22.jar
2024-12-13 22:51:01,415 [Worker-6: Launching Celebrateit-backend] INFO  o.eclipse.m2e.core.internal.Bundles - 	Entry: D:\sts-4.26.0.RELEASE\plugins\org.eclipse.m2e.maven.runtime_3.9.900.20240824-1409\jars\maven-resolver-provider-3.9.9.jar
2024-12-13 22:51:01,415 [Worker-6: Launching Celebrateit-backend] INFO  o.eclipse.m2e.core.internal.Bundles - 	Entry: D:\sts-4.26.0.RELEASE\plugins\org.eclipse.m2e.maven.runtime_3.9.900.20240824-1409\jars\maven-resolver-spi-1.9.22.jar
2024-12-13 22:51:01,415 [Worker-6: Launching Celebrateit-backend] INFO  o.eclipse.m2e.core.internal.Bundles - 	Entry: D:\sts-4.26.0.RELEASE\plugins\org.eclipse.m2e.maven.runtime_3.9.900.20240824-1409\jars\maven-resolver-transport-file-1.9.22.jar
2024-12-13 22:51:01,415 [Worker-6: Launching Celebrateit-backend] INFO  o.eclipse.m2e.core.internal.Bundles - 	Entry: D:\sts-4.26.0.RELEASE\plugins\org.eclipse.m2e.maven.runtime_3.9.900.20240824-1409\jars\maven-resolver-transport-http-1.9.22.jar
2024-12-13 22:51:01,415 [Worker-6: Launching Celebrateit-backend] INFO  o.eclipse.m2e.core.internal.Bundles - 	Entry: D:\sts-4.26.0.RELEASE\plugins\org.eclipse.m2e.maven.runtime_3.9.900.20240824-1409\jars\maven-resolver-transport-wagon-1.9.22.jar
2024-12-13 22:51:01,415 [Worker-6: Launching Celebrateit-backend] INFO  o.eclipse.m2e.core.internal.Bundles - 	Entry: D:\sts-4.26.0.RELEASE\plugins\org.eclipse.m2e.maven.runtime_3.9.900.20240824-1409\jars\maven-resolver-util-1.9.22.jar
2024-12-13 22:51:01,415 [Worker-6: Launching Celebrateit-backend] INFO  o.eclipse.m2e.core.internal.Bundles - 	Entry: D:\sts-4.26.0.RELEASE\plugins\org.eclipse.m2e.maven.runtime_3.9.900.20240824-1409\jars\maven-settings-3.9.9.jar
2024-12-13 22:51:01,415 [Worker-6: Launching Celebrateit-backend] INFO  o.eclipse.m2e.core.internal.Bundles - 	Entry: D:\sts-4.26.0.RELEASE\plugins\org.eclipse.m2e.maven.runtime_3.9.900.20240824-1409\jars\maven-settings-builder-3.9.9.jar
2024-12-13 22:51:01,415 [Worker-6: Launching Celebrateit-backend] INFO  o.eclipse.m2e.core.internal.Bundles - 	Entry: D:\sts-4.26.0.RELEASE\plugins\org.eclipse.m2e.maven.runtime_3.9.900.20240824-1409\jars\maven-shared-utils-3.4.2.jar
2024-12-13 22:51:01,416 [Worker-6: Launching Celebrateit-backend] INFO  o.eclipse.m2e.core.internal.Bundles - 	Entry: D:\sts-4.26.0.RELEASE\plugins\org.eclipse.m2e.maven.runtime_3.9.900.20240824-1409\jars\org.eclipse.sisu.inject-0.9.0.M3.jar
2024-12-13 22:51:01,416 [Worker-6: Launching Celebrateit-backend] INFO  o.eclipse.m2e.core.internal.Bundles - 	Entry: D:\sts-4.26.0.RELEASE\plugins\org.eclipse.m2e.maven.runtime_3.9.900.20240824-1409\jars\org.eclipse.sisu.plexus-0.9.0.M3.jar
2024-12-13 22:51:01,416 [Worker-6: Launching Celebrateit-backend] INFO  o.eclipse.m2e.core.internal.Bundles - 	Entry: D:\sts-4.26.0.RELEASE\plugins\org.eclipse.m2e.maven.runtime_3.9.900.20240824-1409\jars\plexus-build-api-0.0.7.jar
2024-12-13 22:51:01,416 [Worker-6: Launching Celebrateit-backend] INFO  o.eclipse.m2e.core.internal.Bundles - 	Entry: D:\sts-4.26.0.RELEASE\plugins\org.eclipse.m2e.maven.runtime_3.9.900.20240824-1409\jars\plexus-build-api-1.2.0.jar
2024-12-13 22:51:01,416 [Worker-6: Launching Celebrateit-backend] INFO  o.eclipse.m2e.core.internal.Bundles - 	Entry: D:\sts-4.26.0.RELEASE\plugins\org.eclipse.m2e.maven.runtime_3.9.900.20240824-1409\jars\plexus-cipher-2.0.jar
2024-12-13 22:51:01,416 [Worker-6: Launching Celebrateit-backend] INFO  o.eclipse.m2e.core.internal.Bundles - 	Entry: D:\sts-4.26.0.RELEASE\plugins\org.eclipse.m2e.maven.runtime_3.9.900.20240824-1409\jars\plexus-classworlds-2.8.0.jar
2024-12-13 22:51:01,416 [Worker-6: Launching Celebrateit-backend] INFO  o.eclipse.m2e.core.internal.Bundles - 	Entry: D:\sts-4.26.0.RELEASE\plugins\org.eclipse.m2e.maven.runtime_3.9.900.20240824-1409\jars\plexus-component-annotations-2.1.0.jar
2024-12-13 22:51:01,416 [Worker-6: Launching Celebrateit-backend] INFO  o.eclipse.m2e.core.internal.Bundles - 	Entry: D:\sts-4.26.0.RELEASE\plugins\org.eclipse.m2e.maven.runtime_3.9.900.20240824-1409\jars\plexus-interpolation-1.27.jar
2024-12-13 22:51:01,416 [Worker-6: Launching Celebrateit-backend] INFO  o.eclipse.m2e.core.internal.Bundles - 	Entry: D:\sts-4.26.0.RELEASE\plugins\org.eclipse.m2e.maven.runtime_3.9.900.20240824-1409\jars\plexus-sec-dispatcher-2.0.jar
2024-12-13 22:51:01,416 [Worker-6: Launching Celebrateit-backend] INFO  o.eclipse.m2e.core.internal.Bundles - 	Entry: D:\sts-4.26.0.RELEASE\plugins\org.eclipse.m2e.maven.runtime_3.9.900.20240824-1409\jars\plexus-utils-3.5.1.jar
2024-12-13 22:51:01,416 [Worker-6: Launching Celebrateit-backend] INFO  o.eclipse.m2e.core.internal.Bundles - 	Entry: D:\sts-4.26.0.RELEASE\plugins\org.eclipse.m2e.maven.runtime_3.9.900.20240824-1409\jars\plexus-xml-3.0.1.jar
2024-12-13 22:51:01,416 [Worker-6: Launching Celebrateit-backend] INFO  o.eclipse.m2e.core.internal.Bundles - 	Entry: D:\sts-4.26.0.RELEASE\plugins\org.eclipse.m2e.maven.runtime_3.9.900.20240824-1409\jars\wagon-file-3.5.3.jar
2024-12-13 22:51:01,416 [Worker-6: Launching Celebrateit-backend] INFO  o.eclipse.m2e.core.internal.Bundles - 	Entry: D:\sts-4.26.0.RELEASE\plugins\org.eclipse.m2e.maven.runtime_3.9.900.20240824-1409\jars\wagon-http-3.5.3.jar
2024-12-13 22:51:01,416 [Worker-6: Launching Celebrateit-backend] INFO  o.eclipse.m2e.core.internal.Bundles - 	Entry: D:\sts-4.26.0.RELEASE\plugins\org.eclipse.m2e.maven.runtime_3.9.900.20240824-1409\jars\wagon-http-shared-3.5.3.jar
2024-12-13 22:51:01,416 [Worker-6: Launching Celebrateit-backend] INFO  o.eclipse.m2e.core.internal.Bundles - 	Entry: D:\sts-4.26.0.RELEASE\plugins\org.eclipse.m2e.maven.runtime_3.9.900.20240824-1409\jars\wagon-provider-api-3.5.3.jar
2024-12-13 22:51:01,417 [Worker-6: Launching Celebrateit-backend] INFO  o.eclipse.m2e.core.internal.Bundles - getClasspathEntries(Bundle=com.google.guava_33.3.0.jre [29])
2024-12-13 22:51:01,417 [Worker-6: Launching Celebrateit-backend] INFO  o.eclipse.m2e.core.internal.Bundles - 	Entry: D:\sts-4.26.0.RELEASE\plugins\com.google.guava_33.3.0.jre.jar
2024-12-13 22:51:01,417 [Worker-6: Launching Celebrateit-backend] INFO  o.eclipse.m2e.core.internal.Bundles - getClasspathEntries(Bundle=slf4j.api_2.0.16 [592])
2024-12-13 22:51:01,417 [Worker-6: Launching Celebrateit-backend] INFO  o.eclipse.m2e.core.internal.Bundles - 	Entry: D:\sts-4.26.0.RELEASE\plugins\slf4j.api_2.0.16.jar
2024-12-13 22:51:01,417 [Worker-6: Launching Celebrateit-backend] INFO  o.eclipse.m2e.core.internal.Bundles - getClasspathEntries(Bundle=jakarta.inject.jakarta.inject-api_1.0.5 [45])
2024-12-13 22:51:01,418 [Worker-6: Launching Celebrateit-backend] INFO  o.eclipse.m2e.core.internal.Bundles - 	Entry: D:\sts-4.26.0.RELEASE\plugins\jakarta.inject.jakarta.inject-api_1.0.5.jar
2024-12-13 22:51:01,418 [Worker-6: Launching Celebrateit-backend] INFO  o.eclipse.m2e.core.internal.Bundles - getClasspathEntries(Bundle=jakarta.annotation-api_1.3.5 [41])
2024-12-13 22:51:01,418 [Worker-6: Launching Celebrateit-backend] INFO  o.eclipse.m2e.core.internal.Bundles - 	Entry: D:\sts-4.26.0.RELEASE\plugins\jakarta.annotation-api_1.3.5.jar
2024-12-13 22:51:01,418 [Worker-6: Launching Celebrateit-backend] INFO  o.eclipse.m2e.core.internal.Bundles - getClasspathEntries(Bundle=org.apache.commons.cli_1.9.0 [77])
2024-12-13 22:51:01,418 [Worker-6: Launching Celebrateit-backend] INFO  o.eclipse.m2e.core.internal.Bundles - 	Entry: D:\sts-4.26.0.RELEASE\plugins\org.apache.commons.cli_1.9.0.jar
2024-12-13 22:51:01,418 [Worker-6: Launching Celebrateit-backend] INFO  o.eclipse.m2e.core.internal.Bundles - getClasspathEntries(Bundle=org.apache.commons.commons-codec_1.16.0 [80])
2024-12-13 22:51:01,418 [Worker-6: Launching Celebrateit-backend] INFO  o.eclipse.m2e.core.internal.Bundles - 	Entry: D:\sts-4.26.0.RELEASE\plugins\org.apache.commons.commons-codec_1.16.0.jar
2024-12-13 22:51:01,418 [Worker-6: Launching Celebrateit-backend] INFO  o.eclipse.m2e.core.internal.Bundles - getClasspathEntries(Bundle=com.google.guava.failureaccess_1.0.2 [30])
2024-12-13 22:51:01,418 [Worker-6: Launching Celebrateit-backend] INFO  o.eclipse.m2e.core.internal.Bundles - 	Entry: D:\sts-4.26.0.RELEASE\plugins\com.google.guava.failureaccess_1.0.2.jar
2024-12-13 22:51:01,421 [Worker-6: Launching Celebrateit-backend] INFO  o.e.m.i.launch.MavenLaunchDelegate - Run build in "C:\Users\Samruddhi\OneDrive\Desktop\cdac-project\Celebrateit-backend\Celebrateit-backend":
2024-12-13 22:51:01,425 [Worker-6: Launching Celebrateit-backend] INFO  o.e.m.i.launch.MavenLaunchDelegate -  mvn  -B -Dmaven.test.skip=true -DskipTests -Dstyle.color=always clean compile
2024-12-13 22:51:47,318 [Worker-7: Building] INFO  o.a.m.s.f.DefaultMavenResourcesFiltering - Copying 1 resource from src\main\resources to target\classes
2024-12-13 22:51:47,333 [Worker-7: Building] INFO  o.a.m.s.f.DefaultMavenResourcesFiltering - Copying 0 resource from src\main\resources to target\classes
2024-12-13 22:51:47,336 [Worker-7: Building] INFO  o.a.m.s.f.DefaultMavenResourcesFiltering - skip non existing resourceDirectory C:\Users\Samruddhi\OneDrive\Desktop\cdac-project\Celebrateit-backend\Celebrateit-backend\src\test\resources
2025-01-02 18:55:13,278 [Worker-6: Loading available Gradle versions] INFO  o.e.b.c.i.u.g.PublishedGradleVersions - Gradle version information cache is out-of-date. Trying to update.
2025-01-03 20:04:28,931 [Worker-6: Loading available Gradle versions] INFO  o.e.b.c.i.u.g.PublishedGradleVersions - Gradle version information cache is out-of-date. Trying to update.
2025-01-03 20:05:12,711 [Worker-13: Launching Celebrateit-backend - DemoApplication] INFO  o.a.m.s.f.DefaultMavenResourcesFiltering - Copying 1 resource from src\main\resources to target\classes
2025-01-03 20:05:12,728 [Worker-13: Launching Celebrateit-backend - DemoApplication] INFO  o.a.m.s.f.DefaultMavenResourcesFiltering - Copying 0 resource from src\main\resources to target\classes
2025-01-03 20:05:12,732 [Worker-13: Launching Celebrateit-backend - DemoApplication] INFO  o.a.m.s.f.DefaultMavenResourcesFiltering - skip non existing resourceDirectory C:\Users\Samruddhi\OneDrive\Desktop\cdac-project\Celebrateit-backend\Celebrateit-backend\src\test\resources
2025-01-03 22:38:02,323 [Worker-4: Loading available Gradle versions] INFO  o.e.b.c.i.u.g.PublishedGradleVersions - Gradle version information cache is up-to-date. Trying to read.
2025-01-04 00:18:09,370 [Worker-6: Loading available Gradle versions] INFO  o.e.b.c.i.u.g.PublishedGradleVersions - Gradle version information cache is up-to-date. Trying to read.
2025-02-05 22:20:41,695 [Worker-5: Loading available Gradle versions] INFO  o.e.b.c.i.u.g.PublishedGradleVersions - Gradle version information cache is out-of-date. Trying to update.
2025-02-05 22:21:42,481 [Worker-5: Building] INFO  o.a.m.s.f.DefaultMavenResourcesFiltering - Copying 1 resource from src\main\resources to target\classes
2025-02-05 22:21:42,500 [Worker-5: Building] INFO  o.a.m.s.f.DefaultMavenResourcesFiltering - Copying 0 resource from src\main\resources to target\classes
2025-02-05 22:21:42,504 [Worker-5: Building] INFO  o.a.m.s.f.DefaultMavenResourcesFiltering - skip non existing resourceDirectory C:\Users\Samruddhi\OneDrive\Desktop\cdac-project\Celebrateit-backend\Celebrateit-backend\src\test\resources
2025-02-05 22:21:46,229 [Worker-1: Building] INFO  o.a.m.s.f.DefaultMavenResourcesFiltering - Copying 1 resource from src\main\resources to target\classes
2025-02-05 22:21:46,255 [Worker-1: Building] INFO  o.a.m.s.f.DefaultMavenResourcesFiltering - Copying 0 resource from src\main\resources to target\classes
2025-02-05 22:21:46,258 [Worker-1: Building] INFO  o.a.m.s.f.DefaultMavenResourcesFiltering - skip non existing resourceDirectory C:\Users\Samruddhi\OneDrive\Desktop\cdac-project\Celebrateit-backend\Celebrateit-backend\src\test\resources
2025-02-05 22:22:04,586 [Worker-10: Building] INFO  o.a.m.s.f.DefaultMavenResourcesFiltering - Copying 1 resource from src\main\resources to target\classes
2025-02-05 22:22:04,590 [Worker-10: Building] INFO  o.a.m.s.f.DefaultMavenResourcesFiltering - Copying 0 resource from src\main\resources to target\classes
2025-02-05 22:22:04,593 [Worker-10: Building] INFO  o.a.m.s.f.DefaultMavenResourcesFiltering - skip non existing resourceDirectory C:\Users\Samruddhi\OneDrive\Desktop\cdac-project\Celebrateit-backend\Celebrateit-backend\src\test\resources
2025-02-05 22:22:11,187 [Worker-8: Building] INFO  o.a.m.s.f.DefaultMavenResourcesFiltering - Copying 1 resource from src\main\resources to target\classes
2025-02-05 22:22:11,190 [Worker-8: Building] INFO  o.a.m.s.f.DefaultMavenResourcesFiltering - Copying 0 resource from src\main\resources to target\classes
2025-02-05 22:22:11,193 [Worker-8: Building] INFO  o.a.m.s.f.DefaultMavenResourcesFiltering - skip non existing resourceDirectory C:\Users\Samruddhi\OneDrive\Desktop\cdac-project\Celebrateit-backend\Celebrateit-backend\src\test\resources
2025-02-05 22:22:32,085 [Worker-9: Building] INFO  o.a.m.s.f.DefaultMavenResourcesFiltering - Copying 1 resource from src\main\resources to target\classes
2025-02-05 22:22:32,089 [Worker-9: Building] INFO  o.a.m.s.f.DefaultMavenResourcesFiltering - Copying 0 resource from src\main\resources to target\classes
2025-02-05 22:22:32,101 [Worker-9: Building] INFO  o.a.m.s.f.DefaultMavenResourcesFiltering - skip non existing resourceDirectory C:\Users\Samruddhi\OneDrive\Desktop\cdac-project\Celebrateit-backend\Celebrateit-backend\src\test\resources
2025-02-05 22:22:41,016 [Worker-9: Building] INFO  o.a.m.s.f.DefaultMavenResourcesFiltering - Copying 1 resource from src\main\resources to target\classes
2025-02-05 22:22:41,021 [Worker-9: Building] INFO  o.a.m.s.f.DefaultMavenResourcesFiltering - Copying 0 resource from src\main\resources to target\classes
2025-02-05 22:22:41,026 [Worker-9: Building] INFO  o.a.m.s.f.DefaultMavenResourcesFiltering - skip non existing resourceDirectory C:\Users\Samruddhi\OneDrive\Desktop\cdac-project\Celebrateit-backend\Celebrateit-backend\src\test\resources
2025-02-05 22:22:46,310 [Worker-15: Building] INFO  o.a.m.s.f.DefaultMavenResourcesFiltering - Copying 1 resource from src\main\resources to target\classes
2025-02-05 22:22:46,314 [Worker-15: Building] INFO  o.a.m.s.f.DefaultMavenResourcesFiltering - Copying 0 resource from src\main\resources to target\classes
2025-02-05 22:22:46,316 [Worker-15: Building] INFO  o.a.m.s.f.DefaultMavenResourcesFiltering - skip non existing resourceDirectory C:\Users\Samruddhi\OneDrive\Desktop\cdac-project\Celebrateit-backend\Celebrateit-backend\src\test\resources
2025-02-05 22:47:43,003 [Worker-23: Building] INFO  o.a.m.s.f.DefaultMavenResourcesFiltering - Copying 1 resource from src\main\resources to target\classes
2025-02-05 22:47:43,058 [Worker-23: Building] INFO  o.a.m.s.f.DefaultMavenResourcesFiltering - Copying 0 resource from src\main\resources to target\classes
2025-02-05 22:47:43,060 [Worker-23: Building] INFO  o.a.m.s.f.DefaultMavenResourcesFiltering - skip non existing resourceDirectory C:\Users\Samruddhi\OneDrive\Desktop\cdac-project\Celebrateit-backend\Celebrateit-backend\src\test\resources
2025-02-05 22:50:19,226 [Worker-32: Building] INFO  o.a.m.s.f.DefaultMavenResourcesFiltering - Copying 1 resource from src\main\resources to target\classes
2025-02-05 22:50:19,232 [Worker-32: Building] INFO  o.a.m.s.f.DefaultMavenResourcesFiltering - Copying 0 resource from src\main\resources to target\classes
2025-02-05 22:50:19,234 [Worker-32: Building] INFO  o.a.m.s.f.DefaultMavenResourcesFiltering - skip non existing resourceDirectory C:\Users\Samruddhi\OneDrive\Desktop\cdac-project\Celebrateit-backend\Celebrateit-backend\src\test\resources
2025-02-05 22:51:33,410 [Worker-28: Building] INFO  o.a.m.s.f.DefaultMavenResourcesFiltering - Copying 1 resource from src\main\resources to target\classes
2025-02-05 22:51:33,415 [Worker-28: Building] INFO  o.a.m.s.f.DefaultMavenResourcesFiltering - Copying 0 resource from src\main\resources to target\classes
2025-02-05 22:51:33,419 [Worker-28: Building] INFO  o.a.m.s.f.DefaultMavenResourcesFiltering - skip non existing resourceDirectory C:\Users\Samruddhi\OneDrive\Desktop\cdac-project\Celebrateit-backend\Celebrateit-backend\src\test\resources
2025-02-05 22:53:02,888 [Worker-26: Building] INFO  o.a.m.s.f.DefaultMavenResourcesFiltering - Copying 1 resource from src\main\resources to target\classes
2025-02-05 22:53:02,891 [Worker-26: Building] INFO  o.a.m.s.f.DefaultMavenResourcesFiltering - Copying 0 resource from src\main\resources to target\classes
2025-02-05 22:53:02,894 [Worker-26: Building] INFO  o.a.m.s.f.DefaultMavenResourcesFiltering - skip non existing resourceDirectory C:\Users\Samruddhi\OneDrive\Desktop\cdac-project\Celebrateit-backend\Celebrateit-backend\src\test\resources
2025-02-05 22:54:42,159 [Worker-32: Building] INFO  o.a.m.s.f.DefaultMavenResourcesFiltering - Copying 1 resource from src\main\resources to target\classes
2025-02-05 22:54:42,164 [Worker-32: Building] INFO  o.a.m.s.f.DefaultMavenResourcesFiltering - Copying 0 resource from src\main\resources to target\classes
2025-02-05 22:54:42,166 [Worker-32: Building] INFO  o.a.m.s.f.DefaultMavenResourcesFiltering - skip non existing resourceDirectory C:\Users\Samruddhi\OneDrive\Desktop\cdac-project\Celebrateit-backend\Celebrateit-backend\src\test\resources
2025-02-05 22:56:56,168 [Worker-26: Building] INFO  o.a.m.s.f.DefaultMavenResourcesFiltering - Copying 1 resource from src\main\resources to target\classes
2025-02-05 22:56:56,171 [Worker-26: Building] INFO  o.a.m.s.f.DefaultMavenResourcesFiltering - Copying 0 resource from src\main\resources to target\classes
2025-02-05 22:56:56,175 [Worker-26: Building] INFO  o.a.m.s.f.DefaultMavenResourcesFiltering - skip non existing resourceDirectory C:\Users\Samruddhi\OneDrive\Desktop\cdac-project\Celebrateit-backend\Celebrateit-backend\src\test\resources
2025-02-05 22:57:52,871 [Worker-28: Building] INFO  o.a.m.s.f.DefaultMavenResourcesFiltering - Copying 1 resource from src\main\resources to target\classes
2025-02-05 22:57:52,875 [Worker-28: Building] INFO  o.a.m.s.f.DefaultMavenResourcesFiltering - Copying 0 resource from src\main\resources to target\classes
2025-02-05 22:57:52,877 [Worker-28: Building] INFO  o.a.m.s.f.DefaultMavenResourcesFiltering - skip non existing resourceDirectory C:\Users\Samruddhi\OneDrive\Desktop\cdac-project\Celebrateit-backend\Celebrateit-backend\src\test\resources
2025-02-05 23:01:07,728 [Worker-36: Building] INFO  o.a.m.s.f.DefaultMavenResourcesFiltering - Copying 1 resource from src\main\resources to target\classes
2025-02-05 23:01:07,734 [Worker-36: Building] INFO  o.a.m.s.f.DefaultMavenResourcesFiltering - Copying 0 resource from src\main\resources to target\classes
2025-02-05 23:01:07,737 [Worker-36: Building] INFO  o.a.m.s.f.DefaultMavenResourcesFiltering - skip non existing resourceDirectory C:\Users\Samruddhi\OneDrive\Desktop\cdac-project\Celebrateit-backend\Celebrateit-backend\src\test\resources
2025-02-05 23:03:38,874 [Worker-28: Building] INFO  o.a.m.s.f.DefaultMavenResourcesFiltering - Copying 1 resource from src\main\resources to target\classes
2025-02-05 23:03:38,879 [Worker-28: Building] INFO  o.a.m.s.f.DefaultMavenResourcesFiltering - Copying 0 resource from src\main\resources to target\classes
2025-02-05 23:03:38,882 [Worker-28: Building] INFO  o.a.m.s.f.DefaultMavenResourcesFiltering - skip non existing resourceDirectory C:\Users\Samruddhi\OneDrive\Desktop\cdac-project\Celebrateit-backend\Celebrateit-backend\src\test\resources
2025-02-05 23:04:03,191 [Worker-39: Building] INFO  o.a.m.s.f.DefaultMavenResourcesFiltering - Copying 1 resource from src\main\resources to target\classes
2025-02-05 23:04:03,196 [Worker-39: Building] INFO  o.a.m.s.f.DefaultMavenResourcesFiltering - Copying 0 resource from src\main\resources to target\classes
2025-02-05 23:04:03,199 [Worker-39: Building] INFO  o.a.m.s.f.DefaultMavenResourcesFiltering - skip non existing resourceDirectory C:\Users\Samruddhi\OneDrive\Desktop\cdac-project\Celebrateit-backend\Celebrateit-backend\src\test\resources
2025-02-05 23:06:46,267 [Worker-42: Building] INFO  o.a.m.s.f.DefaultMavenResourcesFiltering - Copying 1 resource from src\main\resources to target\classes
2025-02-05 23:06:46,272 [Worker-42: Building] INFO  o.a.m.s.f.DefaultMavenResourcesFiltering - Copying 0 resource from src\main\resources to target\classes
2025-02-05 23:06:46,276 [Worker-42: Building] INFO  o.a.m.s.f.DefaultMavenResourcesFiltering - skip non existing resourceDirectory C:\Users\Samruddhi\OneDrive\Desktop\cdac-project\Celebrateit-backend\Celebrateit-backend\src\test\resources
2025-02-05 23:06:59,630 [Worker-41: Building] INFO  o.a.m.s.f.DefaultMavenResourcesFiltering - Copying 1 resource from src\main\resources to target\classes
2025-02-05 23:06:59,633 [Worker-41: Building] INFO  o.a.m.s.f.DefaultMavenResourcesFiltering - Copying 0 resource from src\main\resources to target\classes
2025-02-05 23:06:59,635 [Worker-41: Building] INFO  o.a.m.s.f.DefaultMavenResourcesFiltering - skip non existing resourceDirectory C:\Users\Samruddhi\OneDrive\Desktop\cdac-project\Celebrateit-backend\Celebrateit-backend\src\test\resources
2025-02-05 23:08:21,280 [Worker-40: Building] INFO  o.a.m.s.f.DefaultMavenResourcesFiltering - Copying 1 resource from src\main\resources to target\classes
2025-02-05 23:08:21,285 [Worker-40: Building] INFO  o.a.m.s.f.DefaultMavenResourcesFiltering - Copying 0 resource from src\main\resources to target\classes
2025-02-05 23:08:21,289 [Worker-40: Building] INFO  o.a.m.s.f.DefaultMavenResourcesFiltering - skip non existing resourceDirectory C:\Users\Samruddhi\OneDrive\Desktop\cdac-project\Celebrateit-backend\Celebrateit-backend\src\test\resources
2025-02-05 23:08:57,392 [Worker-41: Building] INFO  o.a.m.s.f.DefaultMavenResourcesFiltering - Copying 1 resource from src\main\resources to target\classes
2025-02-05 23:08:57,404 [Worker-41: Building] INFO  o.a.m.s.f.DefaultMavenResourcesFiltering - Copying 0 resource from src\main\resources to target\classes
2025-02-05 23:08:57,409 [Worker-41: Building] INFO  o.a.m.s.f.DefaultMavenResourcesFiltering - skip non existing resourceDirectory C:\Users\Samruddhi\OneDrive\Desktop\cdac-project\Celebrateit-backend\Celebrateit-backend\src\test\resources
2025-02-05 23:09:37,008 [Worker-41: Building] INFO  o.a.m.s.f.DefaultMavenResourcesFiltering - Copying 1 resource from src\main\resources to target\classes
2025-02-05 23:09:37,014 [Worker-41: Building] INFO  o.a.m.s.f.DefaultMavenResourcesFiltering - Copying 0 resource from src\main\resources to target\classes
2025-02-05 23:09:37,019 [Worker-41: Building] INFO  o.a.m.s.f.DefaultMavenResourcesFiltering - skip non existing resourceDirectory C:\Users\Samruddhi\OneDrive\Desktop\cdac-project\Celebrateit-backend\Celebrateit-backend\src\test\resources
2025-02-05 23:10:07,774 [Worker-42: Building] INFO  o.a.m.s.f.DefaultMavenResourcesFiltering - Copying 1 resource from src\main\resources to target\classes
2025-02-05 23:10:07,786 [Worker-42: Building] INFO  o.a.m.s.f.DefaultMavenResourcesFiltering - Copying 0 resource from src\main\resources to target\classes
2025-02-05 23:10:07,790 [Worker-42: Building] INFO  o.a.m.s.f.DefaultMavenResourcesFiltering - skip non existing resourceDirectory C:\Users\Samruddhi\OneDrive\Desktop\cdac-project\Celebrateit-backend\Celebrateit-backend\src\test\resources
2025-02-05 23:10:57,512 [Worker-42: Building] INFO  o.a.m.s.f.DefaultMavenResourcesFiltering - Copying 1 resource from src\main\resources to target\classes
2025-02-05 23:10:57,518 [Worker-42: Building] INFO  o.a.m.s.f.DefaultMavenResourcesFiltering - Copying 0 resource from src\main\resources to target\classes
2025-02-05 23:10:57,520 [Worker-42: Building] INFO  o.a.m.s.f.DefaultMavenResourcesFiltering - skip non existing resourceDirectory C:\Users\Samruddhi\OneDrive\Desktop\cdac-project\Celebrateit-backend\Celebrateit-backend\src\test\resources
2025-02-05 23:12:11,992 [Worker-31: Building] INFO  o.a.m.s.f.DefaultMavenResourcesFiltering - Copying 1 resource from src\main\resources to target\classes
2025-02-05 23:12:11,996 [Worker-31: Building] INFO  o.a.m.s.f.DefaultMavenResourcesFiltering - Copying 0 resource from src\main\resources to target\classes
2025-02-05 23:12:11,998 [Worker-31: Building] INFO  o.a.m.s.f.DefaultMavenResourcesFiltering - skip non existing resourceDirectory C:\Users\Samruddhi\OneDrive\Desktop\cdac-project\Celebrateit-backend\Celebrateit-backend\src\test\resources
2025-02-05 23:13:04,890 [Worker-31: Building] INFO  o.a.m.s.f.DefaultMavenResourcesFiltering - Copying 1 resource from src\main\resources to target\classes
2025-02-05 23:13:04,894 [Worker-31: Building] INFO  o.a.m.s.f.DefaultMavenResourcesFiltering - Copying 0 resource from src\main\resources to target\classes
2025-02-05 23:13:04,896 [Worker-31: Building] INFO  o.a.m.s.f.DefaultMavenResourcesFiltering - skip non existing resourceDirectory C:\Users\Samruddhi\OneDrive\Desktop\cdac-project\Celebrateit-backend\Celebrateit-backend\src\test\resources
2025-02-05 23:15:00,701 [Worker-31: Building] INFO  o.a.m.s.f.DefaultMavenResourcesFiltering - Copying 1 resource from src\main\resources to target\classes
2025-02-05 23:15:00,705 [Worker-31: Building] INFO  o.a.m.s.f.DefaultMavenResourcesFiltering - Copying 0 resource from src\main\resources to target\classes
2025-02-05 23:15:00,708 [Worker-31: Building] INFO  o.a.m.s.f.DefaultMavenResourcesFiltering - skip non existing resourceDirectory C:\Users\Samruddhi\OneDrive\Desktop\cdac-project\Celebrateit-backend\Celebrateit-backend\src\test\resources
2025-02-05 23:16:20,339 [Worker-42: Building] INFO  o.a.m.s.f.DefaultMavenResourcesFiltering - Copying 1 resource from src\main\resources to target\classes
2025-02-05 23:16:20,351 [Worker-42: Building] INFO  o.a.m.s.f.DefaultMavenResourcesFiltering - Copying 0 resource from src\main\resources to target\classes
2025-02-05 23:16:20,356 [Worker-42: Building] INFO  o.a.m.s.f.DefaultMavenResourcesFiltering - skip non existing resourceDirectory C:\Users\Samruddhi\OneDrive\Desktop\cdac-project\Celebrateit-backend\Celebrateit-backend\src\test\resources
2025-02-05 23:18:21,282 [Worker-42: Building] INFO  o.a.m.s.f.DefaultMavenResourcesFiltering - Copying 1 resource from src\main\resources to target\classes
2025-02-05 23:18:21,290 [Worker-42: Building] INFO  o.a.m.s.f.DefaultMavenResourcesFiltering - Copying 0 resource from src\main\resources to target\classes
2025-02-05 23:18:21,293 [Worker-42: Building] INFO  o.a.m.s.f.DefaultMavenResourcesFiltering - skip non existing resourceDirectory C:\Users\Samruddhi\OneDrive\Desktop\cdac-project\Celebrateit-backend\Celebrateit-backend\src\test\resources
2025-02-05 23:18:39,120 [Worker-42: Building] INFO  o.a.m.s.f.DefaultMavenResourcesFiltering - Copying 1 resource from src\main\resources to target\classes
2025-02-05 23:18:39,131 [Worker-42: Building] INFO  o.a.m.s.f.DefaultMavenResourcesFiltering - Copying 0 resource from src\main\resources to target\classes
2025-02-05 23:18:39,133 [Worker-42: Building] INFO  o.a.m.s.f.DefaultMavenResourcesFiltering - skip non existing resourceDirectory C:\Users\Samruddhi\OneDrive\Desktop\cdac-project\Celebrateit-backend\Celebrateit-backend\src\test\resources
2025-02-05 23:18:59,702 [Worker-40: Building] INFO  o.a.m.s.f.DefaultMavenResourcesFiltering - Copying 1 resource from src\main\resources to target\classes
2025-02-05 23:18:59,705 [Worker-40: Building] INFO  o.a.m.s.f.DefaultMavenResourcesFiltering - Copying 0 resource from src\main\resources to target\classes
2025-02-05 23:18:59,707 [Worker-40: Building] INFO  o.a.m.s.f.DefaultMavenResourcesFiltering - skip non existing resourceDirectory C:\Users\Samruddhi\OneDrive\Desktop\cdac-project\Celebrateit-backend\Celebrateit-backend\src\test\resources
2025-02-05 23:19:11,705 [Worker-28: Building] INFO  o.a.m.s.f.DefaultMavenResourcesFiltering - Copying 1 resource from src\main\resources to target\classes
2025-02-05 23:19:11,709 [Worker-28: Building] INFO  o.a.m.s.f.DefaultMavenResourcesFiltering - Copying 0 resource from src\main\resources to target\classes
2025-02-05 23:19:11,711 [Worker-28: Building] INFO  o.a.m.s.f.DefaultMavenResourcesFiltering - skip non existing resourceDirectory C:\Users\Samruddhi\OneDrive\Desktop\cdac-project\Celebrateit-backend\Celebrateit-backend\src\test\resources
2025-02-05 23:22:01,564 [Worker-42: Building] INFO  o.a.m.s.f.DefaultMavenResourcesFiltering - Copying 1 resource from src\main\resources to target\classes
2025-02-05 23:22:01,570 [Worker-42: Building] INFO  o.a.m.s.f.DefaultMavenResourcesFiltering - Copying 0 resource from src\main\resources to target\classes
2025-02-05 23:22:01,572 [Worker-42: Building] INFO  o.a.m.s.f.DefaultMavenResourcesFiltering - skip non existing resourceDirectory C:\Users\Samruddhi\OneDrive\Desktop\cdac-project\Celebrateit-backend\Celebrateit-backend\src\test\resources
2025-02-05 23:22:10,728 [Worker-42: Building] INFO  o.a.m.s.f.DefaultMavenResourcesFiltering - Copying 1 resource from src\main\resources to target\classes
2025-02-05 23:22:10,733 [Worker-42: Building] INFO  o.a.m.s.f.DefaultMavenResourcesFiltering - Copying 0 resource from src\main\resources to target\classes
2025-02-05 23:22:10,735 [Worker-42: Building] INFO  o.a.m.s.f.DefaultMavenResourcesFiltering - skip non existing resourceDirectory C:\Users\Samruddhi\OneDrive\Desktop\cdac-project\Celebrateit-backend\Celebrateit-backend\src\test\resources
2025-02-05 23:22:35,671 [Worker-41: Building] INFO  o.a.m.s.f.DefaultMavenResourcesFiltering - Copying 1 resource from src\main\resources to target\classes
2025-02-05 23:22:35,675 [Worker-41: Building] INFO  o.a.m.s.f.DefaultMavenResourcesFiltering - Copying 0 resource from src\main\resources to target\classes
2025-02-05 23:22:35,677 [Worker-41: Building] INFO  o.a.m.s.f.DefaultMavenResourcesFiltering - skip non existing resourceDirectory C:\Users\Samruddhi\OneDrive\Desktop\cdac-project\Celebrateit-backend\Celebrateit-backend\src\test\resources
2025-02-05 23:23:40,224 [Worker-44: Building] INFO  o.a.m.s.f.DefaultMavenResourcesFiltering - Copying 1 resource from src\main\resources to target\classes
2025-02-05 23:23:40,227 [Worker-44: Building] INFO  o.a.m.s.f.DefaultMavenResourcesFiltering - Copying 0 resource from src\main\resources to target\classes
2025-02-05 23:23:40,230 [Worker-44: Building] INFO  o.a.m.s.f.DefaultMavenResourcesFiltering - skip non existing resourceDirectory C:\Users\Samruddhi\OneDrive\Desktop\cdac-project\Celebrateit-backend\Celebrateit-backend\src\test\resources
2025-02-05 23:23:47,496 [Worker-44: Building] INFO  o.a.m.s.f.DefaultMavenResourcesFiltering - Copying 1 resource from src\main\resources to target\classes
2025-02-05 23:23:47,499 [Worker-44: Building] INFO  o.a.m.s.f.DefaultMavenResourcesFiltering - Copying 0 resource from src\main\resources to target\classes
2025-02-05 23:23:47,502 [Worker-44: Building] INFO  o.a.m.s.f.DefaultMavenResourcesFiltering - skip non existing resourceDirectory C:\Users\Samruddhi\OneDrive\Desktop\cdac-project\Celebrateit-backend\Celebrateit-backend\src\test\resources
2025-02-05 23:30:19,294 [Worker-47: Building] INFO  o.a.m.s.f.DefaultMavenResourcesFiltering - Copying 1 resource from src\main\resources to target\classes
2025-02-05 23:30:19,302 [Worker-47: Building] INFO  o.a.m.s.f.DefaultMavenResourcesFiltering - Copying 0 resource from src\main\resources to target\classes
2025-02-05 23:30:19,304 [Worker-47: Building] INFO  o.a.m.s.f.DefaultMavenResourcesFiltering - skip non existing resourceDirectory C:\Users\Samruddhi\OneDrive\Desktop\cdac-project\Celebrateit-backend\Celebrateit-backend\src\test\resources
2025-02-05 23:30:40,894 [main] INFO  o.e.m2e.actions.ExecutePomAction - Creating new launch configuration
2025-02-05 23:31:03,796 [main] INFO  o.e.m2e.actions.ExecutePomAction - Creating new launch configuration
2025-02-05 23:31:19,276 [Worker-44: Launching Celebrateit-backend (1)] INFO  o.eclipse.m2e.core.internal.Bundles - getClasspathEntries(Bundle=org.eclipse.m2e.maven.runtime_3.9.900.20240824-1409 [359])
2025-02-05 23:31:19,279 [Worker-44: Launching Celebrateit-backend (1)] INFO  o.eclipse.m2e.core.internal.Bundles - 	Entry: D:\sts-4.26.0.RELEASE\plugins\org.eclipse.m2e.maven.runtime_3.9.900.20240824-1409
2025-02-05 23:31:19,280 [Worker-44: Launching Celebrateit-backend (1)] INFO  o.eclipse.m2e.core.internal.Bundles - 	Entry: D:\sts-4.26.0.RELEASE\plugins\org.eclipse.m2e.maven.runtime_3.9.900.20240824-1409\jars\aopalliance-1.0.jar
2025-02-05 23:31:19,280 [Worker-44: Launching Celebrateit-backend (1)] INFO  o.eclipse.m2e.core.internal.Bundles - 	Entry: D:\sts-4.26.0.RELEASE\plugins\org.eclipse.m2e.maven.runtime_3.9.900.20240824-1409\jars\guice-5.1.0.jar
2025-02-05 23:31:19,280 [Worker-44: Launching Celebrateit-backend (1)] INFO  o.eclipse.m2e.core.internal.Bundles - 	Entry: D:\sts-4.26.0.RELEASE\plugins\org.eclipse.m2e.maven.runtime_3.9.900.20240824-1409\jars\httpclient-4.5.14.jar
2025-02-05 23:31:19,280 [Worker-44: Launching Celebrateit-backend (1)] INFO  o.eclipse.m2e.core.internal.Bundles - 	Entry: D:\sts-4.26.0.RELEASE\plugins\org.eclipse.m2e.maven.runtime_3.9.900.20240824-1409\jars\httpcore-4.4.16.jar
2025-02-05 23:31:19,280 [Worker-44: Launching Celebrateit-backend (1)] INFO  o.eclipse.m2e.core.internal.Bundles - 	Entry: D:\sts-4.26.0.RELEASE\plugins\org.eclipse.m2e.maven.runtime_3.9.900.20240824-1409\jars\jansi-2.4.1.jar
2025-02-05 23:31:19,280 [Worker-44: Launching Celebrateit-backend (1)] INFO  o.eclipse.m2e.core.internal.Bundles - 	Entry: D:\sts-4.26.0.RELEASE\plugins\org.eclipse.m2e.maven.runtime_3.9.900.20240824-1409\jars\jcl-over-slf4j-1.7.36.jar
2025-02-05 23:31:19,280 [Worker-44: Launching Celebrateit-backend (1)] INFO  o.eclipse.m2e.core.internal.Bundles - 	Entry: D:\sts-4.26.0.RELEASE\plugins\org.eclipse.m2e.maven.runtime_3.9.900.20240824-1409\jars\maven-artifact-3.9.9.jar
2025-02-05 23:31:19,280 [Worker-44: Launching Celebrateit-backend (1)] INFO  o.eclipse.m2e.core.internal.Bundles - 	Entry: D:\sts-4.26.0.RELEASE\plugins\org.eclipse.m2e.maven.runtime_3.9.900.20240824-1409\jars\maven-builder-support-3.9.9.jar
2025-02-05 23:31:19,280 [Worker-44: Launching Celebrateit-backend (1)] INFO  o.eclipse.m2e.core.internal.Bundles - 	Entry: D:\sts-4.26.0.RELEASE\plugins\org.eclipse.m2e.maven.runtime_3.9.900.20240824-1409\jars\maven-compat-3.9.9.jar
2025-02-05 23:31:19,280 [Worker-44: Launching Celebrateit-backend (1)] INFO  o.eclipse.m2e.core.internal.Bundles - 	Entry: D:\sts-4.26.0.RELEASE\plugins\org.eclipse.m2e.maven.runtime_3.9.900.20240824-1409\jars\maven-core-3.9.9.jar
2025-02-05 23:31:19,281 [Worker-44: Launching Celebrateit-backend (1)] INFO  o.eclipse.m2e.core.internal.Bundles - 	Entry: D:\sts-4.26.0.RELEASE\plugins\org.eclipse.m2e.maven.runtime_3.9.900.20240824-1409\jars\maven-embedder-3.9.9.jar
2025-02-05 23:31:19,281 [Worker-44: Launching Celebrateit-backend (1)] INFO  o.eclipse.m2e.core.internal.Bundles - 	Entry: D:\sts-4.26.0.RELEASE\plugins\org.eclipse.m2e.maven.runtime_3.9.900.20240824-1409\jars\maven-model-3.9.9.jar
2025-02-05 23:31:19,281 [Worker-44: Launching Celebrateit-backend (1)] INFO  o.eclipse.m2e.core.internal.Bundles - 	Entry: D:\sts-4.26.0.RELEASE\plugins\org.eclipse.m2e.maven.runtime_3.9.900.20240824-1409\jars\maven-model-builder-3.9.9.jar
2025-02-05 23:31:19,281 [Worker-44: Launching Celebrateit-backend (1)] INFO  o.eclipse.m2e.core.internal.Bundles - 	Entry: D:\sts-4.26.0.RELEASE\plugins\org.eclipse.m2e.maven.runtime_3.9.900.20240824-1409\jars\maven-plugin-api-3.9.9.jar
2025-02-05 23:31:19,281 [Worker-44: Launching Celebrateit-backend (1)] INFO  o.eclipse.m2e.core.internal.Bundles - 	Entry: D:\sts-4.26.0.RELEASE\plugins\org.eclipse.m2e.maven.runtime_3.9.900.20240824-1409\jars\maven-repository-metadata-3.9.9.jar
2025-02-05 23:31:19,281 [Worker-44: Launching Celebrateit-backend (1)] INFO  o.eclipse.m2e.core.internal.Bundles - 	Entry: D:\sts-4.26.0.RELEASE\plugins\org.eclipse.m2e.maven.runtime_3.9.900.20240824-1409\jars\maven-resolver-api-1.9.22.jar
2025-02-05 23:31:19,281 [Worker-44: Launching Celebrateit-backend (1)] INFO  o.eclipse.m2e.core.internal.Bundles - 	Entry: D:\sts-4.26.0.RELEASE\plugins\org.eclipse.m2e.maven.runtime_3.9.900.20240824-1409\jars\maven-resolver-connector-basic-1.9.22.jar
2025-02-05 23:31:19,281 [Worker-44: Launching Celebrateit-backend (1)] INFO  o.eclipse.m2e.core.internal.Bundles - 	Entry: D:\sts-4.26.0.RELEASE\plugins\org.eclipse.m2e.maven.runtime_3.9.900.20240824-1409\jars\maven-resolver-impl-1.9.22.jar
2025-02-05 23:31:19,281 [Worker-44: Launching Celebrateit-backend (1)] INFO  o.eclipse.m2e.core.internal.Bundles - 	Entry: D:\sts-4.26.0.RELEASE\plugins\org.eclipse.m2e.maven.runtime_3.9.900.20240824-1409\jars\maven-resolver-named-locks-1.9.22.jar
2025-02-05 23:31:19,281 [Worker-44: Launching Celebrateit-backend (1)] INFO  o.eclipse.m2e.core.internal.Bundles - 	Entry: D:\sts-4.26.0.RELEASE\plugins\org.eclipse.m2e.maven.runtime_3.9.900.20240824-1409\jars\maven-resolver-provider-3.9.9.jar
2025-02-05 23:31:19,281 [Worker-44: Launching Celebrateit-backend (1)] INFO  o.eclipse.m2e.core.internal.Bundles - 	Entry: D:\sts-4.26.0.RELEASE\plugins\org.eclipse.m2e.maven.runtime_3.9.900.20240824-1409\jars\maven-resolver-spi-1.9.22.jar
2025-02-05 23:31:19,281 [Worker-44: Launching Celebrateit-backend (1)] INFO  o.eclipse.m2e.core.internal.Bundles - 	Entry: D:\sts-4.26.0.RELEASE\plugins\org.eclipse.m2e.maven.runtime_3.9.900.20240824-1409\jars\maven-resolver-transport-file-1.9.22.jar
2025-02-05 23:31:19,281 [Worker-44: Launching Celebrateit-backend (1)] INFO  o.eclipse.m2e.core.internal.Bundles - 	Entry: D:\sts-4.26.0.RELEASE\plugins\org.eclipse.m2e.maven.runtime_3.9.900.20240824-1409\jars\maven-resolver-transport-http-1.9.22.jar
2025-02-05 23:31:19,281 [Worker-44: Launching Celebrateit-backend (1)] INFO  o.eclipse.m2e.core.internal.Bundles - 	Entry: D:\sts-4.26.0.RELEASE\plugins\org.eclipse.m2e.maven.runtime_3.9.900.20240824-1409\jars\maven-resolver-transport-wagon-1.9.22.jar
2025-02-05 23:31:19,282 [Worker-44: Launching Celebrateit-backend (1)] INFO  o.eclipse.m2e.core.internal.Bundles - 	Entry: D:\sts-4.26.0.RELEASE\plugins\org.eclipse.m2e.maven.runtime_3.9.900.20240824-1409\jars\maven-resolver-util-1.9.22.jar
2025-02-05 23:31:19,282 [Worker-44: Launching Celebrateit-backend (1)] INFO  o.eclipse.m2e.core.internal.Bundles - 	Entry: D:\sts-4.26.0.RELEASE\plugins\org.eclipse.m2e.maven.runtime_3.9.900.20240824-1409\jars\maven-settings-3.9.9.jar
2025-02-05 23:31:19,282 [Worker-44: Launching Celebrateit-backend (1)] INFO  o.eclipse.m2e.core.internal.Bundles - 	Entry: D:\sts-4.26.0.RELEASE\plugins\org.eclipse.m2e.maven.runtime_3.9.900.20240824-1409\jars\maven-settings-builder-3.9.9.jar
2025-02-05 23:31:19,282 [Worker-44: Launching Celebrateit-backend (1)] INFO  o.eclipse.m2e.core.internal.Bundles - 	Entry: D:\sts-4.26.0.RELEASE\plugins\org.eclipse.m2e.maven.runtime_3.9.900.20240824-1409\jars\maven-shared-utils-3.4.2.jar
2025-02-05 23:31:19,282 [Worker-44: Launching Celebrateit-backend (1)] INFO  o.eclipse.m2e.core.internal.Bundles - 	Entry: D:\sts-4.26.0.RELEASE\plugins\org.eclipse.m2e.maven.runtime_3.9.900.20240824-1409\jars\org.eclipse.sisu.inject-0.9.0.M3.jar
2025-02-05 23:31:19,282 [Worker-44: Launching Celebrateit-backend (1)] INFO  o.eclipse.m2e.core.internal.Bundles - 	Entry: D:\sts-4.26.0.RELEASE\plugins\org.eclipse.m2e.maven.runtime_3.9.900.20240824-1409\jars\org.eclipse.sisu.plexus-0.9.0.M3.jar
2025-02-05 23:31:19,282 [Worker-44: Launching Celebrateit-backend (1)] INFO  o.eclipse.m2e.core.internal.Bundles - 	Entry: D:\sts-4.26.0.RELEASE\plugins\org.eclipse.m2e.maven.runtime_3.9.900.20240824-1409\jars\plexus-build-api-0.0.7.jar
2025-02-05 23:31:19,282 [Worker-44: Launching Celebrateit-backend (1)] INFO  o.eclipse.m2e.core.internal.Bundles - 	Entry: D:\sts-4.26.0.RELEASE\plugins\org.eclipse.m2e.maven.runtime_3.9.900.20240824-1409\jars\plexus-build-api-1.2.0.jar
2025-02-05 23:31:19,282 [Worker-44: Launching Celebrateit-backend (1)] INFO  o.eclipse.m2e.core.internal.Bundles - 	Entry: D:\sts-4.26.0.RELEASE\plugins\org.eclipse.m2e.maven.runtime_3.9.900.20240824-1409\jars\plexus-cipher-2.0.jar
2025-02-05 23:31:19,282 [Worker-44: Launching Celebrateit-backend (1)] INFO  o.eclipse.m2e.core.internal.Bundles - 	Entry: D:\sts-4.26.0.RELEASE\plugins\org.eclipse.m2e.maven.runtime_3.9.900.20240824-1409\jars\plexus-classworlds-2.8.0.jar
2025-02-05 23:31:19,282 [Worker-44: Launching Celebrateit-backend (1)] INFO  o.eclipse.m2e.core.internal.Bundles - 	Entry: D:\sts-4.26.0.RELEASE\plugins\org.eclipse.m2e.maven.runtime_3.9.900.20240824-1409\jars\plexus-component-annotations-2.1.0.jar
2025-02-05 23:31:19,282 [Worker-44: Launching Celebrateit-backend (1)] INFO  o.eclipse.m2e.core.internal.Bundles - 	Entry: D:\sts-4.26.0.RELEASE\plugins\org.eclipse.m2e.maven.runtime_3.9.900.20240824-1409\jars\plexus-interpolation-1.27.jar
2025-02-05 23:31:19,282 [Worker-44: Launching Celebrateit-backend (1)] INFO  o.eclipse.m2e.core.internal.Bundles - 	Entry: D:\sts-4.26.0.RELEASE\plugins\org.eclipse.m2e.maven.runtime_3.9.900.20240824-1409\jars\plexus-sec-dispatcher-2.0.jar
2025-02-05 23:31:19,282 [Worker-44: Launching Celebrateit-backend (1)] INFO  o.eclipse.m2e.core.internal.Bundles - 	Entry: D:\sts-4.26.0.RELEASE\plugins\org.eclipse.m2e.maven.runtime_3.9.900.20240824-1409\jars\plexus-utils-3.5.1.jar
2025-02-05 23:31:19,282 [Worker-44: Launching Celebrateit-backend (1)] INFO  o.eclipse.m2e.core.internal.Bundles - 	Entry: D:\sts-4.26.0.RELEASE\plugins\org.eclipse.m2e.maven.runtime_3.9.900.20240824-1409\jars\plexus-xml-3.0.1.jar
2025-02-05 23:31:19,282 [Worker-44: Launching Celebrateit-backend (1)] INFO  o.eclipse.m2e.core.internal.Bundles - 	Entry: D:\sts-4.26.0.RELEASE\plugins\org.eclipse.m2e.maven.runtime_3.9.900.20240824-1409\jars\wagon-file-3.5.3.jar
2025-02-05 23:31:19,282 [Worker-44: Launching Celebrateit-backend (1)] INFO  o.eclipse.m2e.core.internal.Bundles - 	Entry: D:\sts-4.26.0.RELEASE\plugins\org.eclipse.m2e.maven.runtime_3.9.900.20240824-1409\jars\wagon-http-3.5.3.jar
2025-02-05 23:31:19,282 [Worker-44: Launching Celebrateit-backend (1)] INFO  o.eclipse.m2e.core.internal.Bundles - 	Entry: D:\sts-4.26.0.RELEASE\plugins\org.eclipse.m2e.maven.runtime_3.9.900.20240824-1409\jars\wagon-http-shared-3.5.3.jar
2025-02-05 23:31:19,282 [Worker-44: Launching Celebrateit-backend (1)] INFO  o.eclipse.m2e.core.internal.Bundles - 	Entry: D:\sts-4.26.0.RELEASE\plugins\org.eclipse.m2e.maven.runtime_3.9.900.20240824-1409\jars\wagon-provider-api-3.5.3.jar
2025-02-05 23:31:19,285 [Worker-44: Launching Celebrateit-backend (1)] INFO  o.eclipse.m2e.core.internal.Bundles - getClasspathEntries(Bundle=com.google.guava_33.3.0.jre [29])
2025-02-05 23:31:19,285 [Worker-44: Launching Celebrateit-backend (1)] INFO  o.eclipse.m2e.core.internal.Bundles - 	Entry: D:\sts-4.26.0.RELEASE\plugins\com.google.guava_33.3.0.jre.jar
2025-02-05 23:31:19,285 [Worker-44: Launching Celebrateit-backend (1)] INFO  o.eclipse.m2e.core.internal.Bundles - getClasspathEntries(Bundle=slf4j.api_2.0.16 [592])
2025-02-05 23:31:19,285 [Worker-44: Launching Celebrateit-backend (1)] INFO  o.eclipse.m2e.core.internal.Bundles - 	Entry: D:\sts-4.26.0.RELEASE\plugins\slf4j.api_2.0.16.jar
2025-02-05 23:31:19,285 [Worker-44: Launching Celebrateit-backend (1)] INFO  o.eclipse.m2e.core.internal.Bundles - getClasspathEntries(Bundle=jakarta.inject.jakarta.inject-api_1.0.5 [45])
2025-02-05 23:31:19,286 [Worker-44: Launching Celebrateit-backend (1)] INFO  o.eclipse.m2e.core.internal.Bundles - 	Entry: D:\sts-4.26.0.RELEASE\plugins\jakarta.inject.jakarta.inject-api_1.0.5.jar
2025-02-05 23:31:19,286 [Worker-44: Launching Celebrateit-backend (1)] INFO  o.eclipse.m2e.core.internal.Bundles - getClasspathEntries(Bundle=jakarta.annotation-api_1.3.5 [41])
2025-02-05 23:31:19,286 [Worker-44: Launching Celebrateit-backend (1)] INFO  o.eclipse.m2e.core.internal.Bundles - 	Entry: D:\sts-4.26.0.RELEASE\plugins\jakarta.annotation-api_1.3.5.jar
2025-02-05 23:31:19,286 [Worker-44: Launching Celebrateit-backend (1)] INFO  o.eclipse.m2e.core.internal.Bundles - getClasspathEntries(Bundle=org.apache.commons.cli_1.9.0 [77])
2025-02-05 23:31:19,286 [Worker-44: Launching Celebrateit-backend (1)] INFO  o.eclipse.m2e.core.internal.Bundles - 	Entry: D:\sts-4.26.0.RELEASE\plugins\org.apache.commons.cli_1.9.0.jar
2025-02-05 23:31:19,286 [Worker-44: Launching Celebrateit-backend (1)] INFO  o.eclipse.m2e.core.internal.Bundles - getClasspathEntries(Bundle=org.apache.commons.commons-codec_1.16.0 [80])
2025-02-05 23:31:19,287 [Worker-44: Launching Celebrateit-backend (1)] INFO  o.eclipse.m2e.core.internal.Bundles - 	Entry: D:\sts-4.26.0.RELEASE\plugins\org.apache.commons.commons-codec_1.16.0.jar
2025-02-05 23:31:19,287 [Worker-44: Launching Celebrateit-backend (1)] INFO  o.eclipse.m2e.core.internal.Bundles - getClasspathEntries(Bundle=com.google.guava.failureaccess_1.0.2 [30])
2025-02-05 23:31:19,287 [Worker-44: Launching Celebrateit-backend (1)] INFO  o.eclipse.m2e.core.internal.Bundles - 	Entry: D:\sts-4.26.0.RELEASE\plugins\com.google.guava.failureaccess_1.0.2.jar
2025-02-05 23:31:19,289 [Worker-44: Launching Celebrateit-backend (1)] INFO  o.e.m.i.launch.MavenLaunchDelegate - Run build in "C:\Users\Samruddhi\OneDrive\Desktop\cdac-project\Celebrateit-backend\Celebrateit-backend":
2025-02-05 23:31:19,290 [Worker-44: Launching Celebrateit-backend (1)] INFO  o.e.m.i.launch.MavenLaunchDelegate -  mvn  -B -Dstyle.color=always 
2025-02-05 23:31:19,525 [Worker-48: Building] INFO  o.a.m.s.f.DefaultMavenResourcesFiltering - Copying 1 resource from src\main\resources to target\classes
2025-02-05 23:31:19,532 [Worker-48: Building] INFO  o.a.m.s.f.DefaultMavenResourcesFiltering - Copying 0 resource from src\main\resources to target\classes
2025-02-05 23:31:19,535 [Worker-48: Building] INFO  o.a.m.s.f.DefaultMavenResourcesFiltering - skip non existing resourceDirectory C:\Users\Samruddhi\OneDrive\Desktop\cdac-project\Celebrateit-backend\Celebrateit-backend\src\test\resources
2025-02-05 23:31:37,076 [main] INFO  o.e.m2e.actions.ExecutePomAction - Creating new launch configuration
2025-02-05 23:31:47,453 [Worker-47: Launching Celebrateit-backend (3)] INFO  o.eclipse.m2e.core.internal.Bundles - getClasspathEntries(Bundle=org.eclipse.m2e.maven.runtime_3.9.900.20240824-1409 [359])
2025-02-05 23:31:47,453 [Worker-47: Launching Celebrateit-backend (3)] INFO  o.eclipse.m2e.core.internal.Bundles - 	Entry: D:\sts-4.26.0.RELEASE\plugins\org.eclipse.m2e.maven.runtime_3.9.900.20240824-1409
2025-02-05 23:31:47,454 [Worker-47: Launching Celebrateit-backend (3)] INFO  o.eclipse.m2e.core.internal.Bundles - 	Entry: D:\sts-4.26.0.RELEASE\plugins\org.eclipse.m2e.maven.runtime_3.9.900.20240824-1409\jars\aopalliance-1.0.jar
2025-02-05 23:31:47,454 [Worker-47: Launching Celebrateit-backend (3)] INFO  o.eclipse.m2e.core.internal.Bundles - 	Entry: D:\sts-4.26.0.RELEASE\plugins\org.eclipse.m2e.maven.runtime_3.9.900.20240824-1409\jars\guice-5.1.0.jar
2025-02-05 23:31:47,454 [Worker-47: Launching Celebrateit-backend (3)] INFO  o.eclipse.m2e.core.internal.Bundles - 	Entry: D:\sts-4.26.0.RELEASE\plugins\org.eclipse.m2e.maven.runtime_3.9.900.20240824-1409\jars\httpclient-4.5.14.jar
2025-02-05 23:31:47,454 [Worker-47: Launching Celebrateit-backend (3)] INFO  o.eclipse.m2e.core.internal.Bundles - 	Entry: D:\sts-4.26.0.RELEASE\plugins\org.eclipse.m2e.maven.runtime_3.9.900.20240824-1409\jars\httpcore-4.4.16.jar
2025-02-05 23:31:47,454 [Worker-47: Launching Celebrateit-backend (3)] INFO  o.eclipse.m2e.core.internal.Bundles - 	Entry: D:\sts-4.26.0.RELEASE\plugins\org.eclipse.m2e.maven.runtime_3.9.900.20240824-1409\jars\jansi-2.4.1.jar
2025-02-05 23:31:47,454 [Worker-47: Launching Celebrateit-backend (3)] INFO  o.eclipse.m2e.core.internal.Bundles - 	Entry: D:\sts-4.26.0.RELEASE\plugins\org.eclipse.m2e.maven.runtime_3.9.900.20240824-1409\jars\jcl-over-slf4j-1.7.36.jar
2025-02-05 23:31:47,454 [Worker-47: Launching Celebrateit-backend (3)] INFO  o.eclipse.m2e.core.internal.Bundles - 	Entry: D:\sts-4.26.0.RELEASE\plugins\org.eclipse.m2e.maven.runtime_3.9.900.20240824-1409\jars\maven-artifact-3.9.9.jar
2025-02-05 23:31:47,454 [Worker-47: Launching Celebrateit-backend (3)] INFO  o.eclipse.m2e.core.internal.Bundles - 	Entry: D:\sts-4.26.0.RELEASE\plugins\org.eclipse.m2e.maven.runtime_3.9.900.20240824-1409\jars\maven-builder-support-3.9.9.jar
2025-02-05 23:31:47,454 [Worker-47: Launching Celebrateit-backend (3)] INFO  o.eclipse.m2e.core.internal.Bundles - 	Entry: D:\sts-4.26.0.RELEASE\plugins\org.eclipse.m2e.maven.runtime_3.9.900.20240824-1409\jars\maven-compat-3.9.9.jar
2025-02-05 23:31:47,454 [Worker-47: Launching Celebrateit-backend (3)] INFO  o.eclipse.m2e.core.internal.Bundles - 	Entry: D:\sts-4.26.0.RELEASE\plugins\org.eclipse.m2e.maven.runtime_3.9.900.20240824-1409\jars\maven-core-3.9.9.jar
2025-02-05 23:31:47,454 [Worker-47: Launching Celebrateit-backend (3)] INFO  o.eclipse.m2e.core.internal.Bundles - 	Entry: D:\sts-4.26.0.RELEASE\plugins\org.eclipse.m2e.maven.runtime_3.9.900.20240824-1409\jars\maven-embedder-3.9.9.jar
2025-02-05 23:31:47,454 [Worker-47: Launching Celebrateit-backend (3)] INFO  o.eclipse.m2e.core.internal.Bundles - 	Entry: D:\sts-4.26.0.RELEASE\plugins\org.eclipse.m2e.maven.runtime_3.9.900.20240824-1409\jars\maven-model-3.9.9.jar
2025-02-05 23:31:47,454 [Worker-47: Launching Celebrateit-backend (3)] INFO  o.eclipse.m2e.core.internal.Bundles - 	Entry: D:\sts-4.26.0.RELEASE\plugins\org.eclipse.m2e.maven.runtime_3.9.900.20240824-1409\jars\maven-model-builder-3.9.9.jar
2025-02-05 23:31:47,454 [Worker-47: Launching Celebrateit-backend (3)] INFO  o.eclipse.m2e.core.internal.Bundles - 	Entry: D:\sts-4.26.0.RELEASE\plugins\org.eclipse.m2e.maven.runtime_3.9.900.20240824-1409\jars\maven-plugin-api-3.9.9.jar
2025-02-05 23:31:47,454 [Worker-47: Launching Celebrateit-backend (3)] INFO  o.eclipse.m2e.core.internal.Bundles - 	Entry: D:\sts-4.26.0.RELEASE\plugins\org.eclipse.m2e.maven.runtime_3.9.900.20240824-1409\jars\maven-repository-metadata-3.9.9.jar
2025-02-05 23:31:47,454 [Worker-47: Launching Celebrateit-backend (3)] INFO  o.eclipse.m2e.core.internal.Bundles - 	Entry: D:\sts-4.26.0.RELEASE\plugins\org.eclipse.m2e.maven.runtime_3.9.900.20240824-1409\jars\maven-resolver-api-1.9.22.jar
2025-02-05 23:31:47,454 [Worker-47: Launching Celebrateit-backend (3)] INFO  o.eclipse.m2e.core.internal.Bundles - 	Entry: D:\sts-4.26.0.RELEASE\plugins\org.eclipse.m2e.maven.runtime_3.9.900.20240824-1409\jars\maven-resolver-connector-basic-1.9.22.jar
2025-02-05 23:31:47,454 [Worker-47: Launching Celebrateit-backend (3)] INFO  o.eclipse.m2e.core.internal.Bundles - 	Entry: D:\sts-4.26.0.RELEASE\plugins\org.eclipse.m2e.maven.runtime_3.9.900.20240824-1409\jars\maven-resolver-impl-1.9.22.jar
2025-02-05 23:31:47,454 [Worker-47: Launching Celebrateit-backend (3)] INFO  o.eclipse.m2e.core.internal.Bundles - 	Entry: D:\sts-4.26.0.RELEASE\plugins\org.eclipse.m2e.maven.runtime_3.9.900.20240824-1409\jars\maven-resolver-named-locks-1.9.22.jar
2025-02-05 23:31:47,454 [Worker-47: Launching Celebrateit-backend (3)] INFO  o.eclipse.m2e.core.internal.Bundles - 	Entry: D:\sts-4.26.0.RELEASE\plugins\org.eclipse.m2e.maven.runtime_3.9.900.20240824-1409\jars\maven-resolver-provider-3.9.9.jar
2025-02-05 23:31:47,454 [Worker-47: Launching Celebrateit-backend (3)] INFO  o.eclipse.m2e.core.internal.Bundles - 	Entry: D:\sts-4.26.0.RELEASE\plugins\org.eclipse.m2e.maven.runtime_3.9.900.20240824-1409\jars\maven-resolver-spi-1.9.22.jar
2025-02-05 23:31:47,454 [Worker-47: Launching Celebrateit-backend (3)] INFO  o.eclipse.m2e.core.internal.Bundles - 	Entry: D:\sts-4.26.0.RELEASE\plugins\org.eclipse.m2e.maven.runtime_3.9.900.20240824-1409\jars\maven-resolver-transport-file-1.9.22.jar
2025-02-05 23:31:47,454 [Worker-47: Launching Celebrateit-backend (3)] INFO  o.eclipse.m2e.core.internal.Bundles - 	Entry: D:\sts-4.26.0.RELEASE\plugins\org.eclipse.m2e.maven.runtime_3.9.900.20240824-1409\jars\maven-resolver-transport-http-1.9.22.jar
2025-02-05 23:31:47,454 [Worker-47: Launching Celebrateit-backend (3)] INFO  o.eclipse.m2e.core.internal.Bundles - 	Entry: D:\sts-4.26.0.RELEASE\plugins\org.eclipse.m2e.maven.runtime_3.9.900.20240824-1409\jars\maven-resolver-transport-wagon-1.9.22.jar
2025-02-05 23:31:47,454 [Worker-47: Launching Celebrateit-backend (3)] INFO  o.eclipse.m2e.core.internal.Bundles - 	Entry: D:\sts-4.26.0.RELEASE\plugins\org.eclipse.m2e.maven.runtime_3.9.900.20240824-1409\jars\maven-resolver-util-1.9.22.jar
2025-02-05 23:31:47,456 [Worker-47: Launching Celebrateit-backend (3)] INFO  o.eclipse.m2e.core.internal.Bundles - 	Entry: D:\sts-4.26.0.RELEASE\plugins\org.eclipse.m2e.maven.runtime_3.9.900.20240824-1409\jars\maven-settings-3.9.9.jar
2025-02-05 23:31:47,456 [Worker-47: Launching Celebrateit-backend (3)] INFO  o.eclipse.m2e.core.internal.Bundles - 	Entry: D:\sts-4.26.0.RELEASE\plugins\org.eclipse.m2e.maven.runtime_3.9.900.20240824-1409\jars\maven-settings-builder-3.9.9.jar
2025-02-05 23:31:47,456 [Worker-47: Launching Celebrateit-backend (3)] INFO  o.eclipse.m2e.core.internal.Bundles - 	Entry: D:\sts-4.26.0.RELEASE\plugins\org.eclipse.m2e.maven.runtime_3.9.900.20240824-1409\jars\maven-shared-utils-3.4.2.jar
2025-02-05 23:31:47,456 [Worker-47: Launching Celebrateit-backend (3)] INFO  o.eclipse.m2e.core.internal.Bundles - 	Entry: D:\sts-4.26.0.RELEASE\plugins\org.eclipse.m2e.maven.runtime_3.9.900.20240824-1409\jars\org.eclipse.sisu.inject-0.9.0.M3.jar
2025-02-05 23:31:47,456 [Worker-47: Launching Celebrateit-backend (3)] INFO  o.eclipse.m2e.core.internal.Bundles - 	Entry: D:\sts-4.26.0.RELEASE\plugins\org.eclipse.m2e.maven.runtime_3.9.900.20240824-1409\jars\org.eclipse.sisu.plexus-0.9.0.M3.jar
2025-02-05 23:31:47,456 [Worker-47: Launching Celebrateit-backend (3)] INFO  o.eclipse.m2e.core.internal.Bundles - 	Entry: D:\sts-4.26.0.RELEASE\plugins\org.eclipse.m2e.maven.runtime_3.9.900.20240824-1409\jars\plexus-build-api-0.0.7.jar
2025-02-05 23:31:47,456 [Worker-47: Launching Celebrateit-backend (3)] INFO  o.eclipse.m2e.core.internal.Bundles - 	Entry: D:\sts-4.26.0.RELEASE\plugins\org.eclipse.m2e.maven.runtime_3.9.900.20240824-1409\jars\plexus-build-api-1.2.0.jar
2025-02-05 23:31:47,456 [Worker-47: Launching Celebrateit-backend (3)] INFO  o.eclipse.m2e.core.internal.Bundles - 	Entry: D:\sts-4.26.0.RELEASE\plugins\org.eclipse.m2e.maven.runtime_3.9.900.20240824-1409\jars\plexus-cipher-2.0.jar
2025-02-05 23:31:47,456 [Worker-47: Launching Celebrateit-backend (3)] INFO  o.eclipse.m2e.core.internal.Bundles - 	Entry: D:\sts-4.26.0.RELEASE\plugins\org.eclipse.m2e.maven.runtime_3.9.900.20240824-1409\jars\plexus-classworlds-2.8.0.jar
2025-02-05 23:31:47,456 [Worker-47: Launching Celebrateit-backend (3)] INFO  o.eclipse.m2e.core.internal.Bundles - 	Entry: D:\sts-4.26.0.RELEASE\plugins\org.eclipse.m2e.maven.runtime_3.9.900.20240824-1409\jars\plexus-component-annotations-2.1.0.jar
2025-02-05 23:31:47,456 [Worker-47: Launching Celebrateit-backend (3)] INFO  o.eclipse.m2e.core.internal.Bundles - 	Entry: D:\sts-4.26.0.RELEASE\plugins\org.eclipse.m2e.maven.runtime_3.9.900.20240824-1409\jars\plexus-interpolation-1.27.jar
2025-02-05 23:31:47,456 [Worker-47: Launching Celebrateit-backend (3)] INFO  o.eclipse.m2e.core.internal.Bundles - 	Entry: D:\sts-4.26.0.RELEASE\plugins\org.eclipse.m2e.maven.runtime_3.9.900.20240824-1409\jars\plexus-sec-dispatcher-2.0.jar
2025-02-05 23:31:47,456 [Worker-47: Launching Celebrateit-backend (3)] INFO  o.eclipse.m2e.core.internal.Bundles - 	Entry: D:\sts-4.26.0.RELEASE\plugins\org.eclipse.m2e.maven.runtime_3.9.900.20240824-1409\jars\plexus-utils-3.5.1.jar
2025-02-05 23:31:47,456 [Worker-47: Launching Celebrateit-backend (3)] INFO  o.eclipse.m2e.core.internal.Bundles - 	Entry: D:\sts-4.26.0.RELEASE\plugins\org.eclipse.m2e.maven.runtime_3.9.900.20240824-1409\jars\plexus-xml-3.0.1.jar
2025-02-05 23:31:47,456 [Worker-47: Launching Celebrateit-backend (3)] INFO  o.eclipse.m2e.core.internal.Bundles - 	Entry: D:\sts-4.26.0.RELEASE\plugins\org.eclipse.m2e.maven.runtime_3.9.900.20240824-1409\jars\wagon-file-3.5.3.jar
2025-02-05 23:31:47,456 [Worker-47: Launching Celebrateit-backend (3)] INFO  o.eclipse.m2e.core.internal.Bundles - 	Entry: D:\sts-4.26.0.RELEASE\plugins\org.eclipse.m2e.maven.runtime_3.9.900.20240824-1409\jars\wagon-http-3.5.3.jar
2025-02-05 23:31:47,456 [Worker-47: Launching Celebrateit-backend (3)] INFO  o.eclipse.m2e.core.internal.Bundles - 	Entry: D:\sts-4.26.0.RELEASE\plugins\org.eclipse.m2e.maven.runtime_3.9.900.20240824-1409\jars\wagon-http-shared-3.5.3.jar
2025-02-05 23:31:47,456 [Worker-47: Launching Celebrateit-backend (3)] INFO  o.eclipse.m2e.core.internal.Bundles - 	Entry: D:\sts-4.26.0.RELEASE\plugins\org.eclipse.m2e.maven.runtime_3.9.900.20240824-1409\jars\wagon-provider-api-3.5.3.jar
2025-02-05 23:31:47,456 [Worker-47: Launching Celebrateit-backend (3)] INFO  o.eclipse.m2e.core.internal.Bundles - getClasspathEntries(Bundle=com.google.guava_33.3.0.jre [29])
2025-02-05 23:31:47,456 [Worker-47: Launching Celebrateit-backend (3)] INFO  o.eclipse.m2e.core.internal.Bundles - 	Entry: D:\sts-4.26.0.RELEASE\plugins\com.google.guava_33.3.0.jre.jar
2025-02-05 23:31:47,456 [Worker-47: Launching Celebrateit-backend (3)] INFO  o.eclipse.m2e.core.internal.Bundles - getClasspathEntries(Bundle=slf4j.api_2.0.16 [592])
2025-02-05 23:31:47,457 [Worker-47: Launching Celebrateit-backend (3)] INFO  o.eclipse.m2e.core.internal.Bundles - 	Entry: D:\sts-4.26.0.RELEASE\plugins\slf4j.api_2.0.16.jar
2025-02-05 23:31:47,457 [Worker-47: Launching Celebrateit-backend (3)] INFO  o.eclipse.m2e.core.internal.Bundles - getClasspathEntries(Bundle=jakarta.inject.jakarta.inject-api_1.0.5 [45])
2025-02-05 23:31:47,457 [Worker-47: Launching Celebrateit-backend (3)] INFO  o.eclipse.m2e.core.internal.Bundles - 	Entry: D:\sts-4.26.0.RELEASE\plugins\jakarta.inject.jakarta.inject-api_1.0.5.jar
2025-02-05 23:31:47,457 [Worker-47: Launching Celebrateit-backend (3)] INFO  o.eclipse.m2e.core.internal.Bundles - getClasspathEntries(Bundle=jakarta.annotation-api_1.3.5 [41])
2025-02-05 23:31:47,457 [Worker-47: Launching Celebrateit-backend (3)] INFO  o.eclipse.m2e.core.internal.Bundles - 	Entry: D:\sts-4.26.0.RELEASE\plugins\jakarta.annotation-api_1.3.5.jar
2025-02-05 23:31:47,457 [Worker-47: Launching Celebrateit-backend (3)] INFO  o.eclipse.m2e.core.internal.Bundles - getClasspathEntries(Bundle=org.apache.commons.cli_1.9.0 [77])
2025-02-05 23:31:47,457 [Worker-47: Launching Celebrateit-backend (3)] INFO  o.eclipse.m2e.core.internal.Bundles - 	Entry: D:\sts-4.26.0.RELEASE\plugins\org.apache.commons.cli_1.9.0.jar
2025-02-05 23:31:47,457 [Worker-47: Launching Celebrateit-backend (3)] INFO  o.eclipse.m2e.core.internal.Bundles - getClasspathEntries(Bundle=org.apache.commons.commons-codec_1.16.0 [80])
2025-02-05 23:31:47,457 [Worker-47: Launching Celebrateit-backend (3)] INFO  o.eclipse.m2e.core.internal.Bundles - 	Entry: D:\sts-4.26.0.RELEASE\plugins\org.apache.commons.commons-codec_1.16.0.jar
2025-02-05 23:31:47,457 [Worker-47: Launching Celebrateit-backend (3)] INFO  o.eclipse.m2e.core.internal.Bundles - getClasspathEntries(Bundle=com.google.guava.failureaccess_1.0.2 [30])
2025-02-05 23:31:47,457 [Worker-47: Launching Celebrateit-backend (3)] INFO  o.eclipse.m2e.core.internal.Bundles - 	Entry: D:\sts-4.26.0.RELEASE\plugins\com.google.guava.failureaccess_1.0.2.jar
2025-02-05 23:31:47,458 [Worker-47: Launching Celebrateit-backend (3)] INFO  o.e.m.i.launch.MavenLaunchDelegate - Run build in "C:\Users\Samruddhi\OneDrive\Desktop\cdac-project\Celebrateit-backend\Celebrateit-backend":
2025-02-05 23:31:47,458 [Worker-47: Launching Celebrateit-backend (3)] INFO  o.e.m.i.launch.MavenLaunchDelegate -  mvn  -B -Dstyle.color=always clean compile
2025-02-07 00:06:48,191 [Worker-2: Loading available Gradle versions] INFO  o.e.b.c.i.u.g.PublishedGradleVersions - Gradle version information cache is out-of-date. Trying to update.
2025-02-07 00:07:08,945 [main] INFO  o.e.m2e.actions.ExecutePomAction - Creating new launch configuration
2025-02-07 00:07:16,260 [Worker-13: Launching Celebrateit-backend (4)] INFO  o.eclipse.m2e.core.internal.Bundles - getClasspathEntries(Bundle=org.eclipse.m2e.maven.runtime_3.9.900.20240824-1409 [359])
2025-02-07 00:07:16,262 [Worker-13: Launching Celebrateit-backend (4)] INFO  o.eclipse.m2e.core.internal.Bundles - 	Entry: D:\sts-4.26.0.RELEASE\plugins\org.eclipse.m2e.maven.runtime_3.9.900.20240824-1409
2025-02-07 00:07:16,262 [Worker-13: Launching Celebrateit-backend (4)] INFO  o.eclipse.m2e.core.internal.Bundles - 	Entry: D:\sts-4.26.0.RELEASE\plugins\org.eclipse.m2e.maven.runtime_3.9.900.20240824-1409\jars\aopalliance-1.0.jar
2025-02-07 00:07:16,263 [Worker-13: Launching Celebrateit-backend (4)] INFO  o.eclipse.m2e.core.internal.Bundles - 	Entry: D:\sts-4.26.0.RELEASE\plugins\org.eclipse.m2e.maven.runtime_3.9.900.20240824-1409\jars\guice-5.1.0.jar
2025-02-07 00:07:16,263 [Worker-13: Launching Celebrateit-backend (4)] INFO  o.eclipse.m2e.core.internal.Bundles - 	Entry: D:\sts-4.26.0.RELEASE\plugins\org.eclipse.m2e.maven.runtime_3.9.900.20240824-1409\jars\httpclient-4.5.14.jar
2025-02-07 00:07:16,263 [Worker-13: Launching Celebrateit-backend (4)] INFO  o.eclipse.m2e.core.internal.Bundles - 	Entry: D:\sts-4.26.0.RELEASE\plugins\org.eclipse.m2e.maven.runtime_3.9.900.20240824-1409\jars\httpcore-4.4.16.jar
2025-02-07 00:07:16,263 [Worker-13: Launching Celebrateit-backend (4)] INFO  o.eclipse.m2e.core.internal.Bundles - 	Entry: D:\sts-4.26.0.RELEASE\plugins\org.eclipse.m2e.maven.runtime_3.9.900.20240824-1409\jars\jansi-2.4.1.jar
2025-02-07 00:07:16,263 [Worker-13: Launching Celebrateit-backend (4)] INFO  o.eclipse.m2e.core.internal.Bundles - 	Entry: D:\sts-4.26.0.RELEASE\plugins\org.eclipse.m2e.maven.runtime_3.9.900.20240824-1409\jars\jcl-over-slf4j-1.7.36.jar
2025-02-07 00:07:16,264 [Worker-13: Launching Celebrateit-backend (4)] INFO  o.eclipse.m2e.core.internal.Bundles - 	Entry: D:\sts-4.26.0.RELEASE\plugins\org.eclipse.m2e.maven.runtime_3.9.900.20240824-1409\jars\maven-artifact-3.9.9.jar
2025-02-07 00:07:16,264 [Worker-13: Launching Celebrateit-backend (4)] INFO  o.eclipse.m2e.core.internal.Bundles - 	Entry: D:\sts-4.26.0.RELEASE\plugins\org.eclipse.m2e.maven.runtime_3.9.900.20240824-1409\jars\maven-builder-support-3.9.9.jar
2025-02-07 00:07:16,264 [Worker-13: Launching Celebrateit-backend (4)] INFO  o.eclipse.m2e.core.internal.Bundles - 	Entry: D:\sts-4.26.0.RELEASE\plugins\org.eclipse.m2e.maven.runtime_3.9.900.20240824-1409\jars\maven-compat-3.9.9.jar
2025-02-07 00:07:16,264 [Worker-13: Launching Celebrateit-backend (4)] INFO  o.eclipse.m2e.core.internal.Bundles - 	Entry: D:\sts-4.26.0.RELEASE\plugins\org.eclipse.m2e.maven.runtime_3.9.900.20240824-1409\jars\maven-core-3.9.9.jar
2025-02-07 00:07:16,264 [Worker-13: Launching Celebrateit-backend (4)] INFO  o.eclipse.m2e.core.internal.Bundles - 	Entry: D:\sts-4.26.0.RELEASE\plugins\org.eclipse.m2e.maven.runtime_3.9.900.20240824-1409\jars\maven-embedder-3.9.9.jar
2025-02-07 00:07:16,264 [Worker-13: Launching Celebrateit-backend (4)] INFO  o.eclipse.m2e.core.internal.Bundles - 	Entry: D:\sts-4.26.0.RELEASE\plugins\org.eclipse.m2e.maven.runtime_3.9.900.20240824-1409\jars\maven-model-3.9.9.jar
2025-02-07 00:07:16,264 [Worker-13: Launching Celebrateit-backend (4)] INFO  o.eclipse.m2e.core.internal.Bundles - 	Entry: D:\sts-4.26.0.RELEASE\plugins\org.eclipse.m2e.maven.runtime_3.9.900.20240824-1409\jars\maven-model-builder-3.9.9.jar
2025-02-07 00:07:16,264 [Worker-13: Launching Celebrateit-backend (4)] INFO  o.eclipse.m2e.core.internal.Bundles - 	Entry: D:\sts-4.26.0.RELEASE\plugins\org.eclipse.m2e.maven.runtime_3.9.900.20240824-1409\jars\maven-plugin-api-3.9.9.jar
2025-02-07 00:07:16,264 [Worker-13: Launching Celebrateit-backend (4)] INFO  o.eclipse.m2e.core.internal.Bundles - 	Entry: D:\sts-4.26.0.RELEASE\plugins\org.eclipse.m2e.maven.runtime_3.9.900.20240824-1409\jars\maven-repository-metadata-3.9.9.jar
2025-02-07 00:07:16,264 [Worker-13: Launching Celebrateit-backend (4)] INFO  o.eclipse.m2e.core.internal.Bundles - 	Entry: D:\sts-4.26.0.RELEASE\plugins\org.eclipse.m2e.maven.runtime_3.9.900.20240824-1409\jars\maven-resolver-api-1.9.22.jar
2025-02-07 00:07:16,264 [Worker-13: Launching Celebrateit-backend (4)] INFO  o.eclipse.m2e.core.internal.Bundles - 	Entry: D:\sts-4.26.0.RELEASE\plugins\org.eclipse.m2e.maven.runtime_3.9.900.20240824-1409\jars\maven-resolver-connector-basic-1.9.22.jar
2025-02-07 00:07:16,264 [Worker-13: Launching Celebrateit-backend (4)] INFO  o.eclipse.m2e.core.internal.Bundles - 	Entry: D:\sts-4.26.0.RELEASE\plugins\org.eclipse.m2e.maven.runtime_3.9.900.20240824-1409\jars\maven-resolver-impl-1.9.22.jar
2025-02-07 00:07:16,264 [Worker-13: Launching Celebrateit-backend (4)] INFO  o.eclipse.m2e.core.internal.Bundles - 	Entry: D:\sts-4.26.0.RELEASE\plugins\org.eclipse.m2e.maven.runtime_3.9.900.20240824-1409\jars\maven-resolver-named-locks-1.9.22.jar
2025-02-07 00:07:16,264 [Worker-13: Launching Celebrateit-backend (4)] INFO  o.eclipse.m2e.core.internal.Bundles - 	Entry: D:\sts-4.26.0.RELEASE\plugins\org.eclipse.m2e.maven.runtime_3.9.900.20240824-1409\jars\maven-resolver-provider-3.9.9.jar
2025-02-07 00:07:16,264 [Worker-13: Launching Celebrateit-backend (4)] INFO  o.eclipse.m2e.core.internal.Bundles - 	Entry: D:\sts-4.26.0.RELEASE\plugins\org.eclipse.m2e.maven.runtime_3.9.900.20240824-1409\jars\maven-resolver-spi-1.9.22.jar
2025-02-07 00:07:16,264 [Worker-13: Launching Celebrateit-backend (4)] INFO  o.eclipse.m2e.core.internal.Bundles - 	Entry: D:\sts-4.26.0.RELEASE\plugins\org.eclipse.m2e.maven.runtime_3.9.900.20240824-1409\jars\maven-resolver-transport-file-1.9.22.jar
2025-02-07 00:07:16,264 [Worker-13: Launching Celebrateit-backend (4)] INFO  o.eclipse.m2e.core.internal.Bundles - 	Entry: D:\sts-4.26.0.RELEASE\plugins\org.eclipse.m2e.maven.runtime_3.9.900.20240824-1409\jars\maven-resolver-transport-http-1.9.22.jar
2025-02-07 00:07:16,264 [Worker-13: Launching Celebrateit-backend (4)] INFO  o.eclipse.m2e.core.internal.Bundles - 	Entry: D:\sts-4.26.0.RELEASE\plugins\org.eclipse.m2e.maven.runtime_3.9.900.20240824-1409\jars\maven-resolver-transport-wagon-1.9.22.jar
2025-02-07 00:07:16,265 [Worker-13: Launching Celebrateit-backend (4)] INFO  o.eclipse.m2e.core.internal.Bundles - 	Entry: D:\sts-4.26.0.RELEASE\plugins\org.eclipse.m2e.maven.runtime_3.9.900.20240824-1409\jars\maven-resolver-util-1.9.22.jar
2025-02-07 00:07:16,265 [Worker-13: Launching Celebrateit-backend (4)] INFO  o.eclipse.m2e.core.internal.Bundles - 	Entry: D:\sts-4.26.0.RELEASE\plugins\org.eclipse.m2e.maven.runtime_3.9.900.20240824-1409\jars\maven-settings-3.9.9.jar
2025-02-07 00:07:16,265 [Worker-13: Launching Celebrateit-backend (4)] INFO  o.eclipse.m2e.core.internal.Bundles - 	Entry: D:\sts-4.26.0.RELEASE\plugins\org.eclipse.m2e.maven.runtime_3.9.900.20240824-1409\jars\maven-settings-builder-3.9.9.jar
2025-02-07 00:07:16,265 [Worker-13: Launching Celebrateit-backend (4)] INFO  o.eclipse.m2e.core.internal.Bundles - 	Entry: D:\sts-4.26.0.RELEASE\plugins\org.eclipse.m2e.maven.runtime_3.9.900.20240824-1409\jars\maven-shared-utils-3.4.2.jar
2025-02-07 00:07:16,265 [Worker-13: Launching Celebrateit-backend (4)] INFO  o.eclipse.m2e.core.internal.Bundles - 	Entry: D:\sts-4.26.0.RELEASE\plugins\org.eclipse.m2e.maven.runtime_3.9.900.20240824-1409\jars\org.eclipse.sisu.inject-0.9.0.M3.jar
2025-02-07 00:07:16,265 [Worker-13: Launching Celebrateit-backend (4)] INFO  o.eclipse.m2e.core.internal.Bundles - 	Entry: D:\sts-4.26.0.RELEASE\plugins\org.eclipse.m2e.maven.runtime_3.9.900.20240824-1409\jars\org.eclipse.sisu.plexus-0.9.0.M3.jar
2025-02-07 00:07:16,265 [Worker-13: Launching Celebrateit-backend (4)] INFO  o.eclipse.m2e.core.internal.Bundles - 	Entry: D:\sts-4.26.0.RELEASE\plugins\org.eclipse.m2e.maven.runtime_3.9.900.20240824-1409\jars\plexus-build-api-0.0.7.jar
2025-02-07 00:07:16,265 [Worker-13: Launching Celebrateit-backend (4)] INFO  o.eclipse.m2e.core.internal.Bundles - 	Entry: D:\sts-4.26.0.RELEASE\plugins\org.eclipse.m2e.maven.runtime_3.9.900.20240824-1409\jars\plexus-build-api-1.2.0.jar
2025-02-07 00:07:16,265 [Worker-13: Launching Celebrateit-backend (4)] INFO  o.eclipse.m2e.core.internal.Bundles - 	Entry: D:\sts-4.26.0.RELEASE\plugins\org.eclipse.m2e.maven.runtime_3.9.900.20240824-1409\jars\plexus-cipher-2.0.jar
2025-02-07 00:07:16,265 [Worker-13: Launching Celebrateit-backend (4)] INFO  o.eclipse.m2e.core.internal.Bundles - 	Entry: D:\sts-4.26.0.RELEASE\plugins\org.eclipse.m2e.maven.runtime_3.9.900.20240824-1409\jars\plexus-classworlds-2.8.0.jar
2025-02-07 00:07:16,265 [Worker-13: Launching Celebrateit-backend (4)] INFO  o.eclipse.m2e.core.internal.Bundles - 	Entry: D:\sts-4.26.0.RELEASE\plugins\org.eclipse.m2e.maven.runtime_3.9.900.20240824-1409\jars\plexus-component-annotations-2.1.0.jar
2025-02-07 00:07:16,265 [Worker-13: Launching Celebrateit-backend (4)] INFO  o.eclipse.m2e.core.internal.Bundles - 	Entry: D:\sts-4.26.0.RELEASE\plugins\org.eclipse.m2e.maven.runtime_3.9.900.20240824-1409\jars\plexus-interpolation-1.27.jar
2025-02-07 00:07:16,265 [Worker-13: Launching Celebrateit-backend (4)] INFO  o.eclipse.m2e.core.internal.Bundles - 	Entry: D:\sts-4.26.0.RELEASE\plugins\org.eclipse.m2e.maven.runtime_3.9.900.20240824-1409\jars\plexus-sec-dispatcher-2.0.jar
2025-02-07 00:07:16,265 [Worker-13: Launching Celebrateit-backend (4)] INFO  o.eclipse.m2e.core.internal.Bundles - 	Entry: D:\sts-4.26.0.RELEASE\plugins\org.eclipse.m2e.maven.runtime_3.9.900.20240824-1409\jars\plexus-utils-3.5.1.jar
2025-02-07 00:07:16,266 [Worker-13: Launching Celebrateit-backend (4)] INFO  o.eclipse.m2e.core.internal.Bundles - 	Entry: D:\sts-4.26.0.RELEASE\plugins\org.eclipse.m2e.maven.runtime_3.9.900.20240824-1409\jars\plexus-xml-3.0.1.jar
2025-02-07 00:07:16,266 [Worker-13: Launching Celebrateit-backend (4)] INFO  o.eclipse.m2e.core.internal.Bundles - 	Entry: D:\sts-4.26.0.RELEASE\plugins\org.eclipse.m2e.maven.runtime_3.9.900.20240824-1409\jars\wagon-file-3.5.3.jar
2025-02-07 00:07:16,266 [Worker-13: Launching Celebrateit-backend (4)] INFO  o.eclipse.m2e.core.internal.Bundles - 	Entry: D:\sts-4.26.0.RELEASE\plugins\org.eclipse.m2e.maven.runtime_3.9.900.20240824-1409\jars\wagon-http-3.5.3.jar
2025-02-07 00:07:16,266 [Worker-13: Launching Celebrateit-backend (4)] INFO  o.eclipse.m2e.core.internal.Bundles - 	Entry: D:\sts-4.26.0.RELEASE\plugins\org.eclipse.m2e.maven.runtime_3.9.900.20240824-1409\jars\wagon-http-shared-3.5.3.jar
2025-02-07 00:07:16,266 [Worker-13: Launching Celebrateit-backend (4)] INFO  o.eclipse.m2e.core.internal.Bundles - 	Entry: D:\sts-4.26.0.RELEASE\plugins\org.eclipse.m2e.maven.runtime_3.9.900.20240824-1409\jars\wagon-provider-api-3.5.3.jar
2025-02-07 00:07:16,268 [Worker-13: Launching Celebrateit-backend (4)] INFO  o.eclipse.m2e.core.internal.Bundles - getClasspathEntries(Bundle=com.google.guava_33.3.0.jre [29])
2025-02-07 00:07:16,269 [Worker-13: Launching Celebrateit-backend (4)] INFO  o.eclipse.m2e.core.internal.Bundles - 	Entry: D:\sts-4.26.0.RELEASE\plugins\com.google.guava_33.3.0.jre.jar
2025-02-07 00:07:16,269 [Worker-13: Launching Celebrateit-backend (4)] INFO  o.eclipse.m2e.core.internal.Bundles - getClasspathEntries(Bundle=slf4j.api_2.0.16 [592])
2025-02-07 00:07:16,269 [Worker-13: Launching Celebrateit-backend (4)] INFO  o.eclipse.m2e.core.internal.Bundles - 	Entry: D:\sts-4.26.0.RELEASE\plugins\slf4j.api_2.0.16.jar
2025-02-07 00:07:16,269 [Worker-13: Launching Celebrateit-backend (4)] INFO  o.eclipse.m2e.core.internal.Bundles - getClasspathEntries(Bundle=jakarta.inject.jakarta.inject-api_1.0.5 [45])
2025-02-07 00:07:16,269 [Worker-13: Launching Celebrateit-backend (4)] INFO  o.eclipse.m2e.core.internal.Bundles - 	Entry: D:\sts-4.26.0.RELEASE\plugins\jakarta.inject.jakarta.inject-api_1.0.5.jar
2025-02-07 00:07:16,269 [Worker-13: Launching Celebrateit-backend (4)] INFO  o.eclipse.m2e.core.internal.Bundles - getClasspathEntries(Bundle=jakarta.annotation-api_1.3.5 [41])
2025-02-07 00:07:16,270 [Worker-13: Launching Celebrateit-backend (4)] INFO  o.eclipse.m2e.core.internal.Bundles - 	Entry: D:\sts-4.26.0.RELEASE\plugins\jakarta.annotation-api_1.3.5.jar
2025-02-07 00:07:16,270 [Worker-13: Launching Celebrateit-backend (4)] INFO  o.eclipse.m2e.core.internal.Bundles - getClasspathEntries(Bundle=org.apache.commons.cli_1.9.0 [77])
2025-02-07 00:07:16,270 [Worker-13: Launching Celebrateit-backend (4)] INFO  o.eclipse.m2e.core.internal.Bundles - 	Entry: D:\sts-4.26.0.RELEASE\plugins\org.apache.commons.cli_1.9.0.jar
2025-02-07 00:07:16,270 [Worker-13: Launching Celebrateit-backend (4)] INFO  o.eclipse.m2e.core.internal.Bundles - getClasspathEntries(Bundle=org.apache.commons.commons-codec_1.16.0 [80])
2025-02-07 00:07:16,270 [Worker-13: Launching Celebrateit-backend (4)] INFO  o.eclipse.m2e.core.internal.Bundles - 	Entry: D:\sts-4.26.0.RELEASE\plugins\org.apache.commons.commons-codec_1.16.0.jar
2025-02-07 00:07:16,270 [Worker-13: Launching Celebrateit-backend (4)] INFO  o.eclipse.m2e.core.internal.Bundles - getClasspathEntries(Bundle=com.google.guava.failureaccess_1.0.2 [30])
2025-02-07 00:07:16,271 [Worker-13: Launching Celebrateit-backend (4)] INFO  o.eclipse.m2e.core.internal.Bundles - 	Entry: D:\sts-4.26.0.RELEASE\plugins\com.google.guava.failureaccess_1.0.2.jar
2025-02-07 00:07:16,276 [Worker-13: Launching Celebrateit-backend (4)] INFO  o.e.m.i.launch.MavenLaunchDelegate - Run build in "C:\Users\Samruddhi\OneDrive\Desktop\cdac-project\Celebrateit-backend\Celebrateit-backend":
2025-02-07 00:07:16,281 [Worker-13: Launching Celebrateit-backend (4)] INFO  o.e.m.i.launch.MavenLaunchDelegate -  mvn  -B -Dstyle.color=always clean compile
2025-02-07 00:07:27,171 [Worker-5: Launching Celebrateit-backend (4)] INFO  o.eclipse.m2e.core.internal.Bundles - getClasspathEntries(Bundle=org.eclipse.m2e.maven.runtime_3.9.900.20240824-1409 [359])
2025-02-07 00:07:27,172 [Worker-5: Launching Celebrateit-backend (4)] INFO  o.eclipse.m2e.core.internal.Bundles - 	Entry: D:\sts-4.26.0.RELEASE\plugins\org.eclipse.m2e.maven.runtime_3.9.900.20240824-1409
2025-02-07 00:07:27,172 [Worker-5: Launching Celebrateit-backend (4)] INFO  o.eclipse.m2e.core.internal.Bundles - 	Entry: D:\sts-4.26.0.RELEASE\plugins\org.eclipse.m2e.maven.runtime_3.9.900.20240824-1409\jars\aopalliance-1.0.jar
2025-02-07 00:07:27,172 [Worker-5: Launching Celebrateit-backend (4)] INFO  o.eclipse.m2e.core.internal.Bundles - 	Entry: D:\sts-4.26.0.RELEASE\plugins\org.eclipse.m2e.maven.runtime_3.9.900.20240824-1409\jars\guice-5.1.0.jar
2025-02-07 00:07:27,172 [Worker-5: Launching Celebrateit-backend (4)] INFO  o.eclipse.m2e.core.internal.Bundles - 	Entry: D:\sts-4.26.0.RELEASE\plugins\org.eclipse.m2e.maven.runtime_3.9.900.20240824-1409\jars\httpclient-4.5.14.jar
2025-02-07 00:07:27,172 [Worker-5: Launching Celebrateit-backend (4)] INFO  o.eclipse.m2e.core.internal.Bundles - 	Entry: D:\sts-4.26.0.RELEASE\plugins\org.eclipse.m2e.maven.runtime_3.9.900.20240824-1409\jars\httpcore-4.4.16.jar
2025-02-07 00:07:27,172 [Worker-5: Launching Celebrateit-backend (4)] INFO  o.eclipse.m2e.core.internal.Bundles - 	Entry: D:\sts-4.26.0.RELEASE\plugins\org.eclipse.m2e.maven.runtime_3.9.900.20240824-1409\jars\jansi-2.4.1.jar
2025-02-07 00:07:27,172 [Worker-5: Launching Celebrateit-backend (4)] INFO  o.eclipse.m2e.core.internal.Bundles - 	Entry: D:\sts-4.26.0.RELEASE\plugins\org.eclipse.m2e.maven.runtime_3.9.900.20240824-1409\jars\jcl-over-slf4j-1.7.36.jar
2025-02-07 00:07:27,172 [Worker-5: Launching Celebrateit-backend (4)] INFO  o.eclipse.m2e.core.internal.Bundles - 	Entry: D:\sts-4.26.0.RELEASE\plugins\org.eclipse.m2e.maven.runtime_3.9.900.20240824-1409\jars\maven-artifact-3.9.9.jar
2025-02-07 00:07:27,172 [Worker-5: Launching Celebrateit-backend (4)] INFO  o.eclipse.m2e.core.internal.Bundles - 	Entry: D:\sts-4.26.0.RELEASE\plugins\org.eclipse.m2e.maven.runtime_3.9.900.20240824-1409\jars\maven-builder-support-3.9.9.jar
2025-02-07 00:07:27,172 [Worker-5: Launching Celebrateit-backend (4)] INFO  o.eclipse.m2e.core.internal.Bundles - 	Entry: D:\sts-4.26.0.RELEASE\plugins\org.eclipse.m2e.maven.runtime_3.9.900.20240824-1409\jars\maven-compat-3.9.9.jar
2025-02-07 00:07:27,172 [Worker-5: Launching Celebrateit-backend (4)] INFO  o.eclipse.m2e.core.internal.Bundles - 	Entry: D:\sts-4.26.0.RELEASE\plugins\org.eclipse.m2e.maven.runtime_3.9.900.20240824-1409\jars\maven-core-3.9.9.jar
2025-02-07 00:07:27,172 [Worker-5: Launching Celebrateit-backend (4)] INFO  o.eclipse.m2e.core.internal.Bundles - 	Entry: D:\sts-4.26.0.RELEASE\plugins\org.eclipse.m2e.maven.runtime_3.9.900.20240824-1409\jars\maven-embedder-3.9.9.jar
2025-02-07 00:07:27,172 [Worker-5: Launching Celebrateit-backend (4)] INFO  o.eclipse.m2e.core.internal.Bundles - 	Entry: D:\sts-4.26.0.RELEASE\plugins\org.eclipse.m2e.maven.runtime_3.9.900.20240824-1409\jars\maven-model-3.9.9.jar
2025-02-07 00:07:27,172 [Worker-5: Launching Celebrateit-backend (4)] INFO  o.eclipse.m2e.core.internal.Bundles - 	Entry: D:\sts-4.26.0.RELEASE\plugins\org.eclipse.m2e.maven.runtime_3.9.900.20240824-1409\jars\maven-model-builder-3.9.9.jar
2025-02-07 00:07:27,172 [Worker-5: Launching Celebrateit-backend (4)] INFO  o.eclipse.m2e.core.internal.Bundles - 	Entry: D:\sts-4.26.0.RELEASE\plugins\org.eclipse.m2e.maven.runtime_3.9.900.20240824-1409\jars\maven-plugin-api-3.9.9.jar
2025-02-07 00:07:27,172 [Worker-5: Launching Celebrateit-backend (4)] INFO  o.eclipse.m2e.core.internal.Bundles - 	Entry: D:\sts-4.26.0.RELEASE\plugins\org.eclipse.m2e.maven.runtime_3.9.900.20240824-1409\jars\maven-repository-metadata-3.9.9.jar
2025-02-07 00:07:27,172 [Worker-5: Launching Celebrateit-backend (4)] INFO  o.eclipse.m2e.core.internal.Bundles - 	Entry: D:\sts-4.26.0.RELEASE\plugins\org.eclipse.m2e.maven.runtime_3.9.900.20240824-1409\jars\maven-resolver-api-1.9.22.jar
2025-02-07 00:07:27,173 [Worker-5: Launching Celebrateit-backend (4)] INFO  o.eclipse.m2e.core.internal.Bundles - 	Entry: D:\sts-4.26.0.RELEASE\plugins\org.eclipse.m2e.maven.runtime_3.9.900.20240824-1409\jars\maven-resolver-connector-basic-1.9.22.jar
2025-02-07 00:07:27,173 [Worker-5: Launching Celebrateit-backend (4)] INFO  o.eclipse.m2e.core.internal.Bundles - 	Entry: D:\sts-4.26.0.RELEASE\plugins\org.eclipse.m2e.maven.runtime_3.9.900.20240824-1409\jars\maven-resolver-impl-1.9.22.jar
2025-02-07 00:07:27,173 [Worker-5: Launching Celebrateit-backend (4)] INFO  o.eclipse.m2e.core.internal.Bundles - 	Entry: D:\sts-4.26.0.RELEASE\plugins\org.eclipse.m2e.maven.runtime_3.9.900.20240824-1409\jars\maven-resolver-named-locks-1.9.22.jar
2025-02-07 00:07:27,173 [Worker-5: Launching Celebrateit-backend (4)] INFO  o.eclipse.m2e.core.internal.Bundles - 	Entry: D:\sts-4.26.0.RELEASE\plugins\org.eclipse.m2e.maven.runtime_3.9.900.20240824-1409\jars\maven-resolver-provider-3.9.9.jar
2025-02-07 00:07:27,173 [Worker-5: Launching Celebrateit-backend (4)] INFO  o.eclipse.m2e.core.internal.Bundles - 	Entry: D:\sts-4.26.0.RELEASE\plugins\org.eclipse.m2e.maven.runtime_3.9.900.20240824-1409\jars\maven-resolver-spi-1.9.22.jar
2025-02-07 00:07:27,173 [Worker-5: Launching Celebrateit-backend (4)] INFO  o.eclipse.m2e.core.internal.Bundles - 	Entry: D:\sts-4.26.0.RELEASE\plugins\org.eclipse.m2e.maven.runtime_3.9.900.20240824-1409\jars\maven-resolver-transport-file-1.9.22.jar
2025-02-07 00:07:27,173 [Worker-5: Launching Celebrateit-backend (4)] INFO  o.eclipse.m2e.core.internal.Bundles - 	Entry: D:\sts-4.26.0.RELEASE\plugins\org.eclipse.m2e.maven.runtime_3.9.900.20240824-1409\jars\maven-resolver-transport-http-1.9.22.jar
2025-02-07 00:07:27,173 [Worker-5: Launching Celebrateit-backend (4)] INFO  o.eclipse.m2e.core.internal.Bundles - 	Entry: D:\sts-4.26.0.RELEASE\plugins\org.eclipse.m2e.maven.runtime_3.9.900.20240824-1409\jars\maven-resolver-transport-wagon-1.9.22.jar
2025-02-07 00:07:27,173 [Worker-5: Launching Celebrateit-backend (4)] INFO  o.eclipse.m2e.core.internal.Bundles - 	Entry: D:\sts-4.26.0.RELEASE\plugins\org.eclipse.m2e.maven.runtime_3.9.900.20240824-1409\jars\maven-resolver-util-1.9.22.jar
2025-02-07 00:07:27,173 [Worker-5: Launching Celebrateit-backend (4)] INFO  o.eclipse.m2e.core.internal.Bundles - 	Entry: D:\sts-4.26.0.RELEASE\plugins\org.eclipse.m2e.maven.runtime_3.9.900.20240824-1409\jars\maven-settings-3.9.9.jar
2025-02-07 00:07:27,173 [Worker-5: Launching Celebrateit-backend (4)] INFO  o.eclipse.m2e.core.internal.Bundles - 	Entry: D:\sts-4.26.0.RELEASE\plugins\org.eclipse.m2e.maven.runtime_3.9.900.20240824-1409\jars\maven-settings-builder-3.9.9.jar
2025-02-07 00:07:27,173 [Worker-5: Launching Celebrateit-backend (4)] INFO  o.eclipse.m2e.core.internal.Bundles - 	Entry: D:\sts-4.26.0.RELEASE\plugins\org.eclipse.m2e.maven.runtime_3.9.900.20240824-1409\jars\maven-shared-utils-3.4.2.jar
2025-02-07 00:07:27,173 [Worker-5: Launching Celebrateit-backend (4)] INFO  o.eclipse.m2e.core.internal.Bundles - 	Entry: D:\sts-4.26.0.RELEASE\plugins\org.eclipse.m2e.maven.runtime_3.9.900.20240824-1409\jars\org.eclipse.sisu.inject-0.9.0.M3.jar
2025-02-07 00:07:27,173 [Worker-5: Launching Celebrateit-backend (4)] INFO  o.eclipse.m2e.core.internal.Bundles - 	Entry: D:\sts-4.26.0.RELEASE\plugins\org.eclipse.m2e.maven.runtime_3.9.900.20240824-1409\jars\org.eclipse.sisu.plexus-0.9.0.M3.jar
2025-02-07 00:07:27,173 [Worker-5: Launching Celebrateit-backend (4)] INFO  o.eclipse.m2e.core.internal.Bundles - 	Entry: D:\sts-4.26.0.RELEASE\plugins\org.eclipse.m2e.maven.runtime_3.9.900.20240824-1409\jars\plexus-build-api-0.0.7.jar
2025-02-07 00:07:27,173 [Worker-5: Launching Celebrateit-backend (4)] INFO  o.eclipse.m2e.core.internal.Bundles - 	Entry: D:\sts-4.26.0.RELEASE\plugins\org.eclipse.m2e.maven.runtime_3.9.900.20240824-1409\jars\plexus-build-api-1.2.0.jar
2025-02-07 00:07:27,173 [Worker-5: Launching Celebrateit-backend (4)] INFO  o.eclipse.m2e.core.internal.Bundles - 	Entry: D:\sts-4.26.0.RELEASE\plugins\org.eclipse.m2e.maven.runtime_3.9.900.20240824-1409\jars\plexus-cipher-2.0.jar
2025-02-07 00:07:27,173 [Worker-5: Launching Celebrateit-backend (4)] INFO  o.eclipse.m2e.core.internal.Bundles - 	Entry: D:\sts-4.26.0.RELEASE\plugins\org.eclipse.m2e.maven.runtime_3.9.900.20240824-1409\jars\plexus-classworlds-2.8.0.jar
2025-02-07 00:07:27,173 [Worker-5: Launching Celebrateit-backend (4)] INFO  o.eclipse.m2e.core.internal.Bundles - 	Entry: D:\sts-4.26.0.RELEASE\plugins\org.eclipse.m2e.maven.runtime_3.9.900.20240824-1409\jars\plexus-component-annotations-2.1.0.jar
2025-02-07 00:07:27,173 [Worker-5: Launching Celebrateit-backend (4)] INFO  o.eclipse.m2e.core.internal.Bundles - 	Entry: D:\sts-4.26.0.RELEASE\plugins\org.eclipse.m2e.maven.runtime_3.9.900.20240824-1409\jars\plexus-interpolation-1.27.jar
2025-02-07 00:07:27,173 [Worker-5: Launching Celebrateit-backend (4)] INFO  o.eclipse.m2e.core.internal.Bundles - 	Entry: D:\sts-4.26.0.RELEASE\plugins\org.eclipse.m2e.maven.runtime_3.9.900.20240824-1409\jars\plexus-sec-dispatcher-2.0.jar
2025-02-07 00:07:27,173 [Worker-5: Launching Celebrateit-backend (4)] INFO  o.eclipse.m2e.core.internal.Bundles - 	Entry: D:\sts-4.26.0.RELEASE\plugins\org.eclipse.m2e.maven.runtime_3.9.900.20240824-1409\jars\plexus-utils-3.5.1.jar
2025-02-07 00:07:27,173 [Worker-5: Launching Celebrateit-backend (4)] INFO  o.eclipse.m2e.core.internal.Bundles - 	Entry: D:\sts-4.26.0.RELEASE\plugins\org.eclipse.m2e.maven.runtime_3.9.900.20240824-1409\jars\plexus-xml-3.0.1.jar
2025-02-07 00:07:27,173 [Worker-5: Launching Celebrateit-backend (4)] INFO  o.eclipse.m2e.core.internal.Bundles - 	Entry: D:\sts-4.26.0.RELEASE\plugins\org.eclipse.m2e.maven.runtime_3.9.900.20240824-1409\jars\wagon-file-3.5.3.jar
2025-02-07 00:07:27,173 [Worker-5: Launching Celebrateit-backend (4)] INFO  o.eclipse.m2e.core.internal.Bundles - 	Entry: D:\sts-4.26.0.RELEASE\plugins\org.eclipse.m2e.maven.runtime_3.9.900.20240824-1409\jars\wagon-http-3.5.3.jar
2025-02-07 00:07:27,173 [Worker-5: Launching Celebrateit-backend (4)] INFO  o.eclipse.m2e.core.internal.Bundles - 	Entry: D:\sts-4.26.0.RELEASE\plugins\org.eclipse.m2e.maven.runtime_3.9.900.20240824-1409\jars\wagon-http-shared-3.5.3.jar
2025-02-07 00:07:27,173 [Worker-5: Launching Celebrateit-backend (4)] INFO  o.eclipse.m2e.core.internal.Bundles - 	Entry: D:\sts-4.26.0.RELEASE\plugins\org.eclipse.m2e.maven.runtime_3.9.900.20240824-1409\jars\wagon-provider-api-3.5.3.jar
2025-02-07 00:07:27,173 [Worker-5: Launching Celebrateit-backend (4)] INFO  o.eclipse.m2e.core.internal.Bundles - getClasspathEntries(Bundle=com.google.guava_33.3.0.jre [29])
2025-02-07 00:07:27,174 [Worker-5: Launching Celebrateit-backend (4)] INFO  o.eclipse.m2e.core.internal.Bundles - 	Entry: D:\sts-4.26.0.RELEASE\plugins\com.google.guava_33.3.0.jre.jar
2025-02-07 00:07:27,174 [Worker-5: Launching Celebrateit-backend (4)] INFO  o.eclipse.m2e.core.internal.Bundles - getClasspathEntries(Bundle=slf4j.api_2.0.16 [592])
2025-02-07 00:07:27,174 [Worker-5: Launching Celebrateit-backend (4)] INFO  o.eclipse.m2e.core.internal.Bundles - 	Entry: D:\sts-4.26.0.RELEASE\plugins\slf4j.api_2.0.16.jar
2025-02-07 00:07:27,174 [Worker-5: Launching Celebrateit-backend (4)] INFO  o.eclipse.m2e.core.internal.Bundles - getClasspathEntries(Bundle=jakarta.inject.jakarta.inject-api_1.0.5 [45])
2025-02-07 00:07:27,174 [Worker-5: Launching Celebrateit-backend (4)] INFO  o.eclipse.m2e.core.internal.Bundles - 	Entry: D:\sts-4.26.0.RELEASE\plugins\jakarta.inject.jakarta.inject-api_1.0.5.jar
2025-02-07 00:07:27,174 [Worker-5: Launching Celebrateit-backend (4)] INFO  o.eclipse.m2e.core.internal.Bundles - getClasspathEntries(Bundle=jakarta.annotation-api_1.3.5 [41])
2025-02-07 00:07:27,174 [Worker-5: Launching Celebrateit-backend (4)] INFO  o.eclipse.m2e.core.internal.Bundles - 	Entry: D:\sts-4.26.0.RELEASE\plugins\jakarta.annotation-api_1.3.5.jar
2025-02-07 00:07:27,174 [Worker-5: Launching Celebrateit-backend (4)] INFO  o.eclipse.m2e.core.internal.Bundles - getClasspathEntries(Bundle=org.apache.commons.cli_1.9.0 [77])
2025-02-07 00:07:27,174 [Worker-5: Launching Celebrateit-backend (4)] INFO  o.eclipse.m2e.core.internal.Bundles - 	Entry: D:\sts-4.26.0.RELEASE\plugins\org.apache.commons.cli_1.9.0.jar
2025-02-07 00:07:27,174 [Worker-5: Launching Celebrateit-backend (4)] INFO  o.eclipse.m2e.core.internal.Bundles - getClasspathEntries(Bundle=org.apache.commons.commons-codec_1.16.0 [80])
2025-02-07 00:07:27,174 [Worker-5: Launching Celebrateit-backend (4)] INFO  o.eclipse.m2e.core.internal.Bundles - 	Entry: D:\sts-4.26.0.RELEASE\plugins\org.apache.commons.commons-codec_1.16.0.jar
2025-02-07 00:07:27,174 [Worker-5: Launching Celebrateit-backend (4)] INFO  o.eclipse.m2e.core.internal.Bundles - getClasspathEntries(Bundle=com.google.guava.failureaccess_1.0.2 [30])
2025-02-07 00:07:27,174 [Worker-5: Launching Celebrateit-backend (4)] INFO  o.eclipse.m2e.core.internal.Bundles - 	Entry: D:\sts-4.26.0.RELEASE\plugins\com.google.guava.failureaccess_1.0.2.jar
2025-02-07 00:07:27,176 [Worker-5: Launching Celebrateit-backend (4)] INFO  o.e.m.i.launch.MavenLaunchDelegate - Run build in "C:\Users\Samruddhi\OneDrive\Desktop\cdac-project\Celebrateit-backend\Celebrateit-backend":
2025-02-07 00:07:27,176 [Worker-5: Launching Celebrateit-backend (4)] INFO  o.e.m.i.launch.MavenLaunchDelegate -  mvn  -B -Dstyle.color=always clean compile
2025-02-07 00:15:50,984 [Worker-9: Launching Celebrateit-backend (4)] INFO  o.eclipse.m2e.core.internal.Bundles - getClasspathEntries(Bundle=org.eclipse.m2e.maven.runtime_3.9.900.20240824-1409 [359])
2025-02-07 00:15:50,985 [Worker-9: Launching Celebrateit-backend (4)] INFO  o.eclipse.m2e.core.internal.Bundles - 	Entry: D:\sts-4.26.0.RELEASE\plugins\org.eclipse.m2e.maven.runtime_3.9.900.20240824-1409
2025-02-07 00:15:50,985 [Worker-9: Launching Celebrateit-backend (4)] INFO  o.eclipse.m2e.core.internal.Bundles - 	Entry: D:\sts-4.26.0.RELEASE\plugins\org.eclipse.m2e.maven.runtime_3.9.900.20240824-1409\jars\aopalliance-1.0.jar
2025-02-07 00:15:50,985 [Worker-9: Launching Celebrateit-backend (4)] INFO  o.eclipse.m2e.core.internal.Bundles - 	Entry: D:\sts-4.26.0.RELEASE\plugins\org.eclipse.m2e.maven.runtime_3.9.900.20240824-1409\jars\guice-5.1.0.jar
2025-02-07 00:15:50,985 [Worker-9: Launching Celebrateit-backend (4)] INFO  o.eclipse.m2e.core.internal.Bundles - 	Entry: D:\sts-4.26.0.RELEASE\plugins\org.eclipse.m2e.maven.runtime_3.9.900.20240824-1409\jars\httpclient-4.5.14.jar
2025-02-07 00:15:50,985 [Worker-9: Launching Celebrateit-backend (4)] INFO  o.eclipse.m2e.core.internal.Bundles - 	Entry: D:\sts-4.26.0.RELEASE\plugins\org.eclipse.m2e.maven.runtime_3.9.900.20240824-1409\jars\httpcore-4.4.16.jar
2025-02-07 00:15:50,985 [Worker-9: Launching Celebrateit-backend (4)] INFO  o.eclipse.m2e.core.internal.Bundles - 	Entry: D:\sts-4.26.0.RELEASE\plugins\org.eclipse.m2e.maven.runtime_3.9.900.20240824-1409\jars\jansi-2.4.1.jar
2025-02-07 00:15:50,985 [Worker-9: Launching Celebrateit-backend (4)] INFO  o.eclipse.m2e.core.internal.Bundles - 	Entry: D:\sts-4.26.0.RELEASE\plugins\org.eclipse.m2e.maven.runtime_3.9.900.20240824-1409\jars\jcl-over-slf4j-1.7.36.jar
2025-02-07 00:15:50,985 [Worker-9: Launching Celebrateit-backend (4)] INFO  o.eclipse.m2e.core.internal.Bundles - 	Entry: D:\sts-4.26.0.RELEASE\plugins\org.eclipse.m2e.maven.runtime_3.9.900.20240824-1409\jars\maven-artifact-3.9.9.jar
2025-02-07 00:15:50,985 [Worker-9: Launching Celebrateit-backend (4)] INFO  o.eclipse.m2e.core.internal.Bundles - 	Entry: D:\sts-4.26.0.RELEASE\plugins\org.eclipse.m2e.maven.runtime_3.9.900.20240824-1409\jars\maven-builder-support-3.9.9.jar
2025-02-07 00:15:50,985 [Worker-9: Launching Celebrateit-backend (4)] INFO  o.eclipse.m2e.core.internal.Bundles - 	Entry: D:\sts-4.26.0.RELEASE\plugins\org.eclipse.m2e.maven.runtime_3.9.900.20240824-1409\jars\maven-compat-3.9.9.jar
2025-02-07 00:15:50,985 [Worker-9: Launching Celebrateit-backend (4)] INFO  o.eclipse.m2e.core.internal.Bundles - 	Entry: D:\sts-4.26.0.RELEASE\plugins\org.eclipse.m2e.maven.runtime_3.9.900.20240824-1409\jars\maven-core-3.9.9.jar
2025-02-07 00:15:50,985 [Worker-9: Launching Celebrateit-backend (4)] INFO  o.eclipse.m2e.core.internal.Bundles - 	Entry: D:\sts-4.26.0.RELEASE\plugins\org.eclipse.m2e.maven.runtime_3.9.900.20240824-1409\jars\maven-embedder-3.9.9.jar
2025-02-07 00:15:50,985 [Worker-9: Launching Celebrateit-backend (4)] INFO  o.eclipse.m2e.core.internal.Bundles - 	Entry: D:\sts-4.26.0.RELEASE\plugins\org.eclipse.m2e.maven.runtime_3.9.900.20240824-1409\jars\maven-model-3.9.9.jar
2025-02-07 00:15:50,985 [Worker-9: Launching Celebrateit-backend (4)] INFO  o.eclipse.m2e.core.internal.Bundles - 	Entry: D:\sts-4.26.0.RELEASE\plugins\org.eclipse.m2e.maven.runtime_3.9.900.20240824-1409\jars\maven-model-builder-3.9.9.jar
2025-02-07 00:15:50,985 [Worker-9: Launching Celebrateit-backend (4)] INFO  o.eclipse.m2e.core.internal.Bundles - 	Entry: D:\sts-4.26.0.RELEASE\plugins\org.eclipse.m2e.maven.runtime_3.9.900.20240824-1409\jars\maven-plugin-api-3.9.9.jar
2025-02-07 00:15:50,985 [Worker-9: Launching Celebrateit-backend (4)] INFO  o.eclipse.m2e.core.internal.Bundles - 	Entry: D:\sts-4.26.0.RELEASE\plugins\org.eclipse.m2e.maven.runtime_3.9.900.20240824-1409\jars\maven-repository-metadata-3.9.9.jar
2025-02-07 00:15:50,985 [Worker-9: Launching Celebrateit-backend (4)] INFO  o.eclipse.m2e.core.internal.Bundles - 	Entry: D:\sts-4.26.0.RELEASE\plugins\org.eclipse.m2e.maven.runtime_3.9.900.20240824-1409\jars\maven-resolver-api-1.9.22.jar
2025-02-07 00:15:50,985 [Worker-9: Launching Celebrateit-backend (4)] INFO  o.eclipse.m2e.core.internal.Bundles - 	Entry: D:\sts-4.26.0.RELEASE\plugins\org.eclipse.m2e.maven.runtime_3.9.900.20240824-1409\jars\maven-resolver-connector-basic-1.9.22.jar
2025-02-07 00:15:50,987 [Worker-9: Launching Celebrateit-backend (4)] INFO  o.eclipse.m2e.core.internal.Bundles - 	Entry: D:\sts-4.26.0.RELEASE\plugins\org.eclipse.m2e.maven.runtime_3.9.900.20240824-1409\jars\maven-resolver-impl-1.9.22.jar
2025-02-07 00:15:50,987 [Worker-9: Launching Celebrateit-backend (4)] INFO  o.eclipse.m2e.core.internal.Bundles - 	Entry: D:\sts-4.26.0.RELEASE\plugins\org.eclipse.m2e.maven.runtime_3.9.900.20240824-1409\jars\maven-resolver-named-locks-1.9.22.jar
2025-02-07 00:15:50,987 [Worker-9: Launching Celebrateit-backend (4)] INFO  o.eclipse.m2e.core.internal.Bundles - 	Entry: D:\sts-4.26.0.RELEASE\plugins\org.eclipse.m2e.maven.runtime_3.9.900.20240824-1409\jars\maven-resolver-provider-3.9.9.jar
2025-02-07 00:15:50,987 [Worker-9: Launching Celebrateit-backend (4)] INFO  o.eclipse.m2e.core.internal.Bundles - 	Entry: D:\sts-4.26.0.RELEASE\plugins\org.eclipse.m2e.maven.runtime_3.9.900.20240824-1409\jars\maven-resolver-spi-1.9.22.jar
2025-02-07 00:15:50,987 [Worker-9: Launching Celebrateit-backend (4)] INFO  o.eclipse.m2e.core.internal.Bundles - 	Entry: D:\sts-4.26.0.RELEASE\plugins\org.eclipse.m2e.maven.runtime_3.9.900.20240824-1409\jars\maven-resolver-transport-file-1.9.22.jar
2025-02-07 00:15:50,987 [Worker-9: Launching Celebrateit-backend (4)] INFO  o.eclipse.m2e.core.internal.Bundles - 	Entry: D:\sts-4.26.0.RELEASE\plugins\org.eclipse.m2e.maven.runtime_3.9.900.20240824-1409\jars\maven-resolver-transport-http-1.9.22.jar
2025-02-07 00:15:50,987 [Worker-9: Launching Celebrateit-backend (4)] INFO  o.eclipse.m2e.core.internal.Bundles - 	Entry: D:\sts-4.26.0.RELEASE\plugins\org.eclipse.m2e.maven.runtime_3.9.900.20240824-1409\jars\maven-resolver-transport-wagon-1.9.22.jar
2025-02-07 00:15:50,987 [Worker-9: Launching Celebrateit-backend (4)] INFO  o.eclipse.m2e.core.internal.Bundles - 	Entry: D:\sts-4.26.0.RELEASE\plugins\org.eclipse.m2e.maven.runtime_3.9.900.20240824-1409\jars\maven-resolver-util-1.9.22.jar
2025-02-07 00:15:50,987 [Worker-9: Launching Celebrateit-backend (4)] INFO  o.eclipse.m2e.core.internal.Bundles - 	Entry: D:\sts-4.26.0.RELEASE\plugins\org.eclipse.m2e.maven.runtime_3.9.900.20240824-1409\jars\maven-settings-3.9.9.jar
2025-02-07 00:15:50,987 [Worker-9: Launching Celebrateit-backend (4)] INFO  o.eclipse.m2e.core.internal.Bundles - 	Entry: D:\sts-4.26.0.RELEASE\plugins\org.eclipse.m2e.maven.runtime_3.9.900.20240824-1409\jars\maven-settings-builder-3.9.9.jar
2025-02-07 00:15:50,987 [Worker-9: Launching Celebrateit-backend (4)] INFO  o.eclipse.m2e.core.internal.Bundles - 	Entry: D:\sts-4.26.0.RELEASE\plugins\org.eclipse.m2e.maven.runtime_3.9.900.20240824-1409\jars\maven-shared-utils-3.4.2.jar
2025-02-07 00:15:50,987 [Worker-9: Launching Celebrateit-backend (4)] INFO  o.eclipse.m2e.core.internal.Bundles - 	Entry: D:\sts-4.26.0.RELEASE\plugins\org.eclipse.m2e.maven.runtime_3.9.900.20240824-1409\jars\org.eclipse.sisu.inject-0.9.0.M3.jar
2025-02-07 00:15:50,987 [Worker-9: Launching Celebrateit-backend (4)] INFO  o.eclipse.m2e.core.internal.Bundles - 	Entry: D:\sts-4.26.0.RELEASE\plugins\org.eclipse.m2e.maven.runtime_3.9.900.20240824-1409\jars\org.eclipse.sisu.plexus-0.9.0.M3.jar
2025-02-07 00:15:50,987 [Worker-9: Launching Celebrateit-backend (4)] INFO  o.eclipse.m2e.core.internal.Bundles - 	Entry: D:\sts-4.26.0.RELEASE\plugins\org.eclipse.m2e.maven.runtime_3.9.900.20240824-1409\jars\plexus-build-api-0.0.7.jar
2025-02-07 00:15:50,987 [Worker-9: Launching Celebrateit-backend (4)] INFO  o.eclipse.m2e.core.internal.Bundles - 	Entry: D:\sts-4.26.0.RELEASE\plugins\org.eclipse.m2e.maven.runtime_3.9.900.20240824-1409\jars\plexus-build-api-1.2.0.jar
2025-02-07 00:15:50,987 [Worker-9: Launching Celebrateit-backend (4)] INFO  o.eclipse.m2e.core.internal.Bundles - 	Entry: D:\sts-4.26.0.RELEASE\plugins\org.eclipse.m2e.maven.runtime_3.9.900.20240824-1409\jars\plexus-cipher-2.0.jar
2025-02-07 00:15:50,987 [Worker-9: Launching Celebrateit-backend (4)] INFO  o.eclipse.m2e.core.internal.Bundles - 	Entry: D:\sts-4.26.0.RELEASE\plugins\org.eclipse.m2e.maven.runtime_3.9.900.20240824-1409\jars\plexus-classworlds-2.8.0.jar
2025-02-07 00:15:50,987 [Worker-9: Launching Celebrateit-backend (4)] INFO  o.eclipse.m2e.core.internal.Bundles - 	Entry: D:\sts-4.26.0.RELEASE\plugins\org.eclipse.m2e.maven.runtime_3.9.900.20240824-1409\jars\plexus-component-annotations-2.1.0.jar
2025-02-07 00:15:50,987 [Worker-9: Launching Celebrateit-backend (4)] INFO  o.eclipse.m2e.core.internal.Bundles - 	Entry: D:\sts-4.26.0.RELEASE\plugins\org.eclipse.m2e.maven.runtime_3.9.900.20240824-1409\jars\plexus-interpolation-1.27.jar
2025-02-07 00:15:50,987 [Worker-9: Launching Celebrateit-backend (4)] INFO  o.eclipse.m2e.core.internal.Bundles - 	Entry: D:\sts-4.26.0.RELEASE\plugins\org.eclipse.m2e.maven.runtime_3.9.900.20240824-1409\jars\plexus-sec-dispatcher-2.0.jar
2025-02-07 00:15:50,987 [Worker-9: Launching Celebrateit-backend (4)] INFO  o.eclipse.m2e.core.internal.Bundles - 	Entry: D:\sts-4.26.0.RELEASE\plugins\org.eclipse.m2e.maven.runtime_3.9.900.20240824-1409\jars\plexus-utils-3.5.1.jar
2025-02-07 00:15:50,987 [Worker-9: Launching Celebrateit-backend (4)] INFO  o.eclipse.m2e.core.internal.Bundles - 	Entry: D:\sts-4.26.0.RELEASE\plugins\org.eclipse.m2e.maven.runtime_3.9.900.20240824-1409\jars\plexus-xml-3.0.1.jar
2025-02-07 00:15:50,987 [Worker-9: Launching Celebrateit-backend (4)] INFO  o.eclipse.m2e.core.internal.Bundles - 	Entry: D:\sts-4.26.0.RELEASE\plugins\org.eclipse.m2e.maven.runtime_3.9.900.20240824-1409\jars\wagon-file-3.5.3.jar
2025-02-07 00:15:50,987 [Worker-9: Launching Celebrateit-backend (4)] INFO  o.eclipse.m2e.core.internal.Bundles - 	Entry: D:\sts-4.26.0.RELEASE\plugins\org.eclipse.m2e.maven.runtime_3.9.900.20240824-1409\jars\wagon-http-3.5.3.jar
2025-02-07 00:15:50,987 [Worker-9: Launching Celebrateit-backend (4)] INFO  o.eclipse.m2e.core.internal.Bundles - 	Entry: D:\sts-4.26.0.RELEASE\plugins\org.eclipse.m2e.maven.runtime_3.9.900.20240824-1409\jars\wagon-http-shared-3.5.3.jar
2025-02-07 00:15:50,987 [Worker-9: Launching Celebrateit-backend (4)] INFO  o.eclipse.m2e.core.internal.Bundles - 	Entry: D:\sts-4.26.0.RELEASE\plugins\org.eclipse.m2e.maven.runtime_3.9.900.20240824-1409\jars\wagon-provider-api-3.5.3.jar
2025-02-07 00:15:50,988 [Worker-9: Launching Celebrateit-backend (4)] INFO  o.eclipse.m2e.core.internal.Bundles - getClasspathEntries(Bundle=com.google.guava_33.3.0.jre [29])
2025-02-07 00:15:50,988 [Worker-9: Launching Celebrateit-backend (4)] INFO  o.eclipse.m2e.core.internal.Bundles - 	Entry: D:\sts-4.26.0.RELEASE\plugins\com.google.guava_33.3.0.jre.jar
2025-02-07 00:15:50,988 [Worker-9: Launching Celebrateit-backend (4)] INFO  o.eclipse.m2e.core.internal.Bundles - getClasspathEntries(Bundle=slf4j.api_2.0.16 [592])
2025-02-07 00:15:50,988 [Worker-9: Launching Celebrateit-backend (4)] INFO  o.eclipse.m2e.core.internal.Bundles - 	Entry: D:\sts-4.26.0.RELEASE\plugins\slf4j.api_2.0.16.jar
2025-02-07 00:15:50,988 [Worker-9: Launching Celebrateit-backend (4)] INFO  o.eclipse.m2e.core.internal.Bundles - getClasspathEntries(Bundle=jakarta.inject.jakarta.inject-api_1.0.5 [45])
2025-02-07 00:15:50,988 [Worker-9: Launching Celebrateit-backend (4)] INFO  o.eclipse.m2e.core.internal.Bundles - 	Entry: D:\sts-4.26.0.RELEASE\plugins\jakarta.inject.jakarta.inject-api_1.0.5.jar
2025-02-07 00:15:50,988 [Worker-9: Launching Celebrateit-backend (4)] INFO  o.eclipse.m2e.core.internal.Bundles - getClasspathEntries(Bundle=jakarta.annotation-api_1.3.5 [41])
2025-02-07 00:15:50,988 [Worker-9: Launching Celebrateit-backend (4)] INFO  o.eclipse.m2e.core.internal.Bundles - 	Entry: D:\sts-4.26.0.RELEASE\plugins\jakarta.annotation-api_1.3.5.jar
2025-02-07 00:15:50,988 [Worker-9: Launching Celebrateit-backend (4)] INFO  o.eclipse.m2e.core.internal.Bundles - getClasspathEntries(Bundle=org.apache.commons.cli_1.9.0 [77])
2025-02-07 00:15:50,988 [Worker-9: Launching Celebrateit-backend (4)] INFO  o.eclipse.m2e.core.internal.Bundles - 	Entry: D:\sts-4.26.0.RELEASE\plugins\org.apache.commons.cli_1.9.0.jar
2025-02-07 00:15:50,988 [Worker-9: Launching Celebrateit-backend (4)] INFO  o.eclipse.m2e.core.internal.Bundles - getClasspathEntries(Bundle=org.apache.commons.commons-codec_1.16.0 [80])
2025-02-07 00:15:50,988 [Worker-9: Launching Celebrateit-backend (4)] INFO  o.eclipse.m2e.core.internal.Bundles - 	Entry: D:\sts-4.26.0.RELEASE\plugins\org.apache.commons.commons-codec_1.16.0.jar
2025-02-07 00:15:50,988 [Worker-9: Launching Celebrateit-backend (4)] INFO  o.eclipse.m2e.core.internal.Bundles - getClasspathEntries(Bundle=com.google.guava.failureaccess_1.0.2 [30])
2025-02-07 00:15:50,988 [Worker-9: Launching Celebrateit-backend (4)] INFO  o.eclipse.m2e.core.internal.Bundles - 	Entry: D:\sts-4.26.0.RELEASE\plugins\com.google.guava.failureaccess_1.0.2.jar
2025-02-07 00:15:50,990 [Worker-9: Launching Celebrateit-backend (4)] INFO  o.e.m.i.launch.MavenLaunchDelegate - Run build in "C:\Users\Samruddhi\OneDrive\Desktop\cdac-project\Celebrateit-backend\Celebrateit-backend":
2025-02-07 00:15:50,990 [Worker-9: Launching Celebrateit-backend (4)] INFO  o.e.m.i.launch.MavenLaunchDelegate -  mvn  -B -Dstyle.color=always clean compile
2025-02-07 01:28:52,883 [Worker-48: Building] INFO  o.a.m.s.f.DefaultMavenResourcesFiltering - Copying 1 resource from src\main\resources to target\classes
2025-02-07 01:28:52,896 [Worker-48: Building] INFO  o.a.m.s.f.DefaultMavenResourcesFiltering - Copying 0 resource from src\main\resources to target\classes
2025-02-07 01:28:52,901 [Worker-48: Building] INFO  o.a.m.s.f.DefaultMavenResourcesFiltering - skip non existing resourceDirectory C:\Users\Samruddhi\OneDrive\Desktop\cdac-project\Celebrateit-backend\Celebrateit-backend\src\test\resources
2025-02-07 01:30:07,949 [Worker-49: Building] INFO  o.a.m.s.f.DefaultMavenResourcesFiltering - Copying 1 resource from src\main\resources to target\classes
2025-02-07 01:30:07,960 [Worker-49: Building] INFO  o.a.m.s.f.DefaultMavenResourcesFiltering - Copying 0 resource from src\main\resources to target\classes
2025-02-07 01:30:07,965 [Worker-49: Building] INFO  o.a.m.s.f.DefaultMavenResourcesFiltering - skip non existing resourceDirectory C:\Users\Samruddhi\OneDrive\Desktop\cdac-project\Celebrateit-backend\Celebrateit-backend\src\test\resources
2025-02-07 01:30:29,945 [Worker-51: Building] INFO  o.a.m.s.f.DefaultMavenResourcesFiltering - Copying 1 resource from src\main\resources to target\classes
2025-02-07 01:30:29,950 [Worker-51: Building] INFO  o.a.m.s.f.DefaultMavenResourcesFiltering - Copying 0 resource from src\main\resources to target\classes
2025-02-07 01:30:29,952 [Worker-51: Building] INFO  o.a.m.s.f.DefaultMavenResourcesFiltering - skip non existing resourceDirectory C:\Users\Samruddhi\OneDrive\Desktop\cdac-project\Celebrateit-backend\Celebrateit-backend\src\test\resources
2025-02-07 01:30:48,374 [Worker-48: Building] INFO  o.a.m.s.f.DefaultMavenResourcesFiltering - Copying 1 resource from src\main\resources to target\classes
2025-02-07 01:30:48,377 [Worker-48: Building] INFO  o.a.m.s.f.DefaultMavenResourcesFiltering - Copying 0 resource from src\main\resources to target\classes
2025-02-07 01:30:48,380 [Worker-48: Building] INFO  o.a.m.s.f.DefaultMavenResourcesFiltering - skip non existing resourceDirectory C:\Users\Samruddhi\OneDrive\Desktop\cdac-project\Celebrateit-backend\Celebrateit-backend\src\test\resources
2025-02-07 01:43:01,009 [Worker-56: Building] INFO  o.a.m.s.f.DefaultMavenResourcesFiltering - Copying 1 resource from src\main\resources to target\classes
2025-02-07 01:43:01,017 [Worker-56: Building] INFO  o.a.m.s.f.DefaultMavenResourcesFiltering - Copying 0 resource from src\main\resources to target\classes
2025-02-07 01:43:01,020 [Worker-56: Building] INFO  o.a.m.s.f.DefaultMavenResourcesFiltering - skip non existing resourceDirectory C:\Users\Samruddhi\OneDrive\Desktop\cdac-project\Celebrateit-backend\Celebrateit-backend\src\test\resources
2025-02-07 01:44:07,367 [Worker-57: Building] INFO  o.a.m.s.f.DefaultMavenResourcesFiltering - Copying 1 resource from src\main\resources to target\classes
2025-02-07 01:44:07,370 [Worker-57: Building] INFO  o.a.m.s.f.DefaultMavenResourcesFiltering - Copying 0 resource from src\main\resources to target\classes
2025-02-07 01:44:07,372 [Worker-57: Building] INFO  o.a.m.s.f.DefaultMavenResourcesFiltering - skip non existing resourceDirectory C:\Users\Samruddhi\OneDrive\Desktop\cdac-project\Celebrateit-backend\Celebrateit-backend\src\test\resources
2025-02-07 01:44:30,172 [Worker-47: Building] INFO  o.a.m.s.f.DefaultMavenResourcesFiltering - Copying 1 resource from src\main\resources to target\classes
2025-02-07 01:44:30,175 [Worker-47: Building] INFO  o.a.m.s.f.DefaultMavenResourcesFiltering - Copying 0 resource from src\main\resources to target\classes
2025-02-07 01:44:30,177 [Worker-47: Building] INFO  o.a.m.s.f.DefaultMavenResourcesFiltering - skip non existing resourceDirectory C:\Users\Samruddhi\OneDrive\Desktop\cdac-project\Celebrateit-backend\Celebrateit-backend\src\test\resources
2025-02-07 01:44:50,250 [Worker-59: Building] INFO  o.a.m.s.f.DefaultMavenResourcesFiltering - Copying 1 resource from src\main\resources to target\classes
2025-02-07 01:44:50,255 [Worker-59: Building] INFO  o.a.m.s.f.DefaultMavenResourcesFiltering - Copying 0 resource from src\main\resources to target\classes
2025-02-07 01:44:50,260 [Worker-59: Building] INFO  o.a.m.s.f.DefaultMavenResourcesFiltering - skip non existing resourceDirectory C:\Users\Samruddhi\OneDrive\Desktop\cdac-project\Celebrateit-backend\Celebrateit-backend\src\test\resources
2025-02-07 01:45:24,677 [Worker-56: Building] INFO  o.a.m.s.f.DefaultMavenResourcesFiltering - Copying 1 resource from src\main\resources to target\classes
2025-02-07 01:45:24,683 [Worker-56: Building] INFO  o.a.m.s.f.DefaultMavenResourcesFiltering - Copying 0 resource from src\main\resources to target\classes
2025-02-07 01:45:24,685 [Worker-56: Building] INFO  o.a.m.s.f.DefaultMavenResourcesFiltering - skip non existing resourceDirectory C:\Users\Samruddhi\OneDrive\Desktop\cdac-project\Celebrateit-backend\Celebrateit-backend\src\test\resources
2025-02-07 01:46:44,227 [Worker-58: Building] INFO  o.a.m.s.f.DefaultMavenResourcesFiltering - Copying 1 resource from src\main\resources to target\classes
2025-02-07 01:46:44,234 [Worker-58: Building] INFO  o.a.m.s.f.DefaultMavenResourcesFiltering - Copying 0 resource from src\main\resources to target\classes
2025-02-07 01:46:44,237 [Worker-58: Building] INFO  o.a.m.s.f.DefaultMavenResourcesFiltering - skip non existing resourceDirectory C:\Users\Samruddhi\OneDrive\Desktop\cdac-project\Celebrateit-backend\Celebrateit-backend\src\test\resources
2025-02-07 01:46:58,168 [Worker-57: Building] INFO  o.a.m.s.f.DefaultMavenResourcesFiltering - Copying 0 resource from src\main\resources to target\classes
2025-02-07 01:46:58,169 [Worker-57: Building] INFO  o.a.m.s.f.DefaultMavenResourcesFiltering - Copying 0 resource from src\main\resources to target\classes
2025-02-07 01:46:58,171 [Worker-57: Building] INFO  o.a.m.s.f.DefaultMavenResourcesFiltering - skip non existing resourceDirectory C:\Users\Samruddhi\OneDrive\Desktop\cdac-project\Celebrateit-backend\Celebrateit-backend\src\test\resources
2025-02-07 01:47:14,186 [Worker-56: Building] INFO  o.a.m.s.f.DefaultMavenResourcesFiltering - Copying 1 resource from src\main\resources to target\classes
2025-02-07 01:47:14,189 [Worker-56: Building] INFO  o.a.m.s.f.DefaultMavenResourcesFiltering - Copying 0 resource from src\main\resources to target\classes
2025-02-07 01:47:14,191 [Worker-56: Building] INFO  o.a.m.s.f.DefaultMavenResourcesFiltering - skip non existing resourceDirectory C:\Users\Samruddhi\OneDrive\Desktop\cdac-project\Celebrateit-backend\Celebrateit-backend\src\test\resources
2025-02-07 01:47:57,956 [Worker-58: Building] INFO  o.a.m.s.f.DefaultMavenResourcesFiltering - Copying 1 resource from src\main\resources to target\classes
2025-02-07 01:47:57,960 [Worker-58: Building] INFO  o.a.m.s.f.DefaultMavenResourcesFiltering - Copying 0 resource from src\main\resources to target\classes
2025-02-07 01:47:57,962 [Worker-58: Building] INFO  o.a.m.s.f.DefaultMavenResourcesFiltering - skip non existing resourceDirectory C:\Users\Samruddhi\OneDrive\Desktop\cdac-project\Celebrateit-backend\Celebrateit-backend\src\test\resources
2025-02-07 01:48:35,889 [Worker-58: Building] INFO  o.a.m.s.f.DefaultMavenResourcesFiltering - Copying 1 resource from src\main\resources to target\classes
2025-02-07 01:48:35,893 [Worker-58: Building] INFO  o.a.m.s.f.DefaultMavenResourcesFiltering - Copying 0 resource from src\main\resources to target\classes
2025-02-07 01:48:35,894 [Worker-58: Building] INFO  o.a.m.s.f.DefaultMavenResourcesFiltering - skip non existing resourceDirectory C:\Users\Samruddhi\OneDrive\Desktop\cdac-project\Celebrateit-backend\Celebrateit-backend\src\test\resources
2025-02-07 01:49:28,418 [Worker-58: Building] INFO  o.a.m.s.f.DefaultMavenResourcesFiltering - Copying 1 resource from src\main\resources to target\classes
2025-02-07 01:49:28,422 [Worker-58: Building] INFO  o.a.m.s.f.DefaultMavenResourcesFiltering - Copying 0 resource from src\main\resources to target\classes
2025-02-07 01:49:28,423 [Worker-58: Building] INFO  o.a.m.s.f.DefaultMavenResourcesFiltering - skip non existing resourceDirectory C:\Users\Samruddhi\OneDrive\Desktop\cdac-project\Celebrateit-backend\Celebrateit-backend\src\test\resources
2025-02-07 01:49:53,520 [Worker-57: Building] INFO  o.a.m.s.f.DefaultMavenResourcesFiltering - Copying 1 resource from src\main\resources to target\classes
2025-02-07 01:49:53,524 [Worker-57: Building] INFO  o.a.m.s.f.DefaultMavenResourcesFiltering - Copying 0 resource from src\main\resources to target\classes
2025-02-07 01:49:53,526 [Worker-57: Building] INFO  o.a.m.s.f.DefaultMavenResourcesFiltering - skip non existing resourceDirectory C:\Users\Samruddhi\OneDrive\Desktop\cdac-project\Celebrateit-backend\Celebrateit-backend\src\test\resources
2025-02-07 01:50:27,997 [Worker-50: Building] INFO  o.a.m.s.f.DefaultMavenResourcesFiltering - Copying 1 resource from src\main\resources to target\classes
2025-02-07 01:50:28,000 [Worker-50: Building] INFO  o.a.m.s.f.DefaultMavenResourcesFiltering - Copying 0 resource from src\main\resources to target\classes
2025-02-07 01:50:28,002 [Worker-50: Building] INFO  o.a.m.s.f.DefaultMavenResourcesFiltering - skip non existing resourceDirectory C:\Users\Samruddhi\OneDrive\Desktop\cdac-project\Celebrateit-backend\Celebrateit-backend\src\test\resources
2025-02-07 01:51:30,650 [Worker-58: Building] INFO  o.a.m.s.f.DefaultMavenResourcesFiltering - Copying 1 resource from src\main\resources to target\classes
2025-02-07 01:51:30,653 [Worker-58: Building] INFO  o.a.m.s.f.DefaultMavenResourcesFiltering - Copying 0 resource from src\main\resources to target\classes
2025-02-07 01:51:30,656 [Worker-58: Building] INFO  o.a.m.s.f.DefaultMavenResourcesFiltering - skip non existing resourceDirectory C:\Users\Samruddhi\OneDrive\Desktop\cdac-project\Celebrateit-backend\Celebrateit-backend\src\test\resources
2025-02-07 01:53:53,097 [Worker-50: Building] INFO  o.a.m.s.f.DefaultMavenResourcesFiltering - Copying 1 resource from src\main\resources to target\classes
2025-02-07 01:53:53,106 [Worker-50: Building] INFO  o.a.m.s.f.DefaultMavenResourcesFiltering - Copying 0 resource from src\main\resources to target\classes
2025-02-07 01:53:53,108 [Worker-50: Building] INFO  o.a.m.s.f.DefaultMavenResourcesFiltering - skip non existing resourceDirectory C:\Users\Samruddhi\OneDrive\Desktop\cdac-project\Celebrateit-backend\Celebrateit-backend\src\test\resources
2025-02-07 01:54:18,440 [Worker-58: Building] INFO  o.a.m.s.f.DefaultMavenResourcesFiltering - Copying 1 resource from src\main\resources to target\classes
2025-02-07 01:54:18,445 [Worker-58: Building] INFO  o.a.m.s.f.DefaultMavenResourcesFiltering - Copying 0 resource from src\main\resources to target\classes
2025-02-07 01:54:18,447 [Worker-58: Building] INFO  o.a.m.s.f.DefaultMavenResourcesFiltering - skip non existing resourceDirectory C:\Users\Samruddhi\OneDrive\Desktop\cdac-project\Celebrateit-backend\Celebrateit-backend\src\test\resources
2025-02-07 01:55:37,337 [Worker-57: Building] INFO  o.a.m.s.f.DefaultMavenResourcesFiltering - Copying 1 resource from src\main\resources to target\classes
2025-02-07 01:55:37,342 [Worker-57: Building] INFO  o.a.m.s.f.DefaultMavenResourcesFiltering - Copying 0 resource from src\main\resources to target\classes
2025-02-07 01:55:37,345 [Worker-57: Building] INFO  o.a.m.s.f.DefaultMavenResourcesFiltering - skip non existing resourceDirectory C:\Users\Samruddhi\OneDrive\Desktop\cdac-project\Celebrateit-backend\Celebrateit-backend\src\test\resources
2025-02-07 01:57:15,657 [Worker-60: Building] INFO  o.a.m.s.f.DefaultMavenResourcesFiltering - Copying 1 resource from src\main\resources to target\classes
2025-02-07 01:57:15,660 [Worker-60: Building] INFO  o.a.m.s.f.DefaultMavenResourcesFiltering - Copying 0 resource from src\main\resources to target\classes
2025-02-07 01:57:15,662 [Worker-60: Building] INFO  o.a.m.s.f.DefaultMavenResourcesFiltering - skip non existing resourceDirectory C:\Users\Samruddhi\OneDrive\Desktop\cdac-project\Celebrateit-backend\Celebrateit-backend\src\test\resources
2025-02-07 01:57:23,487 [Worker-47: Building] INFO  o.a.m.s.f.DefaultMavenResourcesFiltering - Copying 1 resource from src\main\resources to target\classes
2025-02-07 01:57:23,492 [Worker-47: Building] INFO  o.a.m.s.f.DefaultMavenResourcesFiltering - Copying 0 resource from src\main\resources to target\classes
2025-02-07 01:57:23,496 [Worker-47: Building] INFO  o.a.m.s.f.DefaultMavenResourcesFiltering - skip non existing resourceDirectory C:\Users\Samruddhi\OneDrive\Desktop\cdac-project\Celebrateit-backend\Celebrateit-backend\src\test\resources
2025-02-07 01:58:48,270 [Worker-47: Building] INFO  o.a.m.s.f.DefaultMavenResourcesFiltering - Copying 1 resource from src\main\resources to target\classes
2025-02-07 01:58:48,286 [Worker-47: Building] INFO  o.a.m.s.f.DefaultMavenResourcesFiltering - Copying 0 resource from src\main\resources to target\classes
2025-02-07 01:58:48,294 [Worker-47: Building] INFO  o.a.m.s.f.DefaultMavenResourcesFiltering - skip non existing resourceDirectory C:\Users\Samruddhi\OneDrive\Desktop\cdac-project\Celebrateit-backend\Celebrateit-backend\src\test\resources
2025-02-07 01:58:56,948 [Worker-50: Building] INFO  o.a.m.s.f.DefaultMavenResourcesFiltering - Copying 1 resource from src\main\resources to target\classes
2025-02-07 01:58:56,951 [Worker-50: Building] INFO  o.a.m.s.f.DefaultMavenResourcesFiltering - Copying 0 resource from src\main\resources to target\classes
2025-02-07 01:58:56,953 [Worker-50: Building] INFO  o.a.m.s.f.DefaultMavenResourcesFiltering - skip non existing resourceDirectory C:\Users\Samruddhi\OneDrive\Desktop\cdac-project\Celebrateit-backend\Celebrateit-backend\src\test\resources
2025-02-07 01:59:12,949 [Worker-50: Building] INFO  o.a.m.s.f.DefaultMavenResourcesFiltering - Copying 1 resource from src\main\resources to target\classes
2025-02-07 01:59:12,954 [Worker-50: Building] INFO  o.a.m.s.f.DefaultMavenResourcesFiltering - Copying 0 resource from src\main\resources to target\classes
2025-02-07 01:59:12,957 [Worker-50: Building] INFO  o.a.m.s.f.DefaultMavenResourcesFiltering - skip non existing resourceDirectory C:\Users\Samruddhi\OneDrive\Desktop\cdac-project\Celebrateit-backend\Celebrateit-backend\src\test\resources
2025-02-07 01:59:20,828 [Worker-50: Building] INFO  o.a.m.s.f.DefaultMavenResourcesFiltering - Copying 1 resource from src\main\resources to target\classes
2025-02-07 01:59:20,833 [Worker-50: Building] INFO  o.a.m.s.f.DefaultMavenResourcesFiltering - Copying 0 resource from src\main\resources to target\classes
2025-02-07 01:59:20,836 [Worker-50: Building] INFO  o.a.m.s.f.DefaultMavenResourcesFiltering - skip non existing resourceDirectory C:\Users\Samruddhi\OneDrive\Desktop\cdac-project\Celebrateit-backend\Celebrateit-backend\src\test\resources
2025-02-07 11:08:24,325 [Worker-2: Loading available Gradle versions] INFO  o.e.b.c.i.u.g.PublishedGradleVersions - Gradle version information cache is up-to-date. Trying to read.
2025-02-07 11:22:17,104 [Worker-17: Building] INFO  o.a.m.s.f.DefaultMavenResourcesFiltering - Copying 1 resource from src\main\resources to target\classes
2025-02-07 11:22:17,119 [Worker-17: Building] INFO  o.a.m.s.f.DefaultMavenResourcesFiltering - Copying 0 resource from src\main\resources to target\classes
2025-02-07 11:22:17,123 [Worker-17: Building] INFO  o.a.m.s.f.DefaultMavenResourcesFiltering - skip non existing resourceDirectory C:\Users\Samruddhi\OneDrive\Desktop\cdac-project\Celebrateit-backend\Celebrateit-backend\src\test\resources
2025-02-07 11:24:39,095 [Worker-22: Building] INFO  o.a.m.s.f.DefaultMavenResourcesFiltering - Copying 1 resource from src\main\resources to target\classes
2025-02-07 11:24:39,101 [Worker-22: Building] INFO  o.a.m.s.f.DefaultMavenResourcesFiltering - Copying 0 resource from src\main\resources to target\classes
2025-02-07 11:24:39,104 [Worker-22: Building] INFO  o.a.m.s.f.DefaultMavenResourcesFiltering - skip non existing resourceDirectory C:\Users\Samruddhi\OneDrive\Desktop\cdac-project\Celebrateit-backend\Celebrateit-backend\src\test\resources
2025-02-07 11:25:46,693 [Worker-18: Building] INFO  o.a.m.s.f.DefaultMavenResourcesFiltering - Copying 1 resource from src\main\resources to target\classes
2025-02-07 11:25:46,696 [Worker-18: Building] INFO  o.a.m.s.f.DefaultMavenResourcesFiltering - Copying 0 resource from src\main\resources to target\classes
2025-02-07 11:25:46,699 [Worker-18: Building] INFO  o.a.m.s.f.DefaultMavenResourcesFiltering - skip non existing resourceDirectory C:\Users\Samruddhi\OneDrive\Desktop\cdac-project\Celebrateit-backend\Celebrateit-backend\src\test\resources
2025-02-07 11:26:23,637 [Worker-22: Building] INFO  o.a.m.s.f.DefaultMavenResourcesFiltering - Copying 1 resource from src\main\resources to target\classes
2025-02-07 11:26:23,640 [Worker-22: Building] INFO  o.a.m.s.f.DefaultMavenResourcesFiltering - Copying 0 resource from src\main\resources to target\classes
2025-02-07 11:26:23,642 [Worker-22: Building] INFO  o.a.m.s.f.DefaultMavenResourcesFiltering - skip non existing resourceDirectory C:\Users\Samruddhi\OneDrive\Desktop\cdac-project\Celebrateit-backend\Celebrateit-backend\src\test\resources
2025-02-07 11:30:56,762 [Worker-24: Building] INFO  o.e.m.c.i.l.LifecycleMappingFactory - Using org.eclipse.m2e.jdt.JarLifecycleMapping lifecycle mapping for MavenProject: com.celebrateit:Celebrateit-backend:0.0.1-SNAPSHOT @ C:\Users\Samruddhi\OneDrive\Desktop\cdac-project\Celebrateit-backend\Celebrateit-backend\pom.xml.
2025-02-07 11:30:57,382 [Worker-24: Building] INFO  o.a.m.s.f.DefaultMavenResourcesFiltering - Copying 0 resource from src\main\resources to target\classes
2025-02-07 11:30:57,383 [Worker-24: Building] INFO  o.a.m.s.f.DefaultMavenResourcesFiltering - Copying 0 resource from src\main\resources to target\classes
2025-02-07 11:30:57,387 [Worker-24: Building] INFO  o.a.m.s.f.DefaultMavenResourcesFiltering - skip non existing resourceDirectory C:\Users\Samruddhi\OneDrive\Desktop\cdac-project\Celebrateit-backend\Celebrateit-backend\src\test\resources
2025-02-07 11:30:59,006 [Worker-26: Building] INFO  o.a.m.s.f.DefaultMavenResourcesFiltering - Copying 1 resource from src\main\resources to target\classes
2025-02-07 11:30:59,047 [Worker-26: Building] INFO  o.a.m.s.f.DefaultMavenResourcesFiltering - Copying 0 resource from src\main\resources to target\classes
2025-02-07 11:30:59,050 [Worker-26: Building] INFO  o.a.m.s.f.DefaultMavenResourcesFiltering - skip non existing resourceDirectory C:\Users\Samruddhi\OneDrive\Desktop\cdac-project\Celebrateit-backend\Celebrateit-backend\src\test\resources
2025-02-07 11:31:09,540 [main] INFO  o.e.m2e.actions.ExecutePomAction - Creating new launch configuration
2025-02-07 11:31:17,937 [Worker-27: Launching Celebrateit-backend (5)] INFO  o.eclipse.m2e.core.internal.Bundles - getClasspathEntries(Bundle=org.eclipse.m2e.maven.runtime_3.9.900.20240824-1409 [359])
2025-02-07 11:31:17,938 [Worker-27: Launching Celebrateit-backend (5)] INFO  o.eclipse.m2e.core.internal.Bundles - 	Entry: D:\sts-4.26.0.RELEASE\plugins\org.eclipse.m2e.maven.runtime_3.9.900.20240824-1409
2025-02-07 11:31:17,939 [Worker-27: Launching Celebrateit-backend (5)] INFO  o.eclipse.m2e.core.internal.Bundles - 	Entry: D:\sts-4.26.0.RELEASE\plugins\org.eclipse.m2e.maven.runtime_3.9.900.20240824-1409\jars\aopalliance-1.0.jar
2025-02-07 11:31:17,939 [Worker-27: Launching Celebrateit-backend (5)] INFO  o.eclipse.m2e.core.internal.Bundles - 	Entry: D:\sts-4.26.0.RELEASE\plugins\org.eclipse.m2e.maven.runtime_3.9.900.20240824-1409\jars\guice-5.1.0.jar
2025-02-07 11:31:17,939 [Worker-27: Launching Celebrateit-backend (5)] INFO  o.eclipse.m2e.core.internal.Bundles - 	Entry: D:\sts-4.26.0.RELEASE\plugins\org.eclipse.m2e.maven.runtime_3.9.900.20240824-1409\jars\httpclient-4.5.14.jar
2025-02-07 11:31:17,939 [Worker-27: Launching Celebrateit-backend (5)] INFO  o.eclipse.m2e.core.internal.Bundles - 	Entry: D:\sts-4.26.0.RELEASE\plugins\org.eclipse.m2e.maven.runtime_3.9.900.20240824-1409\jars\httpcore-4.4.16.jar
2025-02-07 11:31:17,939 [Worker-27: Launching Celebrateit-backend (5)] INFO  o.eclipse.m2e.core.internal.Bundles - 	Entry: D:\sts-4.26.0.RELEASE\plugins\org.eclipse.m2e.maven.runtime_3.9.900.20240824-1409\jars\jansi-2.4.1.jar
2025-02-07 11:31:17,939 [Worker-27: Launching Celebrateit-backend (5)] INFO  o.eclipse.m2e.core.internal.Bundles - 	Entry: D:\sts-4.26.0.RELEASE\plugins\org.eclipse.m2e.maven.runtime_3.9.900.20240824-1409\jars\jcl-over-slf4j-1.7.36.jar
2025-02-07 11:31:17,939 [Worker-27: Launching Celebrateit-backend (5)] INFO  o.eclipse.m2e.core.internal.Bundles - 	Entry: D:\sts-4.26.0.RELEASE\plugins\org.eclipse.m2e.maven.runtime_3.9.900.20240824-1409\jars\maven-artifact-3.9.9.jar
2025-02-07 11:31:17,939 [Worker-27: Launching Celebrateit-backend (5)] INFO  o.eclipse.m2e.core.internal.Bundles - 	Entry: D:\sts-4.26.0.RELEASE\plugins\org.eclipse.m2e.maven.runtime_3.9.900.20240824-1409\jars\maven-builder-support-3.9.9.jar
2025-02-07 11:31:17,939 [Worker-27: Launching Celebrateit-backend (5)] INFO  o.eclipse.m2e.core.internal.Bundles - 	Entry: D:\sts-4.26.0.RELEASE\plugins\org.eclipse.m2e.maven.runtime_3.9.900.20240824-1409\jars\maven-compat-3.9.9.jar
2025-02-07 11:31:17,939 [Worker-27: Launching Celebrateit-backend (5)] INFO  o.eclipse.m2e.core.internal.Bundles - 	Entry: D:\sts-4.26.0.RELEASE\plugins\org.eclipse.m2e.maven.runtime_3.9.900.20240824-1409\jars\maven-core-3.9.9.jar
2025-02-07 11:31:17,939 [Worker-27: Launching Celebrateit-backend (5)] INFO  o.eclipse.m2e.core.internal.Bundles - 	Entry: D:\sts-4.26.0.RELEASE\plugins\org.eclipse.m2e.maven.runtime_3.9.900.20240824-1409\jars\maven-embedder-3.9.9.jar
2025-02-07 11:31:17,939 [Worker-27: Launching Celebrateit-backend (5)] INFO  o.eclipse.m2e.core.internal.Bundles - 	Entry: D:\sts-4.26.0.RELEASE\plugins\org.eclipse.m2e.maven.runtime_3.9.900.20240824-1409\jars\maven-model-3.9.9.jar
2025-02-07 11:31:17,939 [Worker-27: Launching Celebrateit-backend (5)] INFO  o.eclipse.m2e.core.internal.Bundles - 	Entry: D:\sts-4.26.0.RELEASE\plugins\org.eclipse.m2e.maven.runtime_3.9.900.20240824-1409\jars\maven-model-builder-3.9.9.jar
2025-02-07 11:31:17,939 [Worker-27: Launching Celebrateit-backend (5)] INFO  o.eclipse.m2e.core.internal.Bundles - 	Entry: D:\sts-4.26.0.RELEASE\plugins\org.eclipse.m2e.maven.runtime_3.9.900.20240824-1409\jars\maven-plugin-api-3.9.9.jar
2025-02-07 11:31:17,940 [Worker-27: Launching Celebrateit-backend (5)] INFO  o.eclipse.m2e.core.internal.Bundles - 	Entry: D:\sts-4.26.0.RELEASE\plugins\org.eclipse.m2e.maven.runtime_3.9.900.20240824-1409\jars\maven-repository-metadata-3.9.9.jar
2025-02-07 11:31:17,940 [Worker-27: Launching Celebrateit-backend (5)] INFO  o.eclipse.m2e.core.internal.Bundles - 	Entry: D:\sts-4.26.0.RELEASE\plugins\org.eclipse.m2e.maven.runtime_3.9.900.20240824-1409\jars\maven-resolver-api-1.9.22.jar
2025-02-07 11:31:17,940 [Worker-27: Launching Celebrateit-backend (5)] INFO  o.eclipse.m2e.core.internal.Bundles - 	Entry: D:\sts-4.26.0.RELEASE\plugins\org.eclipse.m2e.maven.runtime_3.9.900.20240824-1409\jars\maven-resolver-connector-basic-1.9.22.jar
2025-02-07 11:31:17,940 [Worker-27: Launching Celebrateit-backend (5)] INFO  o.eclipse.m2e.core.internal.Bundles - 	Entry: D:\sts-4.26.0.RELEASE\plugins\org.eclipse.m2e.maven.runtime_3.9.900.20240824-1409\jars\maven-resolver-impl-1.9.22.jar
2025-02-07 11:31:17,940 [Worker-27: Launching Celebrateit-backend (5)] INFO  o.eclipse.m2e.core.internal.Bundles - 	Entry: D:\sts-4.26.0.RELEASE\plugins\org.eclipse.m2e.maven.runtime_3.9.900.20240824-1409\jars\maven-resolver-named-locks-1.9.22.jar
2025-02-07 11:31:17,940 [Worker-27: Launching Celebrateit-backend (5)] INFO  o.eclipse.m2e.core.internal.Bundles - 	Entry: D:\sts-4.26.0.RELEASE\plugins\org.eclipse.m2e.maven.runtime_3.9.900.20240824-1409\jars\maven-resolver-provider-3.9.9.jar
2025-02-07 11:31:17,940 [Worker-27: Launching Celebrateit-backend (5)] INFO  o.eclipse.m2e.core.internal.Bundles - 	Entry: D:\sts-4.26.0.RELEASE\plugins\org.eclipse.m2e.maven.runtime_3.9.900.20240824-1409\jars\maven-resolver-spi-1.9.22.jar
2025-02-07 11:31:17,940 [Worker-27: Launching Celebrateit-backend (5)] INFO  o.eclipse.m2e.core.internal.Bundles - 	Entry: D:\sts-4.26.0.RELEASE\plugins\org.eclipse.m2e.maven.runtime_3.9.900.20240824-1409\jars\maven-resolver-transport-file-1.9.22.jar
2025-02-07 11:31:17,940 [Worker-27: Launching Celebrateit-backend (5)] INFO  o.eclipse.m2e.core.internal.Bundles - 	Entry: D:\sts-4.26.0.RELEASE\plugins\org.eclipse.m2e.maven.runtime_3.9.900.20240824-1409\jars\maven-resolver-transport-http-1.9.22.jar
2025-02-07 11:31:17,940 [Worker-27: Launching Celebrateit-backend (5)] INFO  o.eclipse.m2e.core.internal.Bundles - 	Entry: D:\sts-4.26.0.RELEASE\plugins\org.eclipse.m2e.maven.runtime_3.9.900.20240824-1409\jars\maven-resolver-transport-wagon-1.9.22.jar
2025-02-07 11:31:17,940 [Worker-27: Launching Celebrateit-backend (5)] INFO  o.eclipse.m2e.core.internal.Bundles - 	Entry: D:\sts-4.26.0.RELEASE\plugins\org.eclipse.m2e.maven.runtime_3.9.900.20240824-1409\jars\maven-resolver-util-1.9.22.jar
2025-02-07 11:31:17,940 [Worker-27: Launching Celebrateit-backend (5)] INFO  o.eclipse.m2e.core.internal.Bundles - 	Entry: D:\sts-4.26.0.RELEASE\plugins\org.eclipse.m2e.maven.runtime_3.9.900.20240824-1409\jars\maven-settings-3.9.9.jar
2025-02-07 11:31:17,941 [Worker-27: Launching Celebrateit-backend (5)] INFO  o.eclipse.m2e.core.internal.Bundles - 	Entry: D:\sts-4.26.0.RELEASE\plugins\org.eclipse.m2e.maven.runtime_3.9.900.20240824-1409\jars\maven-settings-builder-3.9.9.jar
2025-02-07 11:31:17,941 [Worker-27: Launching Celebrateit-backend (5)] INFO  o.eclipse.m2e.core.internal.Bundles - 	Entry: D:\sts-4.26.0.RELEASE\plugins\org.eclipse.m2e.maven.runtime_3.9.900.20240824-1409\jars\maven-shared-utils-3.4.2.jar
2025-02-07 11:31:17,941 [Worker-27: Launching Celebrateit-backend (5)] INFO  o.eclipse.m2e.core.internal.Bundles - 	Entry: D:\sts-4.26.0.RELEASE\plugins\org.eclipse.m2e.maven.runtime_3.9.900.20240824-1409\jars\org.eclipse.sisu.inject-0.9.0.M3.jar
2025-02-07 11:31:17,941 [Worker-27: Launching Celebrateit-backend (5)] INFO  o.eclipse.m2e.core.internal.Bundles - 	Entry: D:\sts-4.26.0.RELEASE\plugins\org.eclipse.m2e.maven.runtime_3.9.900.20240824-1409\jars\org.eclipse.sisu.plexus-0.9.0.M3.jar
2025-02-07 11:31:17,941 [Worker-27: Launching Celebrateit-backend (5)] INFO  o.eclipse.m2e.core.internal.Bundles - 	Entry: D:\sts-4.26.0.RELEASE\plugins\org.eclipse.m2e.maven.runtime_3.9.900.20240824-1409\jars\plexus-build-api-0.0.7.jar
2025-02-07 11:31:17,941 [Worker-27: Launching Celebrateit-backend (5)] INFO  o.eclipse.m2e.core.internal.Bundles - 	Entry: D:\sts-4.26.0.RELEASE\plugins\org.eclipse.m2e.maven.runtime_3.9.900.20240824-1409\jars\plexus-build-api-1.2.0.jar
2025-02-07 11:31:17,941 [Worker-27: Launching Celebrateit-backend (5)] INFO  o.eclipse.m2e.core.internal.Bundles - 	Entry: D:\sts-4.26.0.RELEASE\plugins\org.eclipse.m2e.maven.runtime_3.9.900.20240824-1409\jars\plexus-cipher-2.0.jar
2025-02-07 11:31:17,941 [Worker-27: Launching Celebrateit-backend (5)] INFO  o.eclipse.m2e.core.internal.Bundles - 	Entry: D:\sts-4.26.0.RELEASE\plugins\org.eclipse.m2e.maven.runtime_3.9.900.20240824-1409\jars\plexus-classworlds-2.8.0.jar
2025-02-07 11:31:17,941 [Worker-27: Launching Celebrateit-backend (5)] INFO  o.eclipse.m2e.core.internal.Bundles - 	Entry: D:\sts-4.26.0.RELEASE\plugins\org.eclipse.m2e.maven.runtime_3.9.900.20240824-1409\jars\plexus-component-annotations-2.1.0.jar
2025-02-07 11:31:17,941 [Worker-27: Launching Celebrateit-backend (5)] INFO  o.eclipse.m2e.core.internal.Bundles - 	Entry: D:\sts-4.26.0.RELEASE\plugins\org.eclipse.m2e.maven.runtime_3.9.900.20240824-1409\jars\plexus-interpolation-1.27.jar
2025-02-07 11:31:17,941 [Worker-27: Launching Celebrateit-backend (5)] INFO  o.eclipse.m2e.core.internal.Bundles - 	Entry: D:\sts-4.26.0.RELEASE\plugins\org.eclipse.m2e.maven.runtime_3.9.900.20240824-1409\jars\plexus-sec-dispatcher-2.0.jar
2025-02-07 11:31:17,941 [Worker-27: Launching Celebrateit-backend (5)] INFO  o.eclipse.m2e.core.internal.Bundles - 	Entry: D:\sts-4.26.0.RELEASE\plugins\org.eclipse.m2e.maven.runtime_3.9.900.20240824-1409\jars\plexus-utils-3.5.1.jar
2025-02-07 11:31:17,941 [Worker-27: Launching Celebrateit-backend (5)] INFO  o.eclipse.m2e.core.internal.Bundles - 	Entry: D:\sts-4.26.0.RELEASE\plugins\org.eclipse.m2e.maven.runtime_3.9.900.20240824-1409\jars\plexus-xml-3.0.1.jar
2025-02-07 11:31:17,941 [Worker-27: Launching Celebrateit-backend (5)] INFO  o.eclipse.m2e.core.internal.Bundles - 	Entry: D:\sts-4.26.0.RELEASE\plugins\org.eclipse.m2e.maven.runtime_3.9.900.20240824-1409\jars\wagon-file-3.5.3.jar
2025-02-07 11:31:17,941 [Worker-27: Launching Celebrateit-backend (5)] INFO  o.eclipse.m2e.core.internal.Bundles - 	Entry: D:\sts-4.26.0.RELEASE\plugins\org.eclipse.m2e.maven.runtime_3.9.900.20240824-1409\jars\wagon-http-3.5.3.jar
2025-02-07 11:31:17,941 [Worker-27: Launching Celebrateit-backend (5)] INFO  o.eclipse.m2e.core.internal.Bundles - 	Entry: D:\sts-4.26.0.RELEASE\plugins\org.eclipse.m2e.maven.runtime_3.9.900.20240824-1409\jars\wagon-http-shared-3.5.3.jar
2025-02-07 11:31:17,941 [Worker-27: Launching Celebrateit-backend (5)] INFO  o.eclipse.m2e.core.internal.Bundles - 	Entry: D:\sts-4.26.0.RELEASE\plugins\org.eclipse.m2e.maven.runtime_3.9.900.20240824-1409\jars\wagon-provider-api-3.5.3.jar
2025-02-07 11:31:17,942 [Worker-27: Launching Celebrateit-backend (5)] INFO  o.eclipse.m2e.core.internal.Bundles - getClasspathEntries(Bundle=com.google.guava_33.3.0.jre [29])
2025-02-07 11:31:17,943 [Worker-27: Launching Celebrateit-backend (5)] INFO  o.eclipse.m2e.core.internal.Bundles - 	Entry: D:\sts-4.26.0.RELEASE\plugins\com.google.guava_33.3.0.jre.jar
2025-02-07 11:31:17,943 [Worker-27: Launching Celebrateit-backend (5)] INFO  o.eclipse.m2e.core.internal.Bundles - getClasspathEntries(Bundle=slf4j.api_2.0.16 [592])
2025-02-07 11:31:17,943 [Worker-27: Launching Celebrateit-backend (5)] INFO  o.eclipse.m2e.core.internal.Bundles - 	Entry: D:\sts-4.26.0.RELEASE\plugins\slf4j.api_2.0.16.jar
2025-02-07 11:31:17,943 [Worker-27: Launching Celebrateit-backend (5)] INFO  o.eclipse.m2e.core.internal.Bundles - getClasspathEntries(Bundle=jakarta.inject.jakarta.inject-api_1.0.5 [45])
2025-02-07 11:31:17,943 [Worker-27: Launching Celebrateit-backend (5)] INFO  o.eclipse.m2e.core.internal.Bundles - 	Entry: D:\sts-4.26.0.RELEASE\plugins\jakarta.inject.jakarta.inject-api_1.0.5.jar
2025-02-07 11:31:17,943 [Worker-27: Launching Celebrateit-backend (5)] INFO  o.eclipse.m2e.core.internal.Bundles - getClasspathEntries(Bundle=jakarta.annotation-api_1.3.5 [41])
2025-02-07 11:31:17,943 [Worker-27: Launching Celebrateit-backend (5)] INFO  o.eclipse.m2e.core.internal.Bundles - 	Entry: D:\sts-4.26.0.RELEASE\plugins\jakarta.annotation-api_1.3.5.jar
2025-02-07 11:31:17,944 [Worker-27: Launching Celebrateit-backend (5)] INFO  o.eclipse.m2e.core.internal.Bundles - getClasspathEntries(Bundle=org.apache.commons.cli_1.9.0 [77])
2025-02-07 11:31:17,944 [Worker-27: Launching Celebrateit-backend (5)] INFO  o.eclipse.m2e.core.internal.Bundles - 	Entry: D:\sts-4.26.0.RELEASE\plugins\org.apache.commons.cli_1.9.0.jar
2025-02-07 11:31:17,944 [Worker-27: Launching Celebrateit-backend (5)] INFO  o.eclipse.m2e.core.internal.Bundles - getClasspathEntries(Bundle=org.apache.commons.commons-codec_1.16.0 [80])
2025-02-07 11:31:17,944 [Worker-27: Launching Celebrateit-backend (5)] INFO  o.eclipse.m2e.core.internal.Bundles - 	Entry: D:\sts-4.26.0.RELEASE\plugins\org.apache.commons.commons-codec_1.16.0.jar
2025-02-07 11:31:17,944 [Worker-27: Launching Celebrateit-backend (5)] INFO  o.eclipse.m2e.core.internal.Bundles - getClasspathEntries(Bundle=com.google.guava.failureaccess_1.0.2 [30])
2025-02-07 11:31:17,944 [Worker-27: Launching Celebrateit-backend (5)] INFO  o.eclipse.m2e.core.internal.Bundles - 	Entry: D:\sts-4.26.0.RELEASE\plugins\com.google.guava.failureaccess_1.0.2.jar
2025-02-07 11:31:17,947 [Worker-27: Launching Celebrateit-backend (5)] INFO  o.e.m.i.launch.MavenLaunchDelegate - Run build in "C:\Users\Samruddhi\OneDrive\Desktop\cdac-project\Celebrateit-backend\Celebrateit-backend":
2025-02-07 11:31:17,950 [Worker-27: Launching Celebrateit-backend (5)] INFO  o.e.m.i.launch.MavenLaunchDelegate -  mvn  -B -Dstyle.color=always clean compile
2025-02-07 11:31:42,854 [Worker-27: Building] INFO  o.a.m.s.f.DefaultMavenResourcesFiltering - Copying 1 resource from src\main\resources to target\classes
2025-02-07 11:31:42,862 [Worker-27: Building] INFO  o.a.m.s.f.DefaultMavenResourcesFiltering - Copying 0 resource from src\main\resources to target\classes
2025-02-07 11:31:42,864 [Worker-27: Building] INFO  o.a.m.s.f.DefaultMavenResourcesFiltering - skip non existing resourceDirectory C:\Users\Samruddhi\OneDrive\Desktop\cdac-project\Celebrateit-backend\Celebrateit-backend\src\test\resources
2025-02-07 11:31:46,864 [Worker-25: Building] INFO  o.a.m.s.f.DefaultMavenResourcesFiltering - Copying 1 resource from src\main\resources to target\classes
2025-02-07 11:31:46,869 [Worker-25: Building] INFO  o.a.m.s.f.DefaultMavenResourcesFiltering - Copying 0 resource from src\main\resources to target\classes
2025-02-07 11:31:46,871 [Worker-25: Building] INFO  o.a.m.s.f.DefaultMavenResourcesFiltering - skip non existing resourceDirectory C:\Users\Samruddhi\OneDrive\Desktop\cdac-project\Celebrateit-backend\Celebrateit-backend\src\test\resources
2025-02-07 11:31:49,630 [Worker-21: Building] INFO  o.a.m.s.f.DefaultMavenResourcesFiltering - Copying 0 resource from src\main\resources to target\classes
2025-02-07 11:31:49,630 [Worker-21: Building] INFO  o.a.m.s.f.DefaultMavenResourcesFiltering - Copying 0 resource from src\main\resources to target\classes
2025-02-07 11:31:49,634 [Worker-21: Building] INFO  o.a.m.s.f.DefaultMavenResourcesFiltering - skip non existing resourceDirectory C:\Users\Samruddhi\OneDrive\Desktop\cdac-project\Celebrateit-backend\Celebrateit-backend\src\test\resources
2025-02-07 11:31:53,315 [Worker-27: Building] INFO  o.a.m.s.f.DefaultMavenResourcesFiltering - Copying 1 resource from src\main\resources to target\classes
2025-02-07 11:31:53,319 [Worker-27: Building] INFO  o.a.m.s.f.DefaultMavenResourcesFiltering - Copying 0 resource from src\main\resources to target\classes
2025-02-07 11:31:53,321 [Worker-27: Building] INFO  o.a.m.s.f.DefaultMavenResourcesFiltering - skip non existing resourceDirectory C:\Users\Samruddhi\OneDrive\Desktop\cdac-project\Celebrateit-backend\Celebrateit-backend\src\test\resources
2025-02-07 11:32:02,617 [Worker-28: Building] INFO  o.a.m.s.f.DefaultMavenResourcesFiltering - Copying 0 resource from src\main\resources to target\classes
2025-02-07 11:32:02,618 [Worker-28: Building] INFO  o.a.m.s.f.DefaultMavenResourcesFiltering - Copying 0 resource from src\main\resources to target\classes
2025-02-07 11:32:02,620 [Worker-28: Building] INFO  o.a.m.s.f.DefaultMavenResourcesFiltering - skip non existing resourceDirectory C:\Users\Samruddhi\OneDrive\Desktop\cdac-project\Celebrateit-backend\Celebrateit-backend\src\test\resources
2025-02-07 11:32:25,677 [main] INFO  o.e.m2e.actions.ExecutePomAction - Creating new launch configuration
2025-02-07 11:32:31,418 [Worker-28: Launching Celebrateit-backend (6)] INFO  o.eclipse.m2e.core.internal.Bundles - getClasspathEntries(Bundle=org.eclipse.m2e.maven.runtime_3.9.900.20240824-1409 [359])
2025-02-07 11:32:31,418 [Worker-28: Launching Celebrateit-backend (6)] INFO  o.eclipse.m2e.core.internal.Bundles - 	Entry: D:\sts-4.26.0.RELEASE\plugins\org.eclipse.m2e.maven.runtime_3.9.900.20240824-1409
2025-02-07 11:32:31,418 [Worker-28: Launching Celebrateit-backend (6)] INFO  o.eclipse.m2e.core.internal.Bundles - 	Entry: D:\sts-4.26.0.RELEASE\plugins\org.eclipse.m2e.maven.runtime_3.9.900.20240824-1409\jars\aopalliance-1.0.jar
2025-02-07 11:32:31,418 [Worker-28: Launching Celebrateit-backend (6)] INFO  o.eclipse.m2e.core.internal.Bundles - 	Entry: D:\sts-4.26.0.RELEASE\plugins\org.eclipse.m2e.maven.runtime_3.9.900.20240824-1409\jars\guice-5.1.0.jar
2025-02-07 11:32:31,418 [Worker-28: Launching Celebrateit-backend (6)] INFO  o.eclipse.m2e.core.internal.Bundles - 	Entry: D:\sts-4.26.0.RELEASE\plugins\org.eclipse.m2e.maven.runtime_3.9.900.20240824-1409\jars\httpclient-4.5.14.jar
2025-02-07 11:32:31,418 [Worker-28: Launching Celebrateit-backend (6)] INFO  o.eclipse.m2e.core.internal.Bundles - 	Entry: D:\sts-4.26.0.RELEASE\plugins\org.eclipse.m2e.maven.runtime_3.9.900.20240824-1409\jars\httpcore-4.4.16.jar
2025-02-07 11:32:31,418 [Worker-28: Launching Celebrateit-backend (6)] INFO  o.eclipse.m2e.core.internal.Bundles - 	Entry: D:\sts-4.26.0.RELEASE\plugins\org.eclipse.m2e.maven.runtime_3.9.900.20240824-1409\jars\jansi-2.4.1.jar
2025-02-07 11:32:31,418 [Worker-28: Launching Celebrateit-backend (6)] INFO  o.eclipse.m2e.core.internal.Bundles - 	Entry: D:\sts-4.26.0.RELEASE\plugins\org.eclipse.m2e.maven.runtime_3.9.900.20240824-1409\jars\jcl-over-slf4j-1.7.36.jar
2025-02-07 11:32:31,418 [Worker-28: Launching Celebrateit-backend (6)] INFO  o.eclipse.m2e.core.internal.Bundles - 	Entry: D:\sts-4.26.0.RELEASE\plugins\org.eclipse.m2e.maven.runtime_3.9.900.20240824-1409\jars\maven-artifact-3.9.9.jar
2025-02-07 11:32:31,418 [Worker-28: Launching Celebrateit-backend (6)] INFO  o.eclipse.m2e.core.internal.Bundles - 	Entry: D:\sts-4.26.0.RELEASE\plugins\org.eclipse.m2e.maven.runtime_3.9.900.20240824-1409\jars\maven-builder-support-3.9.9.jar
2025-02-07 11:32:31,418 [Worker-28: Launching Celebrateit-backend (6)] INFO  o.eclipse.m2e.core.internal.Bundles - 	Entry: D:\sts-4.26.0.RELEASE\plugins\org.eclipse.m2e.maven.runtime_3.9.900.20240824-1409\jars\maven-compat-3.9.9.jar
2025-02-07 11:32:31,418 [Worker-28: Launching Celebrateit-backend (6)] INFO  o.eclipse.m2e.core.internal.Bundles - 	Entry: D:\sts-4.26.0.RELEASE\plugins\org.eclipse.m2e.maven.runtime_3.9.900.20240824-1409\jars\maven-core-3.9.9.jar
2025-02-07 11:32:31,418 [Worker-28: Launching Celebrateit-backend (6)] INFO  o.eclipse.m2e.core.internal.Bundles - 	Entry: D:\sts-4.26.0.RELEASE\plugins\org.eclipse.m2e.maven.runtime_3.9.900.20240824-1409\jars\maven-embedder-3.9.9.jar
2025-02-07 11:32:31,418 [Worker-28: Launching Celebrateit-backend (6)] INFO  o.eclipse.m2e.core.internal.Bundles - 	Entry: D:\sts-4.26.0.RELEASE\plugins\org.eclipse.m2e.maven.runtime_3.9.900.20240824-1409\jars\maven-model-3.9.9.jar
2025-02-07 11:32:31,418 [Worker-28: Launching Celebrateit-backend (6)] INFO  o.eclipse.m2e.core.internal.Bundles - 	Entry: D:\sts-4.26.0.RELEASE\plugins\org.eclipse.m2e.maven.runtime_3.9.900.20240824-1409\jars\maven-model-builder-3.9.9.jar
2025-02-07 11:32:31,418 [Worker-28: Launching Celebrateit-backend (6)] INFO  o.eclipse.m2e.core.internal.Bundles - 	Entry: D:\sts-4.26.0.RELEASE\plugins\org.eclipse.m2e.maven.runtime_3.9.900.20240824-1409\jars\maven-plugin-api-3.9.9.jar
2025-02-07 11:32:31,419 [Worker-28: Launching Celebrateit-backend (6)] INFO  o.eclipse.m2e.core.internal.Bundles - 	Entry: D:\sts-4.26.0.RELEASE\plugins\org.eclipse.m2e.maven.runtime_3.9.900.20240824-1409\jars\maven-repository-metadata-3.9.9.jar
2025-02-07 11:32:31,419 [Worker-28: Launching Celebrateit-backend (6)] INFO  o.eclipse.m2e.core.internal.Bundles - 	Entry: D:\sts-4.26.0.RELEASE\plugins\org.eclipse.m2e.maven.runtime_3.9.900.20240824-1409\jars\maven-resolver-api-1.9.22.jar
2025-02-07 11:32:31,419 [Worker-28: Launching Celebrateit-backend (6)] INFO  o.eclipse.m2e.core.internal.Bundles - 	Entry: D:\sts-4.26.0.RELEASE\plugins\org.eclipse.m2e.maven.runtime_3.9.900.20240824-1409\jars\maven-resolver-connector-basic-1.9.22.jar
2025-02-07 11:32:31,419 [Worker-28: Launching Celebrateit-backend (6)] INFO  o.eclipse.m2e.core.internal.Bundles - 	Entry: D:\sts-4.26.0.RELEASE\plugins\org.eclipse.m2e.maven.runtime_3.9.900.20240824-1409\jars\maven-resolver-impl-1.9.22.jar
2025-02-07 11:32:31,419 [Worker-28: Launching Celebrateit-backend (6)] INFO  o.eclipse.m2e.core.internal.Bundles - 	Entry: D:\sts-4.26.0.RELEASE\plugins\org.eclipse.m2e.maven.runtime_3.9.900.20240824-1409\jars\maven-resolver-named-locks-1.9.22.jar
2025-02-07 11:32:31,419 [Worker-28: Launching Celebrateit-backend (6)] INFO  o.eclipse.m2e.core.internal.Bundles - 	Entry: D:\sts-4.26.0.RELEASE\plugins\org.eclipse.m2e.maven.runtime_3.9.900.20240824-1409\jars\maven-resolver-provider-3.9.9.jar
2025-02-07 11:32:31,419 [Worker-28: Launching Celebrateit-backend (6)] INFO  o.eclipse.m2e.core.internal.Bundles - 	Entry: D:\sts-4.26.0.RELEASE\plugins\org.eclipse.m2e.maven.runtime_3.9.900.20240824-1409\jars\maven-resolver-spi-1.9.22.jar
2025-02-07 11:32:31,419 [Worker-28: Launching Celebrateit-backend (6)] INFO  o.eclipse.m2e.core.internal.Bundles - 	Entry: D:\sts-4.26.0.RELEASE\plugins\org.eclipse.m2e.maven.runtime_3.9.900.20240824-1409\jars\maven-resolver-transport-file-1.9.22.jar
2025-02-07 11:32:31,419 [Worker-28: Launching Celebrateit-backend (6)] INFO  o.eclipse.m2e.core.internal.Bundles - 	Entry: D:\sts-4.26.0.RELEASE\plugins\org.eclipse.m2e.maven.runtime_3.9.900.20240824-1409\jars\maven-resolver-transport-http-1.9.22.jar
2025-02-07 11:32:31,419 [Worker-28: Launching Celebrateit-backend (6)] INFO  o.eclipse.m2e.core.internal.Bundles - 	Entry: D:\sts-4.26.0.RELEASE\plugins\org.eclipse.m2e.maven.runtime_3.9.900.20240824-1409\jars\maven-resolver-transport-wagon-1.9.22.jar
2025-02-07 11:32:31,419 [Worker-28: Launching Celebrateit-backend (6)] INFO  o.eclipse.m2e.core.internal.Bundles - 	Entry: D:\sts-4.26.0.RELEASE\plugins\org.eclipse.m2e.maven.runtime_3.9.900.20240824-1409\jars\maven-resolver-util-1.9.22.jar
2025-02-07 11:32:31,419 [Worker-28: Launching Celebrateit-backend (6)] INFO  o.eclipse.m2e.core.internal.Bundles - 	Entry: D:\sts-4.26.0.RELEASE\plugins\org.eclipse.m2e.maven.runtime_3.9.900.20240824-1409\jars\maven-settings-3.9.9.jar
2025-02-07 11:32:31,419 [Worker-28: Launching Celebrateit-backend (6)] INFO  o.eclipse.m2e.core.internal.Bundles - 	Entry: D:\sts-4.26.0.RELEASE\plugins\org.eclipse.m2e.maven.runtime_3.9.900.20240824-1409\jars\maven-settings-builder-3.9.9.jar
2025-02-07 11:32:31,419 [Worker-28: Launching Celebrateit-backend (6)] INFO  o.eclipse.m2e.core.internal.Bundles - 	Entry: D:\sts-4.26.0.RELEASE\plugins\org.eclipse.m2e.maven.runtime_3.9.900.20240824-1409\jars\maven-shared-utils-3.4.2.jar
2025-02-07 11:32:31,419 [Worker-28: Launching Celebrateit-backend (6)] INFO  o.eclipse.m2e.core.internal.Bundles - 	Entry: D:\sts-4.26.0.RELEASE\plugins\org.eclipse.m2e.maven.runtime_3.9.900.20240824-1409\jars\org.eclipse.sisu.inject-0.9.0.M3.jar
2025-02-07 11:32:31,419 [Worker-28: Launching Celebrateit-backend (6)] INFO  o.eclipse.m2e.core.internal.Bundles - 	Entry: D:\sts-4.26.0.RELEASE\plugins\org.eclipse.m2e.maven.runtime_3.9.900.20240824-1409\jars\org.eclipse.sisu.plexus-0.9.0.M3.jar
2025-02-07 11:32:31,419 [Worker-28: Launching Celebrateit-backend (6)] INFO  o.eclipse.m2e.core.internal.Bundles - 	Entry: D:\sts-4.26.0.RELEASE\plugins\org.eclipse.m2e.maven.runtime_3.9.900.20240824-1409\jars\plexus-build-api-0.0.7.jar
2025-02-07 11:32:31,419 [Worker-28: Launching Celebrateit-backend (6)] INFO  o.eclipse.m2e.core.internal.Bundles - 	Entry: D:\sts-4.26.0.RELEASE\plugins\org.eclipse.m2e.maven.runtime_3.9.900.20240824-1409\jars\plexus-build-api-1.2.0.jar
2025-02-07 11:32:31,419 [Worker-28: Launching Celebrateit-backend (6)] INFO  o.eclipse.m2e.core.internal.Bundles - 	Entry: D:\sts-4.26.0.RELEASE\plugins\org.eclipse.m2e.maven.runtime_3.9.900.20240824-1409\jars\plexus-cipher-2.0.jar
2025-02-07 11:32:31,419 [Worker-28: Launching Celebrateit-backend (6)] INFO  o.eclipse.m2e.core.internal.Bundles - 	Entry: D:\sts-4.26.0.RELEASE\plugins\org.eclipse.m2e.maven.runtime_3.9.900.20240824-1409\jars\plexus-classworlds-2.8.0.jar
2025-02-07 11:32:31,419 [Worker-28: Launching Celebrateit-backend (6)] INFO  o.eclipse.m2e.core.internal.Bundles - 	Entry: D:\sts-4.26.0.RELEASE\plugins\org.eclipse.m2e.maven.runtime_3.9.900.20240824-1409\jars\plexus-component-annotations-2.1.0.jar
2025-02-07 11:32:31,419 [Worker-28: Launching Celebrateit-backend (6)] INFO  o.eclipse.m2e.core.internal.Bundles - 	Entry: D:\sts-4.26.0.RELEASE\plugins\org.eclipse.m2e.maven.runtime_3.9.900.20240824-1409\jars\plexus-interpolation-1.27.jar
2025-02-07 11:32:31,419 [Worker-28: Launching Celebrateit-backend (6)] INFO  o.eclipse.m2e.core.internal.Bundles - 	Entry: D:\sts-4.26.0.RELEASE\plugins\org.eclipse.m2e.maven.runtime_3.9.900.20240824-1409\jars\plexus-sec-dispatcher-2.0.jar
2025-02-07 11:32:31,420 [Worker-28: Launching Celebrateit-backend (6)] INFO  o.eclipse.m2e.core.internal.Bundles - 	Entry: D:\sts-4.26.0.RELEASE\plugins\org.eclipse.m2e.maven.runtime_3.9.900.20240824-1409\jars\plexus-utils-3.5.1.jar
2025-02-07 11:32:31,420 [Worker-28: Launching Celebrateit-backend (6)] INFO  o.eclipse.m2e.core.internal.Bundles - 	Entry: D:\sts-4.26.0.RELEASE\plugins\org.eclipse.m2e.maven.runtime_3.9.900.20240824-1409\jars\plexus-xml-3.0.1.jar
2025-02-07 11:32:31,420 [Worker-28: Launching Celebrateit-backend (6)] INFO  o.eclipse.m2e.core.internal.Bundles - 	Entry: D:\sts-4.26.0.RELEASE\plugins\org.eclipse.m2e.maven.runtime_3.9.900.20240824-1409\jars\wagon-file-3.5.3.jar
2025-02-07 11:32:31,420 [Worker-28: Launching Celebrateit-backend (6)] INFO  o.eclipse.m2e.core.internal.Bundles - 	Entry: D:\sts-4.26.0.RELEASE\plugins\org.eclipse.m2e.maven.runtime_3.9.900.20240824-1409\jars\wagon-http-3.5.3.jar
2025-02-07 11:32:31,420 [Worker-28: Launching Celebrateit-backend (6)] INFO  o.eclipse.m2e.core.internal.Bundles - 	Entry: D:\sts-4.26.0.RELEASE\plugins\org.eclipse.m2e.maven.runtime_3.9.900.20240824-1409\jars\wagon-http-shared-3.5.3.jar
2025-02-07 11:32:31,420 [Worker-28: Launching Celebrateit-backend (6)] INFO  o.eclipse.m2e.core.internal.Bundles - 	Entry: D:\sts-4.26.0.RELEASE\plugins\org.eclipse.m2e.maven.runtime_3.9.900.20240824-1409\jars\wagon-provider-api-3.5.3.jar
2025-02-07 11:32:31,420 [Worker-28: Launching Celebrateit-backend (6)] INFO  o.eclipse.m2e.core.internal.Bundles - getClasspathEntries(Bundle=com.google.guava_33.3.0.jre [29])
2025-02-07 11:32:31,420 [Worker-28: Launching Celebrateit-backend (6)] INFO  o.eclipse.m2e.core.internal.Bundles - 	Entry: D:\sts-4.26.0.RELEASE\plugins\com.google.guava_33.3.0.jre.jar
2025-02-07 11:32:31,420 [Worker-28: Launching Celebrateit-backend (6)] INFO  o.eclipse.m2e.core.internal.Bundles - getClasspathEntries(Bundle=slf4j.api_2.0.16 [592])
2025-02-07 11:32:31,420 [Worker-28: Launching Celebrateit-backend (6)] INFO  o.eclipse.m2e.core.internal.Bundles - 	Entry: D:\sts-4.26.0.RELEASE\plugins\slf4j.api_2.0.16.jar
2025-02-07 11:32:31,420 [Worker-28: Launching Celebrateit-backend (6)] INFO  o.eclipse.m2e.core.internal.Bundles - getClasspathEntries(Bundle=jakarta.inject.jakarta.inject-api_1.0.5 [45])
2025-02-07 11:32:31,420 [Worker-28: Launching Celebrateit-backend (6)] INFO  o.eclipse.m2e.core.internal.Bundles - 	Entry: D:\sts-4.26.0.RELEASE\plugins\jakarta.inject.jakarta.inject-api_1.0.5.jar
2025-02-07 11:32:31,420 [Worker-28: Launching Celebrateit-backend (6)] INFO  o.eclipse.m2e.core.internal.Bundles - getClasspathEntries(Bundle=jakarta.annotation-api_1.3.5 [41])
2025-02-07 11:32:31,420 [Worker-28: Launching Celebrateit-backend (6)] INFO  o.eclipse.m2e.core.internal.Bundles - 	Entry: D:\sts-4.26.0.RELEASE\plugins\jakarta.annotation-api_1.3.5.jar
2025-02-07 11:32:31,420 [Worker-28: Launching Celebrateit-backend (6)] INFO  o.eclipse.m2e.core.internal.Bundles - getClasspathEntries(Bundle=org.apache.commons.cli_1.9.0 [77])
2025-02-07 11:32:31,420 [Worker-28: Launching Celebrateit-backend (6)] INFO  o.eclipse.m2e.core.internal.Bundles - 	Entry: D:\sts-4.26.0.RELEASE\plugins\org.apache.commons.cli_1.9.0.jar
2025-02-07 11:32:31,420 [Worker-28: Launching Celebrateit-backend (6)] INFO  o.eclipse.m2e.core.internal.Bundles - getClasspathEntries(Bundle=org.apache.commons.commons-codec_1.16.0 [80])
2025-02-07 11:32:31,421 [Worker-28: Launching Celebrateit-backend (6)] INFO  o.eclipse.m2e.core.internal.Bundles - 	Entry: D:\sts-4.26.0.RELEASE\plugins\org.apache.commons.commons-codec_1.16.0.jar
2025-02-07 11:32:31,421 [Worker-28: Launching Celebrateit-backend (6)] INFO  o.eclipse.m2e.core.internal.Bundles - getClasspathEntries(Bundle=com.google.guava.failureaccess_1.0.2 [30])
2025-02-07 11:32:31,421 [Worker-28: Launching Celebrateit-backend (6)] INFO  o.eclipse.m2e.core.internal.Bundles - 	Entry: D:\sts-4.26.0.RELEASE\plugins\com.google.guava.failureaccess_1.0.2.jar
2025-02-07 11:32:31,422 [Worker-28: Launching Celebrateit-backend (6)] INFO  o.e.m.i.launch.MavenLaunchDelegate - Run build in "C:\Users\Samruddhi\OneDrive\Desktop\cdac-project\Celebrateit-backend\Celebrateit-backend":
2025-02-07 11:32:31,422 [Worker-28: Launching Celebrateit-backend (6)] INFO  o.e.m.i.launch.MavenLaunchDelegate -  mvn  -B -Dstyle.color=always clean compile
2025-02-07 11:32:42,212 [Worker-26: Launching Celebrateit-backend (6)] INFO  o.eclipse.m2e.core.internal.Bundles - getClasspathEntries(Bundle=org.eclipse.m2e.maven.runtime_3.9.900.20240824-1409 [359])
2025-02-07 11:32:42,212 [Worker-26: Launching Celebrateit-backend (6)] INFO  o.eclipse.m2e.core.internal.Bundles - 	Entry: D:\sts-4.26.0.RELEASE\plugins\org.eclipse.m2e.maven.runtime_3.9.900.20240824-1409
2025-02-07 11:32:42,213 [Worker-26: Launching Celebrateit-backend (6)] INFO  o.eclipse.m2e.core.internal.Bundles - 	Entry: D:\sts-4.26.0.RELEASE\plugins\org.eclipse.m2e.maven.runtime_3.9.900.20240824-1409\jars\aopalliance-1.0.jar
2025-02-07 11:32:42,213 [Worker-26: Launching Celebrateit-backend (6)] INFO  o.eclipse.m2e.core.internal.Bundles - 	Entry: D:\sts-4.26.0.RELEASE\plugins\org.eclipse.m2e.maven.runtime_3.9.900.20240824-1409\jars\guice-5.1.0.jar
2025-02-07 11:32:42,213 [Worker-26: Launching Celebrateit-backend (6)] INFO  o.eclipse.m2e.core.internal.Bundles - 	Entry: D:\sts-4.26.0.RELEASE\plugins\org.eclipse.m2e.maven.runtime_3.9.900.20240824-1409\jars\httpclient-4.5.14.jar
2025-02-07 11:32:42,213 [Worker-26: Launching Celebrateit-backend (6)] INFO  o.eclipse.m2e.core.internal.Bundles - 	Entry: D:\sts-4.26.0.RELEASE\plugins\org.eclipse.m2e.maven.runtime_3.9.900.20240824-1409\jars\httpcore-4.4.16.jar
2025-02-07 11:32:42,213 [Worker-26: Launching Celebrateit-backend (6)] INFO  o.eclipse.m2e.core.internal.Bundles - 	Entry: D:\sts-4.26.0.RELEASE\plugins\org.eclipse.m2e.maven.runtime_3.9.900.20240824-1409\jars\jansi-2.4.1.jar
2025-02-07 11:32:42,213 [Worker-26: Launching Celebrateit-backend (6)] INFO  o.eclipse.m2e.core.internal.Bundles - 	Entry: D:\sts-4.26.0.RELEASE\plugins\org.eclipse.m2e.maven.runtime_3.9.900.20240824-1409\jars\jcl-over-slf4j-1.7.36.jar
2025-02-07 11:32:42,213 [Worker-26: Launching Celebrateit-backend (6)] INFO  o.eclipse.m2e.core.internal.Bundles - 	Entry: D:\sts-4.26.0.RELEASE\plugins\org.eclipse.m2e.maven.runtime_3.9.900.20240824-1409\jars\maven-artifact-3.9.9.jar
2025-02-07 11:32:42,213 [Worker-26: Launching Celebrateit-backend (6)] INFO  o.eclipse.m2e.core.internal.Bundles - 	Entry: D:\sts-4.26.0.RELEASE\plugins\org.eclipse.m2e.maven.runtime_3.9.900.20240824-1409\jars\maven-builder-support-3.9.9.jar
2025-02-07 11:32:42,213 [Worker-26: Launching Celebrateit-backend (6)] INFO  o.eclipse.m2e.core.internal.Bundles - 	Entry: D:\sts-4.26.0.RELEASE\plugins\org.eclipse.m2e.maven.runtime_3.9.900.20240824-1409\jars\maven-compat-3.9.9.jar
2025-02-07 11:32:42,213 [Worker-26: Launching Celebrateit-backend (6)] INFO  o.eclipse.m2e.core.internal.Bundles - 	Entry: D:\sts-4.26.0.RELEASE\plugins\org.eclipse.m2e.maven.runtime_3.9.900.20240824-1409\jars\maven-core-3.9.9.jar
2025-02-07 11:32:42,213 [Worker-26: Launching Celebrateit-backend (6)] INFO  o.eclipse.m2e.core.internal.Bundles - 	Entry: D:\sts-4.26.0.RELEASE\plugins\org.eclipse.m2e.maven.runtime_3.9.900.20240824-1409\jars\maven-embedder-3.9.9.jar
2025-02-07 11:32:42,213 [Worker-26: Launching Celebrateit-backend (6)] INFO  o.eclipse.m2e.core.internal.Bundles - 	Entry: D:\sts-4.26.0.RELEASE\plugins\org.eclipse.m2e.maven.runtime_3.9.900.20240824-1409\jars\maven-model-3.9.9.jar
2025-02-07 11:32:42,213 [Worker-26: Launching Celebrateit-backend (6)] INFO  o.eclipse.m2e.core.internal.Bundles - 	Entry: D:\sts-4.26.0.RELEASE\plugins\org.eclipse.m2e.maven.runtime_3.9.900.20240824-1409\jars\maven-model-builder-3.9.9.jar
2025-02-07 11:32:42,214 [Worker-26: Launching Celebrateit-backend (6)] INFO  o.eclipse.m2e.core.internal.Bundles - 	Entry: D:\sts-4.26.0.RELEASE\plugins\org.eclipse.m2e.maven.runtime_3.9.900.20240824-1409\jars\maven-plugin-api-3.9.9.jar
2025-02-07 11:32:42,214 [Worker-26: Launching Celebrateit-backend (6)] INFO  o.eclipse.m2e.core.internal.Bundles - 	Entry: D:\sts-4.26.0.RELEASE\plugins\org.eclipse.m2e.maven.runtime_3.9.900.20240824-1409\jars\maven-repository-metadata-3.9.9.jar
2025-02-07 11:32:42,214 [Worker-26: Launching Celebrateit-backend (6)] INFO  o.eclipse.m2e.core.internal.Bundles - 	Entry: D:\sts-4.26.0.RELEASE\plugins\org.eclipse.m2e.maven.runtime_3.9.900.20240824-1409\jars\maven-resolver-api-1.9.22.jar
2025-02-07 11:32:42,214 [Worker-26: Launching Celebrateit-backend (6)] INFO  o.eclipse.m2e.core.internal.Bundles - 	Entry: D:\sts-4.26.0.RELEASE\plugins\org.eclipse.m2e.maven.runtime_3.9.900.20240824-1409\jars\maven-resolver-connector-basic-1.9.22.jar
2025-02-07 11:32:42,214 [Worker-26: Launching Celebrateit-backend (6)] INFO  o.eclipse.m2e.core.internal.Bundles - 	Entry: D:\sts-4.26.0.RELEASE\plugins\org.eclipse.m2e.maven.runtime_3.9.900.20240824-1409\jars\maven-resolver-impl-1.9.22.jar
2025-02-07 11:32:42,214 [Worker-26: Launching Celebrateit-backend (6)] INFO  o.eclipse.m2e.core.internal.Bundles - 	Entry: D:\sts-4.26.0.RELEASE\plugins\org.eclipse.m2e.maven.runtime_3.9.900.20240824-1409\jars\maven-resolver-named-locks-1.9.22.jar
2025-02-07 11:32:42,214 [Worker-26: Launching Celebrateit-backend (6)] INFO  o.eclipse.m2e.core.internal.Bundles - 	Entry: D:\sts-4.26.0.RELEASE\plugins\org.eclipse.m2e.maven.runtime_3.9.900.20240824-1409\jars\maven-resolver-provider-3.9.9.jar
2025-02-07 11:32:42,214 [Worker-26: Launching Celebrateit-backend (6)] INFO  o.eclipse.m2e.core.internal.Bundles - 	Entry: D:\sts-4.26.0.RELEASE\plugins\org.eclipse.m2e.maven.runtime_3.9.900.20240824-1409\jars\maven-resolver-spi-1.9.22.jar
2025-02-07 11:32:42,214 [Worker-26: Launching Celebrateit-backend (6)] INFO  o.eclipse.m2e.core.internal.Bundles - 	Entry: D:\sts-4.26.0.RELEASE\plugins\org.eclipse.m2e.maven.runtime_3.9.900.20240824-1409\jars\maven-resolver-transport-file-1.9.22.jar
2025-02-07 11:32:42,214 [Worker-26: Launching Celebrateit-backend (6)] INFO  o.eclipse.m2e.core.internal.Bundles - 	Entry: D:\sts-4.26.0.RELEASE\plugins\org.eclipse.m2e.maven.runtime_3.9.900.20240824-1409\jars\maven-resolver-transport-http-1.9.22.jar
2025-02-07 11:32:42,214 [Worker-26: Launching Celebrateit-backend (6)] INFO  o.eclipse.m2e.core.internal.Bundles - 	Entry: D:\sts-4.26.0.RELEASE\plugins\org.eclipse.m2e.maven.runtime_3.9.900.20240824-1409\jars\maven-resolver-transport-wagon-1.9.22.jar
2025-02-07 11:32:42,214 [Worker-26: Launching Celebrateit-backend (6)] INFO  o.eclipse.m2e.core.internal.Bundles - 	Entry: D:\sts-4.26.0.RELEASE\plugins\org.eclipse.m2e.maven.runtime_3.9.900.20240824-1409\jars\maven-resolver-util-1.9.22.jar
2025-02-07 11:32:42,214 [Worker-26: Launching Celebrateit-backend (6)] INFO  o.eclipse.m2e.core.internal.Bundles - 	Entry: D:\sts-4.26.0.RELEASE\plugins\org.eclipse.m2e.maven.runtime_3.9.900.20240824-1409\jars\maven-settings-3.9.9.jar
2025-02-07 11:32:42,214 [Worker-26: Launching Celebrateit-backend (6)] INFO  o.eclipse.m2e.core.internal.Bundles - 	Entry: D:\sts-4.26.0.RELEASE\plugins\org.eclipse.m2e.maven.runtime_3.9.900.20240824-1409\jars\maven-settings-builder-3.9.9.jar
2025-02-07 11:32:42,214 [Worker-26: Launching Celebrateit-backend (6)] INFO  o.eclipse.m2e.core.internal.Bundles - 	Entry: D:\sts-4.26.0.RELEASE\plugins\org.eclipse.m2e.maven.runtime_3.9.900.20240824-1409\jars\maven-shared-utils-3.4.2.jar
2025-02-07 11:32:42,214 [Worker-26: Launching Celebrateit-backend (6)] INFO  o.eclipse.m2e.core.internal.Bundles - 	Entry: D:\sts-4.26.0.RELEASE\plugins\org.eclipse.m2e.maven.runtime_3.9.900.20240824-1409\jars\org.eclipse.sisu.inject-0.9.0.M3.jar
2025-02-07 11:32:42,214 [Worker-26: Launching Celebrateit-backend (6)] INFO  o.eclipse.m2e.core.internal.Bundles - 	Entry: D:\sts-4.26.0.RELEASE\plugins\org.eclipse.m2e.maven.runtime_3.9.900.20240824-1409\jars\org.eclipse.sisu.plexus-0.9.0.M3.jar
2025-02-07 11:32:42,214 [Worker-26: Launching Celebrateit-backend (6)] INFO  o.eclipse.m2e.core.internal.Bundles - 	Entry: D:\sts-4.26.0.RELEASE\plugins\org.eclipse.m2e.maven.runtime_3.9.900.20240824-1409\jars\plexus-build-api-0.0.7.jar
2025-02-07 11:32:42,214 [Worker-26: Launching Celebrateit-backend (6)] INFO  o.eclipse.m2e.core.internal.Bundles - 	Entry: D:\sts-4.26.0.RELEASE\plugins\org.eclipse.m2e.maven.runtime_3.9.900.20240824-1409\jars\plexus-build-api-1.2.0.jar
2025-02-07 11:32:42,214 [Worker-26: Launching Celebrateit-backend (6)] INFO  o.eclipse.m2e.core.internal.Bundles - 	Entry: D:\sts-4.26.0.RELEASE\plugins\org.eclipse.m2e.maven.runtime_3.9.900.20240824-1409\jars\plexus-cipher-2.0.jar
2025-02-07 11:32:42,214 [Worker-26: Launching Celebrateit-backend (6)] INFO  o.eclipse.m2e.core.internal.Bundles - 	Entry: D:\sts-4.26.0.RELEASE\plugins\org.eclipse.m2e.maven.runtime_3.9.900.20240824-1409\jars\plexus-classworlds-2.8.0.jar
2025-02-07 11:32:42,214 [Worker-26: Launching Celebrateit-backend (6)] INFO  o.eclipse.m2e.core.internal.Bundles - 	Entry: D:\sts-4.26.0.RELEASE\plugins\org.eclipse.m2e.maven.runtime_3.9.900.20240824-1409\jars\plexus-component-annotations-2.1.0.jar
2025-02-07 11:32:42,214 [Worker-26: Launching Celebrateit-backend (6)] INFO  o.eclipse.m2e.core.internal.Bundles - 	Entry: D:\sts-4.26.0.RELEASE\plugins\org.eclipse.m2e.maven.runtime_3.9.900.20240824-1409\jars\plexus-interpolation-1.27.jar
2025-02-07 11:32:42,214 [Worker-26: Launching Celebrateit-backend (6)] INFO  o.eclipse.m2e.core.internal.Bundles - 	Entry: D:\sts-4.26.0.RELEASE\plugins\org.eclipse.m2e.maven.runtime_3.9.900.20240824-1409\jars\plexus-sec-dispatcher-2.0.jar
2025-02-07 11:32:42,214 [Worker-26: Launching Celebrateit-backend (6)] INFO  o.eclipse.m2e.core.internal.Bundles - 	Entry: D:\sts-4.26.0.RELEASE\plugins\org.eclipse.m2e.maven.runtime_3.9.900.20240824-1409\jars\plexus-utils-3.5.1.jar
2025-02-07 11:32:42,214 [Worker-26: Launching Celebrateit-backend (6)] INFO  o.eclipse.m2e.core.internal.Bundles - 	Entry: D:\sts-4.26.0.RELEASE\plugins\org.eclipse.m2e.maven.runtime_3.9.900.20240824-1409\jars\plexus-xml-3.0.1.jar
2025-02-07 11:32:42,214 [Worker-26: Launching Celebrateit-backend (6)] INFO  o.eclipse.m2e.core.internal.Bundles - 	Entry: D:\sts-4.26.0.RELEASE\plugins\org.eclipse.m2e.maven.runtime_3.9.900.20240824-1409\jars\wagon-file-3.5.3.jar
2025-02-07 11:32:42,214 [Worker-26: Launching Celebrateit-backend (6)] INFO  o.eclipse.m2e.core.internal.Bundles - 	Entry: D:\sts-4.26.0.RELEASE\plugins\org.eclipse.m2e.maven.runtime_3.9.900.20240824-1409\jars\wagon-http-3.5.3.jar
2025-02-07 11:32:42,214 [Worker-26: Launching Celebrateit-backend (6)] INFO  o.eclipse.m2e.core.internal.Bundles - 	Entry: D:\sts-4.26.0.RELEASE\plugins\org.eclipse.m2e.maven.runtime_3.9.900.20240824-1409\jars\wagon-http-shared-3.5.3.jar
2025-02-07 11:32:42,214 [Worker-26: Launching Celebrateit-backend (6)] INFO  o.eclipse.m2e.core.internal.Bundles - 	Entry: D:\sts-4.26.0.RELEASE\plugins\org.eclipse.m2e.maven.runtime_3.9.900.20240824-1409\jars\wagon-provider-api-3.5.3.jar
2025-02-07 11:32:42,215 [Worker-26: Launching Celebrateit-backend (6)] INFO  o.eclipse.m2e.core.internal.Bundles - getClasspathEntries(Bundle=com.google.guava_33.3.0.jre [29])
2025-02-07 11:32:42,215 [Worker-26: Launching Celebrateit-backend (6)] INFO  o.eclipse.m2e.core.internal.Bundles - 	Entry: D:\sts-4.26.0.RELEASE\plugins\com.google.guava_33.3.0.jre.jar
2025-02-07 11:32:42,215 [Worker-26: Launching Celebrateit-backend (6)] INFO  o.eclipse.m2e.core.internal.Bundles - getClasspathEntries(Bundle=slf4j.api_2.0.16 [592])
2025-02-07 11:32:42,215 [Worker-26: Launching Celebrateit-backend (6)] INFO  o.eclipse.m2e.core.internal.Bundles - 	Entry: D:\sts-4.26.0.RELEASE\plugins\slf4j.api_2.0.16.jar
2025-02-07 11:32:42,215 [Worker-26: Launching Celebrateit-backend (6)] INFO  o.eclipse.m2e.core.internal.Bundles - getClasspathEntries(Bundle=jakarta.inject.jakarta.inject-api_1.0.5 [45])
2025-02-07 11:32:42,215 [Worker-26: Launching Celebrateit-backend (6)] INFO  o.eclipse.m2e.core.internal.Bundles - 	Entry: D:\sts-4.26.0.RELEASE\plugins\jakarta.inject.jakarta.inject-api_1.0.5.jar
2025-02-07 11:32:42,215 [Worker-26: Launching Celebrateit-backend (6)] INFO  o.eclipse.m2e.core.internal.Bundles - getClasspathEntries(Bundle=jakarta.annotation-api_1.3.5 [41])
2025-02-07 11:32:42,215 [Worker-26: Launching Celebrateit-backend (6)] INFO  o.eclipse.m2e.core.internal.Bundles - 	Entry: D:\sts-4.26.0.RELEASE\plugins\jakarta.annotation-api_1.3.5.jar
2025-02-07 11:32:42,215 [Worker-26: Launching Celebrateit-backend (6)] INFO  o.eclipse.m2e.core.internal.Bundles - getClasspathEntries(Bundle=org.apache.commons.cli_1.9.0 [77])
2025-02-07 11:32:42,215 [Worker-26: Launching Celebrateit-backend (6)] INFO  o.eclipse.m2e.core.internal.Bundles - 	Entry: D:\sts-4.26.0.RELEASE\plugins\org.apache.commons.cli_1.9.0.jar
2025-02-07 11:32:42,215 [Worker-26: Launching Celebrateit-backend (6)] INFO  o.eclipse.m2e.core.internal.Bundles - getClasspathEntries(Bundle=org.apache.commons.commons-codec_1.16.0 [80])
2025-02-07 11:32:42,215 [Worker-26: Launching Celebrateit-backend (6)] INFO  o.eclipse.m2e.core.internal.Bundles - 	Entry: D:\sts-4.26.0.RELEASE\plugins\org.apache.commons.commons-codec_1.16.0.jar
2025-02-07 11:32:42,215 [Worker-26: Launching Celebrateit-backend (6)] INFO  o.eclipse.m2e.core.internal.Bundles - getClasspathEntries(Bundle=com.google.guava.failureaccess_1.0.2 [30])
2025-02-07 11:32:42,215 [Worker-26: Launching Celebrateit-backend (6)] INFO  o.eclipse.m2e.core.internal.Bundles - 	Entry: D:\sts-4.26.0.RELEASE\plugins\com.google.guava.failureaccess_1.0.2.jar
2025-02-07 11:32:42,217 [Worker-26: Launching Celebrateit-backend (6)] INFO  o.e.m.i.launch.MavenLaunchDelegate - Run build in "C:\Users\Samruddhi\OneDrive\Desktop\cdac-project\Celebrateit-backend\Celebrateit-backend":
2025-02-07 11:32:42,217 [Worker-26: Launching Celebrateit-backend (6)] INFO  o.e.m.i.launch.MavenLaunchDelegate -  mvn  -B -Dstyle.color=always clean compile
2025-02-07 11:34:18,308 [Worker-25: Building] INFO  o.a.m.s.f.DefaultMavenResourcesFiltering - Copying 1 resource from src\main\resources to target\classes
2025-02-07 11:34:18,322 [Worker-25: Building] INFO  o.a.m.s.f.DefaultMavenResourcesFiltering - Copying 0 resource from src\main\resources to target\classes
2025-02-07 11:34:18,325 [Worker-25: Building] INFO  o.a.m.s.f.DefaultMavenResourcesFiltering - skip non existing resourceDirectory C:\Users\Samruddhi\OneDrive\Desktop\cdac-project\Celebrateit-backend\Celebrateit-backend\src\test\resources
2025-02-07 11:34:39,973 [Worker-24: Building] INFO  o.a.m.s.f.DefaultMavenResourcesFiltering - Copying 1 resource from src\main\resources to target\classes
2025-02-07 11:34:39,978 [Worker-24: Building] INFO  o.a.m.s.f.DefaultMavenResourcesFiltering - Copying 0 resource from src\main\resources to target\classes
2025-02-07 11:34:39,981 [Worker-24: Building] INFO  o.a.m.s.f.DefaultMavenResourcesFiltering - skip non existing resourceDirectory C:\Users\Samruddhi\OneDrive\Desktop\cdac-project\Celebrateit-backend\Celebrateit-backend\src\test\resources
2025-02-07 11:34:58,113 [Worker-29: Building] INFO  o.a.m.s.f.DefaultMavenResourcesFiltering - Copying 1 resource from src\main\resources to target\classes
2025-02-07 11:34:58,125 [Worker-29: Building] INFO  o.a.m.s.f.DefaultMavenResourcesFiltering - Copying 0 resource from src\main\resources to target\classes
2025-02-07 11:34:58,130 [Worker-29: Building] INFO  o.a.m.s.f.DefaultMavenResourcesFiltering - skip non existing resourceDirectory C:\Users\Samruddhi\OneDrive\Desktop\cdac-project\Celebrateit-backend\Celebrateit-backend\src\test\resources
2025-02-07 11:35:12,205 [Worker-29: Building] INFO  o.a.m.s.f.DefaultMavenResourcesFiltering - Copying 1 resource from src\main\resources to target\classes
2025-02-07 11:35:12,505 [Worker-29: Building] INFO  o.a.m.s.f.DefaultMavenResourcesFiltering - Copying 0 resource from src\main\resources to target\classes
2025-02-07 11:35:12,510 [Worker-29: Building] INFO  o.a.m.s.f.DefaultMavenResourcesFiltering - skip non existing resourceDirectory C:\Users\Samruddhi\OneDrive\Desktop\cdac-project\Celebrateit-backend\Celebrateit-backend\src\test\resources
2025-02-07 11:35:25,463 [Worker-28: Building] INFO  o.a.m.s.f.DefaultMavenResourcesFiltering - Copying 1 resource from src\main\resources to target\classes
2025-02-07 11:35:25,467 [Worker-28: Building] INFO  o.a.m.s.f.DefaultMavenResourcesFiltering - Copying 0 resource from src\main\resources to target\classes
2025-02-07 11:35:25,470 [Worker-28: Building] INFO  o.a.m.s.f.DefaultMavenResourcesFiltering - skip non existing resourceDirectory C:\Users\Samruddhi\OneDrive\Desktop\cdac-project\Celebrateit-backend\Celebrateit-backend\src\test\resources
2025-02-07 11:35:37,575 [Worker-24: Building] INFO  o.a.m.s.f.DefaultMavenResourcesFiltering - Copying 1 resource from src\main\resources to target\classes
2025-02-07 11:35:37,579 [Worker-24: Building] INFO  o.a.m.s.f.DefaultMavenResourcesFiltering - Copying 0 resource from src\main\resources to target\classes
2025-02-07 11:35:37,581 [Worker-24: Building] INFO  o.a.m.s.f.DefaultMavenResourcesFiltering - skip non existing resourceDirectory C:\Users\Samruddhi\OneDrive\Desktop\cdac-project\Celebrateit-backend\Celebrateit-backend\src\test\resources
2025-02-07 11:37:28,042 [Worker-31: Building] INFO  o.a.m.s.f.DefaultMavenResourcesFiltering - Copying 1 resource from src\main\resources to target\classes
2025-02-07 11:37:28,048 [Worker-31: Building] INFO  o.a.m.s.f.DefaultMavenResourcesFiltering - Copying 0 resource from src\main\resources to target\classes
2025-02-07 11:37:28,050 [Worker-31: Building] INFO  o.a.m.s.f.DefaultMavenResourcesFiltering - skip non existing resourceDirectory C:\Users\Samruddhi\OneDrive\Desktop\cdac-project\Celebrateit-backend\Celebrateit-backend\src\test\resources
2025-02-07 11:38:20,202 [Worker-32: Building] INFO  o.a.m.s.f.DefaultMavenResourcesFiltering - Copying 1 resource from src\main\resources to target\classes
2025-02-07 11:38:20,207 [Worker-32: Building] INFO  o.a.m.s.f.DefaultMavenResourcesFiltering - Copying 0 resource from src\main\resources to target\classes
2025-02-07 11:38:20,209 [Worker-32: Building] INFO  o.a.m.s.f.DefaultMavenResourcesFiltering - skip non existing resourceDirectory C:\Users\Samruddhi\OneDrive\Desktop\cdac-project\Celebrateit-backend\Celebrateit-backend\src\test\resources
2025-02-07 11:40:00,219 [Worker-31: Building] INFO  o.a.m.s.f.DefaultMavenResourcesFiltering - Copying 1 resource from src\main\resources to target\classes
2025-02-07 11:40:00,228 [Worker-31: Building] INFO  o.a.m.s.f.DefaultMavenResourcesFiltering - Copying 0 resource from src\main\resources to target\classes
2025-02-07 11:40:00,230 [Worker-31: Building] INFO  o.a.m.s.f.DefaultMavenResourcesFiltering - skip non existing resourceDirectory C:\Users\Samruddhi\OneDrive\Desktop\cdac-project\Celebrateit-backend\Celebrateit-backend\src\test\resources
2025-02-07 11:40:12,245 [Worker-34: Building] INFO  o.a.m.s.f.DefaultMavenResourcesFiltering - Copying 1 resource from src\main\resources to target\classes
2025-02-07 11:40:12,248 [Worker-34: Building] INFO  o.a.m.s.f.DefaultMavenResourcesFiltering - Copying 0 resource from src\main\resources to target\classes
2025-02-07 11:40:12,250 [Worker-34: Building] INFO  o.a.m.s.f.DefaultMavenResourcesFiltering - skip non existing resourceDirectory C:\Users\Samruddhi\OneDrive\Desktop\cdac-project\Celebrateit-backend\Celebrateit-backend\src\test\resources
2025-02-07 11:45:10,222 [Worker-34: Building] INFO  o.a.m.s.f.DefaultMavenResourcesFiltering - Copying 1 resource from src\main\resources to target\classes
2025-02-07 11:45:10,228 [Worker-34: Building] INFO  o.a.m.s.f.DefaultMavenResourcesFiltering - Copying 0 resource from src\main\resources to target\classes
2025-02-07 11:45:10,231 [Worker-34: Building] INFO  o.a.m.s.f.DefaultMavenResourcesFiltering - skip non existing resourceDirectory C:\Users\Samruddhi\OneDrive\Desktop\cdac-project\Celebrateit-backend\Celebrateit-backend\src\test\resources
2025-02-07 11:45:29,227 [Worker-37: Building] INFO  o.a.m.s.f.DefaultMavenResourcesFiltering - Copying 1 resource from src\main\resources to target\classes
2025-02-07 11:45:29,231 [Worker-37: Building] INFO  o.a.m.s.f.DefaultMavenResourcesFiltering - Copying 0 resource from src\main\resources to target\classes
2025-02-07 11:45:29,233 [Worker-37: Building] INFO  o.a.m.s.f.DefaultMavenResourcesFiltering - skip non existing resourceDirectory C:\Users\Samruddhi\OneDrive\Desktop\cdac-project\Celebrateit-backend\Celebrateit-backend\src\test\resources
2025-02-07 11:47:47,751 [Worker-40: Building] INFO  o.a.m.s.f.DefaultMavenResourcesFiltering - Copying 1 resource from src\main\resources to target\classes
2025-02-07 11:47:47,756 [Worker-40: Building] INFO  o.a.m.s.f.DefaultMavenResourcesFiltering - Copying 0 resource from src\main\resources to target\classes
2025-02-07 11:47:47,758 [Worker-40: Building] INFO  o.a.m.s.f.DefaultMavenResourcesFiltering - skip non existing resourceDirectory C:\Users\Samruddhi\OneDrive\Desktop\cdac-project\Celebrateit-backend\Celebrateit-backend\src\test\resources
2025-02-07 11:48:34,876 [Worker-40: Building] INFO  o.a.m.s.f.DefaultMavenResourcesFiltering - Copying 1 resource from src\main\resources to target\classes
2025-02-07 11:48:34,884 [Worker-40: Building] INFO  o.a.m.s.f.DefaultMavenResourcesFiltering - Copying 0 resource from src\main\resources to target\classes
2025-02-07 11:48:34,887 [Worker-40: Building] INFO  o.a.m.s.f.DefaultMavenResourcesFiltering - skip non existing resourceDirectory C:\Users\Samruddhi\OneDrive\Desktop\cdac-project\Celebrateit-backend\Celebrateit-backend\src\test\resources
2025-02-07 11:48:59,547 [Worker-43: Building] INFO  o.a.m.s.f.DefaultMavenResourcesFiltering - Copying 1 resource from src\main\resources to target\classes
2025-02-07 11:48:59,559 [Worker-43: Building] INFO  o.a.m.s.f.DefaultMavenResourcesFiltering - Copying 0 resource from src\main\resources to target\classes
2025-02-07 11:48:59,562 [Worker-43: Building] INFO  o.a.m.s.f.DefaultMavenResourcesFiltering - skip non existing resourceDirectory C:\Users\Samruddhi\OneDrive\Desktop\cdac-project\Celebrateit-backend\Celebrateit-backend\src\test\resources
2025-02-07 11:51:11,798 [Worker-34: Building] INFO  o.a.m.s.f.DefaultMavenResourcesFiltering - Copying 1 resource from src\main\resources to target\classes
2025-02-07 11:51:11,802 [Worker-34: Building] INFO  o.a.m.s.f.DefaultMavenResourcesFiltering - Copying 0 resource from src\main\resources to target\classes
2025-02-07 11:51:11,804 [Worker-34: Building] INFO  o.a.m.s.f.DefaultMavenResourcesFiltering - skip non existing resourceDirectory C:\Users\Samruddhi\OneDrive\Desktop\cdac-project\Celebrateit-backend\Celebrateit-backend\src\test\resources
2025-02-07 11:54:05,627 [Worker-40: Building] INFO  o.a.m.s.f.DefaultMavenResourcesFiltering - Copying 1 resource from src\main\resources to target\classes
2025-02-07 11:54:05,631 [Worker-40: Building] INFO  o.a.m.s.f.DefaultMavenResourcesFiltering - Copying 0 resource from src\main\resources to target\classes
2025-02-07 11:54:05,632 [Worker-40: Building] INFO  o.a.m.s.f.DefaultMavenResourcesFiltering - skip non existing resourceDirectory C:\Users\Samruddhi\OneDrive\Desktop\cdac-project\Celebrateit-backend\Celebrateit-backend\src\test\resources
2025-02-07 11:55:24,611 [Worker-43: Building] INFO  o.a.m.s.f.DefaultMavenResourcesFiltering - Copying 1 resource from src\main\resources to target\classes
2025-02-07 11:55:24,616 [Worker-43: Building] INFO  o.a.m.s.f.DefaultMavenResourcesFiltering - Copying 0 resource from src\main\resources to target\classes
2025-02-07 11:55:24,619 [Worker-43: Building] INFO  o.a.m.s.f.DefaultMavenResourcesFiltering - skip non existing resourceDirectory C:\Users\Samruddhi\OneDrive\Desktop\cdac-project\Celebrateit-backend\Celebrateit-backend\src\test\resources
2025-02-07 11:56:00,135 [Worker-34: Building] INFO  o.a.m.s.f.DefaultMavenResourcesFiltering - Copying 1 resource from src\main\resources to target\classes
2025-02-07 11:56:00,139 [Worker-34: Building] INFO  o.a.m.s.f.DefaultMavenResourcesFiltering - Copying 0 resource from src\main\resources to target\classes
2025-02-07 11:56:00,142 [Worker-34: Building] INFO  o.a.m.s.f.DefaultMavenResourcesFiltering - skip non existing resourceDirectory C:\Users\Samruddhi\OneDrive\Desktop\cdac-project\Celebrateit-backend\Celebrateit-backend\src\test\resources
2025-02-07 11:56:09,659 [Worker-41: Building] INFO  o.a.m.s.f.DefaultMavenResourcesFiltering - Copying 1 resource from src\main\resources to target\classes
2025-02-07 11:56:09,668 [Worker-41: Building] INFO  o.a.m.s.f.DefaultMavenResourcesFiltering - Copying 0 resource from src\main\resources to target\classes
2025-02-07 11:56:09,673 [Worker-41: Building] INFO  o.a.m.s.f.DefaultMavenResourcesFiltering - skip non existing resourceDirectory C:\Users\Samruddhi\OneDrive\Desktop\cdac-project\Celebrateit-backend\Celebrateit-backend\src\test\resources
2025-02-07 11:58:08,221 [Worker-41: Building] INFO  o.a.m.s.f.DefaultMavenResourcesFiltering - Copying 1 resource from src\main\resources to target\classes
2025-02-07 11:58:08,228 [Worker-41: Building] INFO  o.a.m.s.f.DefaultMavenResourcesFiltering - Copying 0 resource from src\main\resources to target\classes
2025-02-07 11:58:08,231 [Worker-41: Building] INFO  o.a.m.s.f.DefaultMavenResourcesFiltering - skip non existing resourceDirectory C:\Users\Samruddhi\OneDrive\Desktop\cdac-project\Celebrateit-backend\Celebrateit-backend\src\test\resources
2025-02-07 11:59:54,704 [Worker-47: Building] INFO  o.a.m.s.f.DefaultMavenResourcesFiltering - Copying 1 resource from src\main\resources to target\classes
2025-02-07 11:59:54,711 [Worker-47: Building] INFO  o.a.m.s.f.DefaultMavenResourcesFiltering - Copying 0 resource from src\main\resources to target\classes
2025-02-07 11:59:54,713 [Worker-47: Building] INFO  o.a.m.s.f.DefaultMavenResourcesFiltering - skip non existing resourceDirectory C:\Users\Samruddhi\OneDrive\Desktop\cdac-project\Celebrateit-backend\Celebrateit-backend\src\test\resources
2025-02-07 12:03:54,591 [Worker-54: Building] INFO  o.a.m.s.f.DefaultMavenResourcesFiltering - Copying 1 resource from src\main\resources to target\classes
2025-02-07 12:03:54,597 [Worker-54: Building] INFO  o.a.m.s.f.DefaultMavenResourcesFiltering - Copying 0 resource from src\main\resources to target\classes
2025-02-07 12:03:54,599 [Worker-54: Building] INFO  o.a.m.s.f.DefaultMavenResourcesFiltering - skip non existing resourceDirectory C:\Users\Samruddhi\OneDrive\Desktop\cdac-project\Celebrateit-backend\Celebrateit-backend\src\test\resources
2025-02-07 12:05:26,019 [Worker-36: Building] INFO  o.a.m.s.f.DefaultMavenResourcesFiltering - Copying 1 resource from src\main\resources to target\classes
2025-02-07 12:05:26,024 [Worker-36: Building] INFO  o.a.m.s.f.DefaultMavenResourcesFiltering - Copying 0 resource from src\main\resources to target\classes
2025-02-07 12:05:26,026 [Worker-36: Building] INFO  o.a.m.s.f.DefaultMavenResourcesFiltering - skip non existing resourceDirectory C:\Users\Samruddhi\OneDrive\Desktop\cdac-project\Celebrateit-backend\Celebrateit-backend\src\test\resources
2025-02-07 12:11:06,516 [Worker-55: Building] INFO  o.a.m.s.f.DefaultMavenResourcesFiltering - Copying 1 resource from src\main\resources to target\classes
2025-02-07 12:11:06,522 [Worker-55: Building] INFO  o.a.m.s.f.DefaultMavenResourcesFiltering - Copying 0 resource from src\main\resources to target\classes
2025-02-07 12:11:06,524 [Worker-55: Building] INFO  o.a.m.s.f.DefaultMavenResourcesFiltering - skip non existing resourceDirectory C:\Users\Samruddhi\OneDrive\Desktop\cdac-project\Celebrateit-backend\Celebrateit-backend\src\test\resources
2025-02-07 12:15:55,379 [Worker-58: Building] INFO  o.a.m.s.f.DefaultMavenResourcesFiltering - Copying 1 resource from src\main\resources to target\classes
2025-02-07 12:15:55,392 [Worker-58: Building] INFO  o.a.m.s.f.DefaultMavenResourcesFiltering - Copying 0 resource from src\main\resources to target\classes
2025-02-07 12:15:55,394 [Worker-58: Building] INFO  o.a.m.s.f.DefaultMavenResourcesFiltering - skip non existing resourceDirectory C:\Users\Samruddhi\OneDrive\Desktop\cdac-project\Celebrateit-backend\Celebrateit-backend\src\test\resources
2025-02-07 12:16:31,206 [Worker-57: Building] INFO  o.a.m.s.f.DefaultMavenResourcesFiltering - Copying 1 resource from src\main\resources to target\classes
2025-02-07 12:16:31,218 [Worker-57: Building] INFO  o.a.m.s.f.DefaultMavenResourcesFiltering - Copying 0 resource from src\main\resources to target\classes
2025-02-07 12:16:31,220 [Worker-57: Building] INFO  o.a.m.s.f.DefaultMavenResourcesFiltering - skip non existing resourceDirectory C:\Users\Samruddhi\OneDrive\Desktop\cdac-project\Celebrateit-backend\Celebrateit-backend\src\test\resources
2025-02-07 12:16:54,741 [Worker-61: Building] INFO  o.a.m.s.f.DefaultMavenResourcesFiltering - Copying 1 resource from src\main\resources to target\classes
2025-02-07 12:16:54,748 [Worker-61: Building] INFO  o.a.m.s.f.DefaultMavenResourcesFiltering - Copying 0 resource from src\main\resources to target\classes
2025-02-07 12:16:54,752 [Worker-61: Building] INFO  o.a.m.s.f.DefaultMavenResourcesFiltering - skip non existing resourceDirectory C:\Users\Samruddhi\OneDrive\Desktop\cdac-project\Celebrateit-backend\Celebrateit-backend\src\test\resources
2025-02-07 12:17:32,134 [Worker-57: Building] INFO  o.a.m.s.f.DefaultMavenResourcesFiltering - Copying 1 resource from src\main\resources to target\classes
2025-02-07 12:17:32,138 [Worker-57: Building] INFO  o.a.m.s.f.DefaultMavenResourcesFiltering - Copying 0 resource from src\main\resources to target\classes
2025-02-07 12:17:32,140 [Worker-57: Building] INFO  o.a.m.s.f.DefaultMavenResourcesFiltering - skip non existing resourceDirectory C:\Users\Samruddhi\OneDrive\Desktop\cdac-project\Celebrateit-backend\Celebrateit-backend\src\test\resources
2025-02-07 12:18:57,995 [main] INFO  o.e.m2e.actions.ExecutePomAction - Creating new launch configuration
2025-02-07 12:19:11,584 [Worker-62: Launching Celebrateit-backend (7)] INFO  o.eclipse.m2e.core.internal.Bundles - getClasspathEntries(Bundle=org.eclipse.m2e.maven.runtime_3.9.900.20240824-1409 [359])
2025-02-07 12:19:11,585 [Worker-62: Launching Celebrateit-backend (7)] INFO  o.eclipse.m2e.core.internal.Bundles - 	Entry: D:\sts-4.26.0.RELEASE\plugins\org.eclipse.m2e.maven.runtime_3.9.900.20240824-1409
2025-02-07 12:19:11,585 [Worker-62: Launching Celebrateit-backend (7)] INFO  o.eclipse.m2e.core.internal.Bundles - 	Entry: D:\sts-4.26.0.RELEASE\plugins\org.eclipse.m2e.maven.runtime_3.9.900.20240824-1409\jars\aopalliance-1.0.jar
2025-02-07 12:19:11,585 [Worker-62: Launching Celebrateit-backend (7)] INFO  o.eclipse.m2e.core.internal.Bundles - 	Entry: D:\sts-4.26.0.RELEASE\plugins\org.eclipse.m2e.maven.runtime_3.9.900.20240824-1409\jars\guice-5.1.0.jar
2025-02-07 12:19:11,585 [Worker-62: Launching Celebrateit-backend (7)] INFO  o.eclipse.m2e.core.internal.Bundles - 	Entry: D:\sts-4.26.0.RELEASE\plugins\org.eclipse.m2e.maven.runtime_3.9.900.20240824-1409\jars\httpclient-4.5.14.jar
2025-02-07 12:19:11,585 [Worker-62: Launching Celebrateit-backend (7)] INFO  o.eclipse.m2e.core.internal.Bundles - 	Entry: D:\sts-4.26.0.RELEASE\plugins\org.eclipse.m2e.maven.runtime_3.9.900.20240824-1409\jars\httpcore-4.4.16.jar
2025-02-07 12:19:11,585 [Worker-62: Launching Celebrateit-backend (7)] INFO  o.eclipse.m2e.core.internal.Bundles - 	Entry: D:\sts-4.26.0.RELEASE\plugins\org.eclipse.m2e.maven.runtime_3.9.900.20240824-1409\jars\jansi-2.4.1.jar
2025-02-07 12:19:11,585 [Worker-62: Launching Celebrateit-backend (7)] INFO  o.eclipse.m2e.core.internal.Bundles - 	Entry: D:\sts-4.26.0.RELEASE\plugins\org.eclipse.m2e.maven.runtime_3.9.900.20240824-1409\jars\jcl-over-slf4j-1.7.36.jar
2025-02-07 12:19:11,585 [Worker-62: Launching Celebrateit-backend (7)] INFO  o.eclipse.m2e.core.internal.Bundles - 	Entry: D:\sts-4.26.0.RELEASE\plugins\org.eclipse.m2e.maven.runtime_3.9.900.20240824-1409\jars\maven-artifact-3.9.9.jar
2025-02-07 12:19:11,585 [Worker-62: Launching Celebrateit-backend (7)] INFO  o.eclipse.m2e.core.internal.Bundles - 	Entry: D:\sts-4.26.0.RELEASE\plugins\org.eclipse.m2e.maven.runtime_3.9.900.20240824-1409\jars\maven-builder-support-3.9.9.jar
2025-02-07 12:19:11,585 [Worker-62: Launching Celebrateit-backend (7)] INFO  o.eclipse.m2e.core.internal.Bundles - 	Entry: D:\sts-4.26.0.RELEASE\plugins\org.eclipse.m2e.maven.runtime_3.9.900.20240824-1409\jars\maven-compat-3.9.9.jar
2025-02-07 12:19:11,585 [Worker-62: Launching Celebrateit-backend (7)] INFO  o.eclipse.m2e.core.internal.Bundles - 	Entry: D:\sts-4.26.0.RELEASE\plugins\org.eclipse.m2e.maven.runtime_3.9.900.20240824-1409\jars\maven-core-3.9.9.jar
2025-02-07 12:19:11,586 [Worker-62: Launching Celebrateit-backend (7)] INFO  o.eclipse.m2e.core.internal.Bundles - 	Entry: D:\sts-4.26.0.RELEASE\plugins\org.eclipse.m2e.maven.runtime_3.9.900.20240824-1409\jars\maven-embedder-3.9.9.jar
2025-02-07 12:19:11,586 [Worker-62: Launching Celebrateit-backend (7)] INFO  o.eclipse.m2e.core.internal.Bundles - 	Entry: D:\sts-4.26.0.RELEASE\plugins\org.eclipse.m2e.maven.runtime_3.9.900.20240824-1409\jars\maven-model-3.9.9.jar
2025-02-07 12:19:11,586 [Worker-62: Launching Celebrateit-backend (7)] INFO  o.eclipse.m2e.core.internal.Bundles - 	Entry: D:\sts-4.26.0.RELEASE\plugins\org.eclipse.m2e.maven.runtime_3.9.900.20240824-1409\jars\maven-model-builder-3.9.9.jar
2025-02-07 12:19:11,586 [Worker-62: Launching Celebrateit-backend (7)] INFO  o.eclipse.m2e.core.internal.Bundles - 	Entry: D:\sts-4.26.0.RELEASE\plugins\org.eclipse.m2e.maven.runtime_3.9.900.20240824-1409\jars\maven-plugin-api-3.9.9.jar
2025-02-07 12:19:11,586 [Worker-62: Launching Celebrateit-backend (7)] INFO  o.eclipse.m2e.core.internal.Bundles - 	Entry: D:\sts-4.26.0.RELEASE\plugins\org.eclipse.m2e.maven.runtime_3.9.900.20240824-1409\jars\maven-repository-metadata-3.9.9.jar
2025-02-07 12:19:11,586 [Worker-62: Launching Celebrateit-backend (7)] INFO  o.eclipse.m2e.core.internal.Bundles - 	Entry: D:\sts-4.26.0.RELEASE\plugins\org.eclipse.m2e.maven.runtime_3.9.900.20240824-1409\jars\maven-resolver-api-1.9.22.jar
2025-02-07 12:19:11,586 [Worker-62: Launching Celebrateit-backend (7)] INFO  o.eclipse.m2e.core.internal.Bundles - 	Entry: D:\sts-4.26.0.RELEASE\plugins\org.eclipse.m2e.maven.runtime_3.9.900.20240824-1409\jars\maven-resolver-connector-basic-1.9.22.jar
2025-02-07 12:19:11,586 [Worker-62: Launching Celebrateit-backend (7)] INFO  o.eclipse.m2e.core.internal.Bundles - 	Entry: D:\sts-4.26.0.RELEASE\plugins\org.eclipse.m2e.maven.runtime_3.9.900.20240824-1409\jars\maven-resolver-impl-1.9.22.jar
2025-02-07 12:19:11,586 [Worker-62: Launching Celebrateit-backend (7)] INFO  o.eclipse.m2e.core.internal.Bundles - 	Entry: D:\sts-4.26.0.RELEASE\plugins\org.eclipse.m2e.maven.runtime_3.9.900.20240824-1409\jars\maven-resolver-named-locks-1.9.22.jar
2025-02-07 12:19:11,586 [Worker-62: Launching Celebrateit-backend (7)] INFO  o.eclipse.m2e.core.internal.Bundles - 	Entry: D:\sts-4.26.0.RELEASE\plugins\org.eclipse.m2e.maven.runtime_3.9.900.20240824-1409\jars\maven-resolver-provider-3.9.9.jar
2025-02-07 12:19:11,586 [Worker-62: Launching Celebrateit-backend (7)] INFO  o.eclipse.m2e.core.internal.Bundles - 	Entry: D:\sts-4.26.0.RELEASE\plugins\org.eclipse.m2e.maven.runtime_3.9.900.20240824-1409\jars\maven-resolver-spi-1.9.22.jar
2025-02-07 12:19:11,586 [Worker-62: Launching Celebrateit-backend (7)] INFO  o.eclipse.m2e.core.internal.Bundles - 	Entry: D:\sts-4.26.0.RELEASE\plugins\org.eclipse.m2e.maven.runtime_3.9.900.20240824-1409\jars\maven-resolver-transport-file-1.9.22.jar
2025-02-07 12:19:11,586 [Worker-62: Launching Celebrateit-backend (7)] INFO  o.eclipse.m2e.core.internal.Bundles - 	Entry: D:\sts-4.26.0.RELEASE\plugins\org.eclipse.m2e.maven.runtime_3.9.900.20240824-1409\jars\maven-resolver-transport-http-1.9.22.jar
2025-02-07 12:19:11,586 [Worker-62: Launching Celebrateit-backend (7)] INFO  o.eclipse.m2e.core.internal.Bundles - 	Entry: D:\sts-4.26.0.RELEASE\plugins\org.eclipse.m2e.maven.runtime_3.9.900.20240824-1409\jars\maven-resolver-transport-wagon-1.9.22.jar
2025-02-07 12:19:11,586 [Worker-62: Launching Celebrateit-backend (7)] INFO  o.eclipse.m2e.core.internal.Bundles - 	Entry: D:\sts-4.26.0.RELEASE\plugins\org.eclipse.m2e.maven.runtime_3.9.900.20240824-1409\jars\maven-resolver-util-1.9.22.jar
2025-02-07 12:19:11,587 [Worker-62: Launching Celebrateit-backend (7)] INFO  o.eclipse.m2e.core.internal.Bundles - 	Entry: D:\sts-4.26.0.RELEASE\plugins\org.eclipse.m2e.maven.runtime_3.9.900.20240824-1409\jars\maven-settings-3.9.9.jar
2025-02-07 12:19:11,587 [Worker-62: Launching Celebrateit-backend (7)] INFO  o.eclipse.m2e.core.internal.Bundles - 	Entry: D:\sts-4.26.0.RELEASE\plugins\org.eclipse.m2e.maven.runtime_3.9.900.20240824-1409\jars\maven-settings-builder-3.9.9.jar
2025-02-07 12:19:11,587 [Worker-62: Launching Celebrateit-backend (7)] INFO  o.eclipse.m2e.core.internal.Bundles - 	Entry: D:\sts-4.26.0.RELEASE\plugins\org.eclipse.m2e.maven.runtime_3.9.900.20240824-1409\jars\maven-shared-utils-3.4.2.jar
2025-02-07 12:19:11,587 [Worker-62: Launching Celebrateit-backend (7)] INFO  o.eclipse.m2e.core.internal.Bundles - 	Entry: D:\sts-4.26.0.RELEASE\plugins\org.eclipse.m2e.maven.runtime_3.9.900.20240824-1409\jars\org.eclipse.sisu.inject-0.9.0.M3.jar
2025-02-07 12:19:11,587 [Worker-62: Launching Celebrateit-backend (7)] INFO  o.eclipse.m2e.core.internal.Bundles - 	Entry: D:\sts-4.26.0.RELEASE\plugins\org.eclipse.m2e.maven.runtime_3.9.900.20240824-1409\jars\org.eclipse.sisu.plexus-0.9.0.M3.jar
2025-02-07 12:19:11,587 [Worker-62: Launching Celebrateit-backend (7)] INFO  o.eclipse.m2e.core.internal.Bundles - 	Entry: D:\sts-4.26.0.RELEASE\plugins\org.eclipse.m2e.maven.runtime_3.9.900.20240824-1409\jars\plexus-build-api-0.0.7.jar
2025-02-07 12:19:11,587 [Worker-62: Launching Celebrateit-backend (7)] INFO  o.eclipse.m2e.core.internal.Bundles - 	Entry: D:\sts-4.26.0.RELEASE\plugins\org.eclipse.m2e.maven.runtime_3.9.900.20240824-1409\jars\plexus-build-api-1.2.0.jar
2025-02-07 12:19:11,587 [Worker-62: Launching Celebrateit-backend (7)] INFO  o.eclipse.m2e.core.internal.Bundles - 	Entry: D:\sts-4.26.0.RELEASE\plugins\org.eclipse.m2e.maven.runtime_3.9.900.20240824-1409\jars\plexus-cipher-2.0.jar
2025-02-07 12:19:11,587 [Worker-62: Launching Celebrateit-backend (7)] INFO  o.eclipse.m2e.core.internal.Bundles - 	Entry: D:\sts-4.26.0.RELEASE\plugins\org.eclipse.m2e.maven.runtime_3.9.900.20240824-1409\jars\plexus-classworlds-2.8.0.jar
2025-02-07 12:19:11,587 [Worker-62: Launching Celebrateit-backend (7)] INFO  o.eclipse.m2e.core.internal.Bundles - 	Entry: D:\sts-4.26.0.RELEASE\plugins\org.eclipse.m2e.maven.runtime_3.9.900.20240824-1409\jars\plexus-component-annotations-2.1.0.jar
2025-02-07 12:19:11,587 [Worker-62: Launching Celebrateit-backend (7)] INFO  o.eclipse.m2e.core.internal.Bundles - 	Entry: D:\sts-4.26.0.RELEASE\plugins\org.eclipse.m2e.maven.runtime_3.9.900.20240824-1409\jars\plexus-interpolation-1.27.jar
2025-02-07 12:19:11,587 [Worker-62: Launching Celebrateit-backend (7)] INFO  o.eclipse.m2e.core.internal.Bundles - 	Entry: D:\sts-4.26.0.RELEASE\plugins\org.eclipse.m2e.maven.runtime_3.9.900.20240824-1409\jars\plexus-sec-dispatcher-2.0.jar
2025-02-07 12:19:11,587 [Worker-62: Launching Celebrateit-backend (7)] INFO  o.eclipse.m2e.core.internal.Bundles - 	Entry: D:\sts-4.26.0.RELEASE\plugins\org.eclipse.m2e.maven.runtime_3.9.900.20240824-1409\jars\plexus-utils-3.5.1.jar
2025-02-07 12:19:11,587 [Worker-62: Launching Celebrateit-backend (7)] INFO  o.eclipse.m2e.core.internal.Bundles - 	Entry: D:\sts-4.26.0.RELEASE\plugins\org.eclipse.m2e.maven.runtime_3.9.900.20240824-1409\jars\plexus-xml-3.0.1.jar
2025-02-07 12:19:11,587 [Worker-62: Launching Celebrateit-backend (7)] INFO  o.eclipse.m2e.core.internal.Bundles - 	Entry: D:\sts-4.26.0.RELEASE\plugins\org.eclipse.m2e.maven.runtime_3.9.900.20240824-1409\jars\wagon-file-3.5.3.jar
2025-02-07 12:19:11,587 [Worker-62: Launching Celebrateit-backend (7)] INFO  o.eclipse.m2e.core.internal.Bundles - 	Entry: D:\sts-4.26.0.RELEASE\plugins\org.eclipse.m2e.maven.runtime_3.9.900.20240824-1409\jars\wagon-http-3.5.3.jar
2025-02-07 12:19:11,587 [Worker-62: Launching Celebrateit-backend (7)] INFO  o.eclipse.m2e.core.internal.Bundles - 	Entry: D:\sts-4.26.0.RELEASE\plugins\org.eclipse.m2e.maven.runtime_3.9.900.20240824-1409\jars\wagon-http-shared-3.5.3.jar
2025-02-07 12:19:11,587 [Worker-62: Launching Celebrateit-backend (7)] INFO  o.eclipse.m2e.core.internal.Bundles - 	Entry: D:\sts-4.26.0.RELEASE\plugins\org.eclipse.m2e.maven.runtime_3.9.900.20240824-1409\jars\wagon-provider-api-3.5.3.jar
2025-02-07 12:19:11,587 [Worker-62: Launching Celebrateit-backend (7)] INFO  o.eclipse.m2e.core.internal.Bundles - getClasspathEntries(Bundle=com.google.guava_33.3.0.jre [29])
2025-02-07 12:19:11,588 [Worker-62: Launching Celebrateit-backend (7)] INFO  o.eclipse.m2e.core.internal.Bundles - 	Entry: D:\sts-4.26.0.RELEASE\plugins\com.google.guava_33.3.0.jre.jar
2025-02-07 12:19:11,588 [Worker-62: Launching Celebrateit-backend (7)] INFO  o.eclipse.m2e.core.internal.Bundles - getClasspathEntries(Bundle=slf4j.api_2.0.16 [592])
2025-02-07 12:19:11,588 [Worker-62: Launching Celebrateit-backend (7)] INFO  o.eclipse.m2e.core.internal.Bundles - 	Entry: D:\sts-4.26.0.RELEASE\plugins\slf4j.api_2.0.16.jar
2025-02-07 12:19:11,588 [Worker-62: Launching Celebrateit-backend (7)] INFO  o.eclipse.m2e.core.internal.Bundles - getClasspathEntries(Bundle=jakarta.inject.jakarta.inject-api_1.0.5 [45])
2025-02-07 12:19:11,588 [Worker-62: Launching Celebrateit-backend (7)] INFO  o.eclipse.m2e.core.internal.Bundles - 	Entry: D:\sts-4.26.0.RELEASE\plugins\jakarta.inject.jakarta.inject-api_1.0.5.jar
2025-02-07 12:19:11,588 [Worker-62: Launching Celebrateit-backend (7)] INFO  o.eclipse.m2e.core.internal.Bundles - getClasspathEntries(Bundle=jakarta.annotation-api_1.3.5 [41])
2025-02-07 12:19:11,588 [Worker-62: Launching Celebrateit-backend (7)] INFO  o.eclipse.m2e.core.internal.Bundles - 	Entry: D:\sts-4.26.0.RELEASE\plugins\jakarta.annotation-api_1.3.5.jar
2025-02-07 12:19:11,588 [Worker-62: Launching Celebrateit-backend (7)] INFO  o.eclipse.m2e.core.internal.Bundles - getClasspathEntries(Bundle=org.apache.commons.cli_1.9.0 [77])
2025-02-07 12:19:11,588 [Worker-62: Launching Celebrateit-backend (7)] INFO  o.eclipse.m2e.core.internal.Bundles - 	Entry: D:\sts-4.26.0.RELEASE\plugins\org.apache.commons.cli_1.9.0.jar
2025-02-07 12:19:11,588 [Worker-62: Launching Celebrateit-backend (7)] INFO  o.eclipse.m2e.core.internal.Bundles - getClasspathEntries(Bundle=org.apache.commons.commons-codec_1.16.0 [80])
2025-02-07 12:19:11,588 [Worker-62: Launching Celebrateit-backend (7)] INFO  o.eclipse.m2e.core.internal.Bundles - 	Entry: D:\sts-4.26.0.RELEASE\plugins\org.apache.commons.commons-codec_1.16.0.jar
2025-02-07 12:19:11,588 [Worker-62: Launching Celebrateit-backend (7)] INFO  o.eclipse.m2e.core.internal.Bundles - getClasspathEntries(Bundle=com.google.guava.failureaccess_1.0.2 [30])
2025-02-07 12:19:11,589 [Worker-62: Launching Celebrateit-backend (7)] INFO  o.eclipse.m2e.core.internal.Bundles - 	Entry: D:\sts-4.26.0.RELEASE\plugins\com.google.guava.failureaccess_1.0.2.jar
2025-02-07 12:19:11,591 [Worker-62: Launching Celebrateit-backend (7)] INFO  o.e.m.i.launch.MavenLaunchDelegate - Run build in "C:\Users\Samruddhi\OneDrive\Desktop\cdac-project\Celebrateit-backend\Celebrateit-backend":
2025-02-07 12:19:11,592 [Worker-62: Launching Celebrateit-backend (7)] INFO  o.e.m.i.launch.MavenLaunchDelegate -  mvn  -B -Dstyle.color=always build compile
2025-02-07 12:46:45,708 [Worker-72: Building] INFO  o.a.m.s.f.DefaultMavenResourcesFiltering - Copying 1 resource from src\main\resources to target\classes
2025-02-07 12:46:45,718 [Worker-72: Building] INFO  o.a.m.s.f.DefaultMavenResourcesFiltering - Copying 0 resource from src\main\resources to target\classes
2025-02-07 12:46:45,721 [Worker-72: Building] INFO  o.a.m.s.f.DefaultMavenResourcesFiltering - skip non existing resourceDirectory C:\Users\Samruddhi\OneDrive\Desktop\cdac-project\Celebrateit-backend\Celebrateit-backend\src\test\resources
2025-02-07 19:49:44,850 [Worker-2: Loading available Gradle versions] INFO  o.e.b.c.i.u.g.PublishedGradleVersions - Gradle version information cache is up-to-date. Trying to read.
2025-02-07 20:21:08,439 [Worker-7: Building] INFO  o.e.m.c.i.l.LifecycleMappingFactory - Using org.eclipse.m2e.jdt.JarLifecycleMapping lifecycle mapping for MavenProject: com.celebrateit:Celebrateit-backend:0.0.1-SNAPSHOT @ C:\Users\Samruddhi\OneDrive\Desktop\cdac-project\Celebrateit-backend\Celebrateit-backend\pom.xml.
2025-02-07 20:21:10,030 [Worker-7: Building] INFO  o.e.m.c.i.e.AbstractTransferListenerAdapter - Downloading https://repo.maven.apache.org/maven2/org/springframework/boot/spring-boot-starter-data-redis/3.4.0/spring-boot-starter-data-redis-3.4.0.pom
2025-02-07 20:21:10,049 [Worker-7: Building] INFO  o.e.m.c.i.e.AbstractTransferListenerAdapter - Downloaded https://repo.maven.apache.org/maven2/org/springframework/boot/spring-boot-starter-data-redis/3.4.0/spring-boot-starter-data-redis-3.4.0.pom
2025-02-07 20:21:10,264 [Worker-7: Building] INFO  o.e.m.c.i.e.AbstractTransferListenerAdapter - Downloading https://repo.maven.apache.org/maven2/io/lettuce/lettuce-core/6.4.1.RELEASE/lettuce-core-6.4.1.RELEASE.pom
2025-02-07 20:21:10,276 [Worker-7: Building] INFO  o.e.m.c.i.e.AbstractTransferListenerAdapter - Downloaded https://repo.maven.apache.org/maven2/io/lettuce/lettuce-core/6.4.1.RELEASE/lettuce-core-6.4.1.RELEASE.pom
2025-02-07 20:21:10,319 [Worker-7: Building] INFO  o.e.m.c.i.e.AbstractTransferListenerAdapter - Downloading https://repo.maven.apache.org/maven2/io/netty/netty-common/4.1.115.Final/netty-common-4.1.115.Final.pom
2025-02-07 20:21:10,347 [Worker-7: Building] INFO  o.e.m.c.i.e.AbstractTransferListenerAdapter - Downloaded https://repo.maven.apache.org/maven2/io/netty/netty-common/4.1.115.Final/netty-common-4.1.115.Final.pom
2025-02-07 20:21:10,393 [Worker-7: Building] INFO  o.e.m.c.i.e.AbstractTransferListenerAdapter - Downloading https://repo.maven.apache.org/maven2/io/netty/netty-parent/4.1.115.Final/netty-parent-4.1.115.Final.pom
2025-02-07 20:21:10,512 [Worker-7: Building] INFO  o.e.m.c.i.e.AbstractTransferListenerAdapter - Downloaded https://repo.maven.apache.org/maven2/io/netty/netty-parent/4.1.115.Final/netty-parent-4.1.115.Final.pom
2025-02-07 20:21:10,570 [Worker-7: Building] INFO  o.e.m.c.i.e.AbstractTransferListenerAdapter - Downloading https://repo.maven.apache.org/maven2/io/netty/netty-handler/4.1.115.Final/netty-handler-4.1.115.Final.pom
2025-02-07 20:21:10,577 [Worker-7: Building] INFO  o.e.m.c.i.e.AbstractTransferListenerAdapter - Downloaded https://repo.maven.apache.org/maven2/io/netty/netty-handler/4.1.115.Final/netty-handler-4.1.115.Final.pom
2025-02-07 20:21:10,631 [Worker-7: Building] INFO  o.e.m.c.i.e.AbstractTransferListenerAdapter - Downloading https://repo.maven.apache.org/maven2/io/netty/netty-resolver/4.1.115.Final/netty-resolver-4.1.115.Final.pom
2025-02-07 20:21:10,637 [Worker-7: Building] INFO  o.e.m.c.i.e.AbstractTransferListenerAdapter - Downloaded https://repo.maven.apache.org/maven2/io/netty/netty-resolver/4.1.115.Final/netty-resolver-4.1.115.Final.pom
2025-02-07 20:21:10,687 [Worker-7: Building] INFO  o.e.m.c.i.e.AbstractTransferListenerAdapter - Downloading https://repo.maven.apache.org/maven2/io/netty/netty-buffer/4.1.115.Final/netty-buffer-4.1.115.Final.pom
2025-02-07 20:21:10,696 [Worker-7: Building] INFO  o.e.m.c.i.e.AbstractTransferListenerAdapter - Downloaded https://repo.maven.apache.org/maven2/io/netty/netty-buffer/4.1.115.Final/netty-buffer-4.1.115.Final.pom
2025-02-07 20:21:10,751 [Worker-7: Building] INFO  o.e.m.c.i.e.AbstractTransferListenerAdapter - Downloading https://repo.maven.apache.org/maven2/io/netty/netty-transport/4.1.115.Final/netty-transport-4.1.115.Final.pom
2025-02-07 20:21:10,762 [Worker-7: Building] INFO  o.e.m.c.i.e.AbstractTransferListenerAdapter - Downloaded https://repo.maven.apache.org/maven2/io/netty/netty-transport/4.1.115.Final/netty-transport-4.1.115.Final.pom
2025-02-07 20:21:10,817 [Worker-7: Building] INFO  o.e.m.c.i.e.AbstractTransferListenerAdapter - Downloading https://repo.maven.apache.org/maven2/io/netty/netty-transport-native-unix-common/4.1.115.Final/netty-transport-native-unix-common-4.1.115.Final.pom
2025-02-07 20:21:10,837 [Worker-7: Building] INFO  o.e.m.c.i.e.AbstractTransferListenerAdapter - Downloaded https://repo.maven.apache.org/maven2/io/netty/netty-transport-native-unix-common/4.1.115.Final/netty-transport-native-unix-common-4.1.115.Final.pom
2025-02-07 20:21:10,942 [Worker-7: Building] INFO  o.e.m.c.i.e.AbstractTransferListenerAdapter - Downloading https://repo.maven.apache.org/maven2/io/netty/netty-codec/4.1.115.Final/netty-codec-4.1.115.Final.pom
2025-02-07 20:21:10,948 [Worker-7: Building] INFO  o.e.m.c.i.e.AbstractTransferListenerAdapter - Downloaded https://repo.maven.apache.org/maven2/io/netty/netty-codec/4.1.115.Final/netty-codec-4.1.115.Final.pom
2025-02-07 20:21:10,992 [Worker-7: Building] INFO  o.e.m.c.i.e.AbstractTransferListenerAdapter - Downloading https://repo.maven.apache.org/maven2/io/projectreactor/reactor-core/3.7.0/reactor-core-3.7.0.pom
2025-02-07 20:21:10,999 [Worker-7: Building] INFO  o.e.m.c.i.e.AbstractTransferListenerAdapter - Downloaded https://repo.maven.apache.org/maven2/io/projectreactor/reactor-core/3.7.0/reactor-core-3.7.0.pom
2025-02-07 20:21:11,243 [Worker-7: Building] INFO  o.e.m.c.i.e.AbstractTransferListenerAdapter - Downloading https://repo.maven.apache.org/maven2/org/springframework/data/spring-data-redis/3.4.0/spring-data-redis-3.4.0.pom
2025-02-07 20:21:11,250 [Worker-7: Building] INFO  o.e.m.c.i.e.AbstractTransferListenerAdapter - Downloaded https://repo.maven.apache.org/maven2/org/springframework/data/spring-data-redis/3.4.0/spring-data-redis-3.4.0.pom
2025-02-07 20:21:11,301 [Worker-7: Building] INFO  o.e.m.c.i.e.AbstractTransferListenerAdapter - Downloading https://repo.maven.apache.org/maven2/org/springframework/data/spring-data-keyvalue/3.4.0/spring-data-keyvalue-3.4.0.pom
2025-02-07 20:21:11,307 [Worker-7: Building] INFO  o.e.m.c.i.e.AbstractTransferListenerAdapter - Downloaded https://repo.maven.apache.org/maven2/org/springframework/data/spring-data-keyvalue/3.4.0/spring-data-keyvalue-3.4.0.pom
2025-02-07 20:21:11,368 [Worker-7: Building] INFO  o.e.m.c.i.e.AbstractTransferListenerAdapter - Downloading https://repo.maven.apache.org/maven2/org/springframework/spring-oxm/6.2.0/spring-oxm-6.2.0.pom
2025-02-07 20:21:11,375 [Worker-7: Building] INFO  o.e.m.c.i.e.AbstractTransferListenerAdapter - Downloaded https://repo.maven.apache.org/maven2/org/springframework/spring-oxm/6.2.0/spring-oxm-6.2.0.pom
2025-02-07 20:21:11,431 [Worker-7: Building] INFO  o.e.m.c.i.e.AbstractTransferListenerAdapter - Downloading https://repo.maven.apache.org/maven2/org/springframework/spring-context-support/6.2.0/spring-context-support-6.2.0.pom
2025-02-07 20:21:11,437 [Worker-7: Building] INFO  o.e.m.c.i.e.AbstractTransferListenerAdapter - Downloaded https://repo.maven.apache.org/maven2/org/springframework/spring-context-support/6.2.0/spring-context-support-6.2.0.pom
2025-02-07 20:21:11,792 [Worker-7: Building] INFO  o.e.m.c.i.e.AbstractTransferListenerAdapter - Downloading https://repo.maven.apache.org/maven2/org/springframework/boot/spring-boot-starter-data-redis/3.4.0/spring-boot-starter-data-redis-3.4.0.jar
2025-02-07 20:21:11,801 [Worker-7: Building] INFO  o.e.m.c.i.e.AbstractTransferListenerAdapter - Downloaded https://repo.maven.apache.org/maven2/org/springframework/boot/spring-boot-starter-data-redis/3.4.0/spring-boot-starter-data-redis-3.4.0.jar
2025-02-07 20:21:11,888 [BasicRepositoryConnector-repo.maven.apache.org-0-0] INFO  o.e.m.c.i.e.AbstractTransferListenerAdapter - Downloading https://repo.maven.apache.org/maven2/io/lettuce/lettuce-core/6.4.1.RELEASE/lettuce-core-6.4.1.RELEASE.jar
2025-02-07 20:21:12,157 [BasicRepositoryConnector-repo.maven.apache.org-0-4] INFO  o.e.m.c.i.e.AbstractTransferListenerAdapter - Downloading https://repo.maven.apache.org/maven2/io/netty/netty-buffer/4.1.115.Final/netty-buffer-4.1.115.Final.jar
2025-02-07 20:21:12,157 [BasicRepositoryConnector-repo.maven.apache.org-0-3] INFO  o.e.m.c.i.e.AbstractTransferListenerAdapter - Downloading https://repo.maven.apache.org/maven2/io/netty/netty-resolver/4.1.115.Final/netty-resolver-4.1.115.Final.jar
2025-02-07 20:21:12,163 [BasicRepositoryConnector-repo.maven.apache.org-0-1] INFO  o.e.m.c.i.e.AbstractTransferListenerAdapter - Downloading https://repo.maven.apache.org/maven2/io/netty/netty-common/4.1.115.Final/netty-common-4.1.115.Final.jar
2025-02-07 20:21:12,163 [BasicRepositoryConnector-repo.maven.apache.org-0-2] INFO  o.e.m.c.i.e.AbstractTransferListenerAdapter - Downloading https://repo.maven.apache.org/maven2/io/netty/netty-handler/4.1.115.Final/netty-handler-4.1.115.Final.jar
2025-02-07 20:21:12,210 [BasicRepositoryConnector-repo.maven.apache.org-0-3] INFO  o.e.m.c.i.e.AbstractTransferListenerAdapter - Downloaded https://repo.maven.apache.org/maven2/io/netty/netty-resolver/4.1.115.Final/netty-resolver-4.1.115.Final.jar
2025-02-07 20:21:12,313 [BasicRepositoryConnector-repo.maven.apache.org-0-3] INFO  o.e.m.c.i.e.AbstractTransferListenerAdapter - Downloading https://repo.maven.apache.org/maven2/io/netty/netty-transport-native-unix-common/4.1.115.Final/netty-transport-native-unix-common-4.1.115.Final.jar
2025-02-07 20:21:12,397 [BasicRepositoryConnector-repo.maven.apache.org-0-3] INFO  o.e.m.c.i.e.AbstractTransferListenerAdapter - Downloaded https://repo.maven.apache.org/maven2/io/netty/netty-transport-native-unix-common/4.1.115.Final/netty-transport-native-unix-common-4.1.115.Final.jar
2025-02-07 20:21:12,649 [BasicRepositoryConnector-repo.maven.apache.org-0-3] INFO  o.e.m.c.i.e.AbstractTransferListenerAdapter - Downloading https://repo.maven.apache.org/maven2/io/netty/netty-codec/4.1.115.Final/netty-codec-4.1.115.Final.jar
2025-02-07 20:21:13,462 [BasicRepositoryConnector-repo.maven.apache.org-0-2] INFO  o.e.m.c.i.e.AbstractTransferListenerAdapter - Downloaded https://repo.maven.apache.org/maven2/io/netty/netty-handler/4.1.115.Final/netty-handler-4.1.115.Final.jar
2025-02-07 20:21:13,737 [BasicRepositoryConnector-repo.maven.apache.org-0-4] INFO  o.e.m.c.i.e.AbstractTransferListenerAdapter - Downloaded https://repo.maven.apache.org/maven2/io/netty/netty-buffer/4.1.115.Final/netty-buffer-4.1.115.Final.jar
2025-02-07 20:21:13,737 [BasicRepositoryConnector-repo.maven.apache.org-0-1] INFO  o.e.m.c.i.e.AbstractTransferListenerAdapter - Downloaded https://repo.maven.apache.org/maven2/io/netty/netty-common/4.1.115.Final/netty-common-4.1.115.Final.jar
2025-02-07 20:21:13,755 [BasicRepositoryConnector-repo.maven.apache.org-0-2] INFO  o.e.m.c.i.e.AbstractTransferListenerAdapter - Downloading https://repo.maven.apache.org/maven2/io/netty/netty-transport/4.1.115.Final/netty-transport-4.1.115.Final.jar
2025-02-07 20:21:14,125 [BasicRepositoryConnector-repo.maven.apache.org-0-1] INFO  o.e.m.c.i.e.AbstractTransferListenerAdapter - Downloading https://repo.maven.apache.org/maven2/org/springframework/data/spring-data-redis/3.4.0/spring-data-redis-3.4.0.jar
2025-02-07 20:21:14,127 [BasicRepositoryConnector-repo.maven.apache.org-0-4] INFO  o.e.m.c.i.e.AbstractTransferListenerAdapter - Downloading https://repo.maven.apache.org/maven2/io/projectreactor/reactor-core/3.7.0/reactor-core-3.7.0.jar
2025-02-07 20:21:14,134 [BasicRepositoryConnector-repo.maven.apache.org-0-3] INFO  o.e.m.c.i.e.AbstractTransferListenerAdapter - Downloaded https://repo.maven.apache.org/maven2/io/netty/netty-codec/4.1.115.Final/netty-codec-4.1.115.Final.jar
2025-02-07 20:21:14,650 [BasicRepositoryConnector-repo.maven.apache.org-0-3] INFO  o.e.m.c.i.e.AbstractTransferListenerAdapter - Downloading https://repo.maven.apache.org/maven2/org/springframework/data/spring-data-keyvalue/3.4.0/spring-data-keyvalue-3.4.0.jar
2025-02-07 20:21:15,169 [BasicRepositoryConnector-repo.maven.apache.org-0-2] INFO  o.e.m.c.i.e.AbstractTransferListenerAdapter - Downloaded https://repo.maven.apache.org/maven2/io/netty/netty-transport/4.1.115.Final/netty-transport-4.1.115.Final.jar
2025-02-07 20:21:15,282 [BasicRepositoryConnector-repo.maven.apache.org-0-3] INFO  o.e.m.c.i.e.AbstractTransferListenerAdapter - Downloaded https://repo.maven.apache.org/maven2/org/springframework/data/spring-data-keyvalue/3.4.0/spring-data-keyvalue-3.4.0.jar
2025-02-07 20:21:15,385 [BasicRepositoryConnector-repo.maven.apache.org-0-2] INFO  o.e.m.c.i.e.AbstractTransferListenerAdapter - Downloading https://repo.maven.apache.org/maven2/org/springframework/spring-oxm/6.2.0/spring-oxm-6.2.0.jar
2025-02-07 20:21:15,459 [BasicRepositoryConnector-repo.maven.apache.org-0-3] INFO  o.e.m.c.i.e.AbstractTransferListenerAdapter - Downloading https://repo.maven.apache.org/maven2/org/springframework/spring-context-support/6.2.0/spring-context-support-6.2.0.jar
2025-02-07 20:21:15,527 [BasicRepositoryConnector-repo.maven.apache.org-0-2] INFO  o.e.m.c.i.e.AbstractTransferListenerAdapter - Downloaded https://repo.maven.apache.org/maven2/org/springframework/spring-oxm/6.2.0/spring-oxm-6.2.0.jar
2025-02-07 20:21:16,085 [BasicRepositoryConnector-repo.maven.apache.org-0-3] INFO  o.e.m.c.i.e.AbstractTransferListenerAdapter - Downloaded https://repo.maven.apache.org/maven2/org/springframework/spring-context-support/6.2.0/spring-context-support-6.2.0.jar
2025-02-07 20:21:16,633 [BasicRepositoryConnector-repo.maven.apache.org-0-0] INFO  o.e.m.c.i.e.AbstractTransferListenerAdapter - Downloaded https://repo.maven.apache.org/maven2/io/lettuce/lettuce-core/6.4.1.RELEASE/lettuce-core-6.4.1.RELEASE.jar
2025-02-07 20:21:17,188 [BasicRepositoryConnector-repo.maven.apache.org-0-1] INFO  o.e.m.c.i.e.AbstractTransferListenerAdapter - Downloaded https://repo.maven.apache.org/maven2/org/springframework/data/spring-data-redis/3.4.0/spring-data-redis-3.4.0.jar
2025-02-07 20:21:19,424 [BasicRepositoryConnector-repo.maven.apache.org-0-4] INFO  o.e.m.c.i.e.AbstractTransferListenerAdapter - Downloaded https://repo.maven.apache.org/maven2/io/projectreactor/reactor-core/3.7.0/reactor-core-3.7.0.jar
2025-02-07 20:21:20,514 [Worker-7: Building] INFO  o.a.m.s.f.DefaultMavenResourcesFiltering - Copying 1 resource from src\main\resources to target\classes
2025-02-07 20:21:20,539 [Worker-7: Building] INFO  o.a.m.s.f.DefaultMavenResourcesFiltering - Copying 0 resource from src\main\resources to target\classes
2025-02-07 20:21:20,547 [Worker-7: Building] INFO  o.a.m.s.f.DefaultMavenResourcesFiltering - skip non existing resourceDirectory C:\Users\Samruddhi\OneDrive\Desktop\cdac-project\Celebrateit-backend\Celebrateit-backend\src\test\resources
2025-02-07 20:21:21,549 [Worker-14: Download sources and javadoc] INFO  o.e.m.c.i.e.AbstractTransferListenerAdapter - Downloading https://repo.maven.apache.org/maven2/org/springframework/boot/spring-boot-starter-data-redis/3.4.0/spring-boot-starter-data-redis-3.4.0-sources.jar
2025-02-07 20:21:21,558 [Worker-14: Download sources and javadoc] INFO  o.e.m.c.i.e.AbstractTransferListenerAdapter - Downloaded https://repo.maven.apache.org/maven2/org/springframework/boot/spring-boot-starter-data-redis/3.4.0/spring-boot-starter-data-redis-3.4.0-sources.jar
2025-02-07 20:21:21,568 [Worker-14: Download sources and javadoc] INFO  o.e.m.j.internal.DownloadSourcesJob - Downloaded sources for org.springframework.boot:spring-boot-starter-data-redis:3.4.0
2025-02-07 20:21:21,772 [Worker-14: Download sources and javadoc] INFO  o.e.m.c.i.e.AbstractTransferListenerAdapter - Downloading https://repo.maven.apache.org/maven2/io/lettuce/lettuce-core/6.4.1.RELEASE/lettuce-core-6.4.1.RELEASE-sources.jar
2025-02-07 20:21:22,915 [Worker-14: Download sources and javadoc] INFO  o.e.m.c.i.e.AbstractTransferListenerAdapter - Downloaded https://repo.maven.apache.org/maven2/io/lettuce/lettuce-core/6.4.1.RELEASE/lettuce-core-6.4.1.RELEASE-sources.jar
2025-02-07 20:21:22,924 [Worker-14: Download sources and javadoc] INFO  o.e.m.j.internal.DownloadSourcesJob - Downloaded sources for io.lettuce:lettuce-core:6.4.1.RELEASE
2025-02-07 20:21:23,137 [Worker-14: Download sources and javadoc] INFO  o.e.m.c.i.e.AbstractTransferListenerAdapter - Downloading https://repo.maven.apache.org/maven2/io/netty/netty-common/4.1.115.Final/netty-common-4.1.115.Final-sources.jar
2025-02-07 20:21:23,820 [Worker-14: Download sources and javadoc] INFO  o.e.m.c.i.e.AbstractTransferListenerAdapter - Downloaded https://repo.maven.apache.org/maven2/io/netty/netty-common/4.1.115.Final/netty-common-4.1.115.Final-sources.jar
2025-02-07 20:21:23,831 [Worker-14: Download sources and javadoc] INFO  o.e.m.j.internal.DownloadSourcesJob - Downloaded sources for io.netty:netty-common:4.1.115.Final
2025-02-07 20:21:24,053 [Worker-14: Download sources and javadoc] INFO  o.e.m.c.i.e.AbstractTransferListenerAdapter - Downloading https://repo.maven.apache.org/maven2/io/netty/netty-handler/4.1.115.Final/netty-handler-4.1.115.Final-sources.jar
2025-02-07 20:21:24,382 [Worker-14: Download sources and javadoc] INFO  o.e.m.c.i.e.AbstractTransferListenerAdapter - Downloaded https://repo.maven.apache.org/maven2/io/netty/netty-handler/4.1.115.Final/netty-handler-4.1.115.Final-sources.jar
2025-02-07 20:21:24,389 [Worker-14: Download sources and javadoc] INFO  o.e.m.j.internal.DownloadSourcesJob - Downloaded sources for io.netty:netty-handler:4.1.115.Final
2025-02-07 20:21:24,599 [Worker-14: Download sources and javadoc] INFO  o.e.m.c.i.e.AbstractTransferListenerAdapter - Downloading https://repo.maven.apache.org/maven2/io/netty/netty-resolver/4.1.115.Final/netty-resolver-4.1.115.Final-sources.jar
2025-02-07 20:21:24,612 [Worker-14: Download sources and javadoc] INFO  o.e.m.c.i.e.AbstractTransferListenerAdapter - Downloaded https://repo.maven.apache.org/maven2/io/netty/netty-resolver/4.1.115.Final/netty-resolver-4.1.115.Final-sources.jar
2025-02-07 20:21:24,619 [Worker-14: Download sources and javadoc] INFO  o.e.m.j.internal.DownloadSourcesJob - Downloaded sources for io.netty:netty-resolver:4.1.115.Final
2025-02-07 20:21:24,790 [Worker-14: Download sources and javadoc] INFO  o.e.m.c.i.e.AbstractTransferListenerAdapter - Downloading https://repo.maven.apache.org/maven2/io/netty/netty-buffer/4.1.115.Final/netty-buffer-4.1.115.Final-sources.jar
2025-02-07 20:21:25,054 [Worker-12: Building] INFO  o.a.m.s.f.DefaultMavenResourcesFiltering - Copying 1 resource from src\main\resources to target\classes
2025-02-07 20:21:25,083 [Worker-12: Building] INFO  o.a.m.s.f.DefaultMavenResourcesFiltering - Copying 0 resource from src\main\resources to target\classes
2025-02-07 20:21:25,092 [Worker-12: Building] INFO  o.a.m.s.f.DefaultMavenResourcesFiltering - skip non existing resourceDirectory C:\Users\Samruddhi\OneDrive\Desktop\cdac-project\Celebrateit-backend\Celebrateit-backend\src\test\resources
2025-02-07 20:21:25,356 [Worker-14: Download sources and javadoc] INFO  o.e.m.c.i.e.AbstractTransferListenerAdapter - Downloaded https://repo.maven.apache.org/maven2/io/netty/netty-buffer/4.1.115.Final/netty-buffer-4.1.115.Final-sources.jar
2025-02-07 20:21:25,363 [Worker-14: Download sources and javadoc] INFO  o.e.m.j.internal.DownloadSourcesJob - Downloaded sources for io.netty:netty-buffer:4.1.115.Final
2025-02-07 20:21:25,528 [Worker-14: Download sources and javadoc] INFO  o.e.m.c.i.e.AbstractTransferListenerAdapter - Downloading https://repo.maven.apache.org/maven2/io/netty/netty-transport-native-unix-common/4.1.115.Final/netty-transport-native-unix-common-4.1.115.Final-sources.jar
2025-02-07 20:21:25,610 [Worker-14: Download sources and javadoc] INFO  o.e.m.c.i.e.AbstractTransferListenerAdapter - Downloaded https://repo.maven.apache.org/maven2/io/netty/netty-transport-native-unix-common/4.1.115.Final/netty-transport-native-unix-common-4.1.115.Final-sources.jar
2025-02-07 20:21:25,618 [Worker-14: Download sources and javadoc] INFO  o.e.m.j.internal.DownloadSourcesJob - Downloaded sources for io.netty:netty-transport-native-unix-common:4.1.115.Final
2025-02-07 20:21:25,848 [Worker-14: Download sources and javadoc] INFO  o.e.m.c.i.e.AbstractTransferListenerAdapter - Downloading https://repo.maven.apache.org/maven2/io/netty/netty-codec/4.1.115.Final/netty-codec-4.1.115.Final-sources.jar
2025-02-07 20:21:26,203 [Worker-14: Download sources and javadoc] INFO  o.e.m.c.i.e.AbstractTransferListenerAdapter - Downloaded https://repo.maven.apache.org/maven2/io/netty/netty-codec/4.1.115.Final/netty-codec-4.1.115.Final-sources.jar
2025-02-07 20:21:26,207 [Worker-14: Download sources and javadoc] INFO  o.e.m.j.internal.DownloadSourcesJob - Downloaded sources for io.netty:netty-codec:4.1.115.Final
2025-02-07 20:21:26,354 [Worker-14: Download sources and javadoc] INFO  o.e.m.c.i.e.AbstractTransferListenerAdapter - Downloading https://repo.maven.apache.org/maven2/io/netty/netty-transport/4.1.115.Final/netty-transport-4.1.115.Final-sources.jar
2025-02-07 20:21:26,699 [Worker-14: Download sources and javadoc] INFO  o.e.m.c.i.e.AbstractTransferListenerAdapter - Downloaded https://repo.maven.apache.org/maven2/io/netty/netty-transport/4.1.115.Final/netty-transport-4.1.115.Final-sources.jar
2025-02-07 20:21:26,706 [Worker-14: Download sources and javadoc] INFO  o.e.m.j.internal.DownloadSourcesJob - Downloaded sources for io.netty:netty-transport:4.1.115.Final
2025-02-07 20:21:27,085 [Worker-14: Download sources and javadoc] INFO  o.e.m.c.i.e.AbstractTransferListenerAdapter - Downloading https://repo.maven.apache.org/maven2/io/projectreactor/reactor-core/3.7.0/reactor-core-3.7.0-sources.jar
2025-02-07 20:21:28,273 [Worker-14: Download sources and javadoc] INFO  o.e.m.c.i.e.AbstractTransferListenerAdapter - Downloaded https://repo.maven.apache.org/maven2/io/projectreactor/reactor-core/3.7.0/reactor-core-3.7.0-sources.jar
2025-02-07 20:21:28,277 [Worker-14: Download sources and javadoc] INFO  o.e.m.j.internal.DownloadSourcesJob - Downloaded sources for io.projectreactor:reactor-core:3.7.0
2025-02-07 20:21:28,442 [Worker-14: Download sources and javadoc] INFO  o.e.m.c.i.e.AbstractTransferListenerAdapter - Downloading https://repo.maven.apache.org/maven2/org/reactivestreams/reactive-streams/1.0.4/reactive-streams-1.0.4-sources.jar
2025-02-07 20:21:28,476 [Worker-14: Download sources and javadoc] INFO  o.e.m.c.i.e.AbstractTransferListenerAdapter - Downloaded https://repo.maven.apache.org/maven2/org/reactivestreams/reactive-streams/1.0.4/reactive-streams-1.0.4-sources.jar
2025-02-07 20:21:28,481 [Worker-14: Download sources and javadoc] INFO  o.e.m.j.internal.DownloadSourcesJob - Downloaded sources for org.reactivestreams:reactive-streams:1.0.4
2025-02-07 20:21:28,607 [Worker-14: Download sources and javadoc] INFO  o.e.m.c.i.e.AbstractTransferListenerAdapter - Downloading https://repo.maven.apache.org/maven2/org/springframework/data/spring-data-redis/3.4.0/spring-data-redis-3.4.0-sources.jar
2025-02-07 20:21:29,727 [Worker-14: Download sources and javadoc] INFO  o.e.m.c.i.e.AbstractTransferListenerAdapter - Downloaded https://repo.maven.apache.org/maven2/org/springframework/data/spring-data-redis/3.4.0/spring-data-redis-3.4.0-sources.jar
2025-02-07 20:21:29,732 [Worker-14: Download sources and javadoc] INFO  o.e.m.j.internal.DownloadSourcesJob - Downloaded sources for org.springframework.data:spring-data-redis:3.4.0
2025-02-07 20:21:29,891 [Worker-14: Download sources and javadoc] INFO  o.e.m.c.i.e.AbstractTransferListenerAdapter - Downloading https://repo.maven.apache.org/maven2/org/springframework/data/spring-data-keyvalue/3.4.0/spring-data-keyvalue-3.4.0-sources.jar
2025-02-07 20:21:30,018 [Worker-14: Download sources and javadoc] INFO  o.e.m.c.i.e.AbstractTransferListenerAdapter - Downloaded https://repo.maven.apache.org/maven2/org/springframework/data/spring-data-keyvalue/3.4.0/spring-data-keyvalue-3.4.0-sources.jar
2025-02-07 20:21:30,023 [Worker-14: Download sources and javadoc] INFO  o.e.m.j.internal.DownloadSourcesJob - Downloaded sources for org.springframework.data:spring-data-keyvalue:3.4.0
2025-02-07 20:21:30,166 [Worker-14: Download sources and javadoc] INFO  o.e.m.c.i.e.AbstractTransferListenerAdapter - Downloading https://repo.maven.apache.org/maven2/org/springframework/spring-oxm/6.2.0/spring-oxm-6.2.0-sources.jar
2025-02-07 20:21:30,215 [Worker-14: Download sources and javadoc] INFO  o.e.m.c.i.e.AbstractTransferListenerAdapter - Downloaded https://repo.maven.apache.org/maven2/org/springframework/spring-oxm/6.2.0/spring-oxm-6.2.0-sources.jar
2025-02-07 20:21:30,220 [Worker-14: Download sources and javadoc] INFO  o.e.m.j.internal.DownloadSourcesJob - Downloaded sources for org.springframework:spring-oxm:6.2.0
2025-02-07 20:21:30,383 [Worker-14: Download sources and javadoc] INFO  o.e.m.c.i.e.AbstractTransferListenerAdapter - Downloading https://repo.maven.apache.org/maven2/org/springframework/spring-context-support/6.2.0/spring-context-support-6.2.0-sources.jar
2025-02-07 20:21:30,535 [Worker-14: Download sources and javadoc] INFO  o.e.m.c.i.e.AbstractTransferListenerAdapter - Downloaded https://repo.maven.apache.org/maven2/org/springframework/spring-context-support/6.2.0/spring-context-support-6.2.0-sources.jar
2025-02-07 20:21:30,540 [Worker-14: Download sources and javadoc] INFO  o.e.m.j.internal.DownloadSourcesJob - Downloaded sources for org.springframework:spring-context-support:6.2.0
2025-02-07 20:23:18,331 [Worker-16: Building] INFO  o.a.m.s.f.DefaultMavenResourcesFiltering - Copying 1 resource from src\main\resources to target\classes
2025-02-07 20:23:18,344 [Worker-16: Building] INFO  o.a.m.s.f.DefaultMavenResourcesFiltering - Copying 0 resource from src\main\resources to target\classes
2025-02-07 20:23:18,352 [Worker-16: Building] INFO  o.a.m.s.f.DefaultMavenResourcesFiltering - skip non existing resourceDirectory C:\Users\Samruddhi\OneDrive\Desktop\cdac-project\Celebrateit-backend\Celebrateit-backend\src\test\resources
2025-02-07 20:25:04,820 [Worker-16: Building] INFO  o.a.m.s.f.DefaultMavenResourcesFiltering - Copying 1 resource from src\main\resources to target\classes
2025-02-07 20:25:04,829 [Worker-16: Building] INFO  o.a.m.s.f.DefaultMavenResourcesFiltering - Copying 0 resource from src\main\resources to target\classes
2025-02-07 20:25:04,835 [Worker-16: Building] INFO  o.a.m.s.f.DefaultMavenResourcesFiltering - skip non existing resourceDirectory C:\Users\Samruddhi\OneDrive\Desktop\cdac-project\Celebrateit-backend\Celebrateit-backend\src\test\resources
2025-02-07 20:25:56,525 [Worker-19: Building] INFO  o.a.m.s.f.DefaultMavenResourcesFiltering - Copying 1 resource from src\main\resources to target\classes
2025-02-07 20:25:56,532 [Worker-19: Building] INFO  o.a.m.s.f.DefaultMavenResourcesFiltering - Copying 0 resource from src\main\resources to target\classes
2025-02-07 20:25:56,537 [Worker-19: Building] INFO  o.a.m.s.f.DefaultMavenResourcesFiltering - skip non existing resourceDirectory C:\Users\Samruddhi\OneDrive\Desktop\cdac-project\Celebrateit-backend\Celebrateit-backend\src\test\resources
2025-02-07 20:27:10,663 [Worker-19: Building] INFO  o.a.m.s.f.DefaultMavenResourcesFiltering - Copying 1 resource from src\main\resources to target\classes
2025-02-07 20:27:10,670 [Worker-19: Building] INFO  o.a.m.s.f.DefaultMavenResourcesFiltering - Copying 0 resource from src\main\resources to target\classes
2025-02-07 20:27:10,674 [Worker-19: Building] INFO  o.a.m.s.f.DefaultMavenResourcesFiltering - skip non existing resourceDirectory C:\Users\Samruddhi\OneDrive\Desktop\cdac-project\Celebrateit-backend\Celebrateit-backend\src\test\resources
2025-02-07 20:27:41,651 [Worker-14: Building] INFO  o.a.m.s.f.DefaultMavenResourcesFiltering - Copying 1 resource from src\main\resources to target\classes
2025-02-07 20:27:41,657 [Worker-14: Building] INFO  o.a.m.s.f.DefaultMavenResourcesFiltering - Copying 0 resource from src\main\resources to target\classes
2025-02-07 20:27:41,660 [Worker-14: Building] INFO  o.a.m.s.f.DefaultMavenResourcesFiltering - skip non existing resourceDirectory C:\Users\Samruddhi\OneDrive\Desktop\cdac-project\Celebrateit-backend\Celebrateit-backend\src\test\resources
2025-02-07 20:27:58,783 [Worker-16: Building] INFO  o.a.m.s.f.DefaultMavenResourcesFiltering - Copying 1 resource from src\main\resources to target\classes
2025-02-07 20:27:58,797 [Worker-16: Building] INFO  o.a.m.s.f.DefaultMavenResourcesFiltering - Copying 0 resource from src\main\resources to target\classes
2025-02-07 20:27:58,801 [Worker-16: Building] INFO  o.a.m.s.f.DefaultMavenResourcesFiltering - skip non existing resourceDirectory C:\Users\Samruddhi\OneDrive\Desktop\cdac-project\Celebrateit-backend\Celebrateit-backend\src\test\resources
2025-02-07 20:29:37,467 [main] INFO  o.e.m2e.actions.ExecutePomAction - Creating new launch configuration
2025-02-07 20:29:45,894 [Worker-20: Launching Celebrateit-backend (8)] INFO  o.eclipse.m2e.core.internal.Bundles - getClasspathEntries(Bundle=org.eclipse.m2e.maven.runtime_3.9.900.20240824-1409 [359])
2025-02-07 20:29:45,895 [Worker-20: Launching Celebrateit-backend (8)] INFO  o.eclipse.m2e.core.internal.Bundles - 	Entry: D:\sts-4.26.0.RELEASE\plugins\org.eclipse.m2e.maven.runtime_3.9.900.20240824-1409
2025-02-07 20:29:45,895 [Worker-20: Launching Celebrateit-backend (8)] INFO  o.eclipse.m2e.core.internal.Bundles - 	Entry: D:\sts-4.26.0.RELEASE\plugins\org.eclipse.m2e.maven.runtime_3.9.900.20240824-1409\jars\aopalliance-1.0.jar
2025-02-07 20:29:45,895 [Worker-20: Launching Celebrateit-backend (8)] INFO  o.eclipse.m2e.core.internal.Bundles - 	Entry: D:\sts-4.26.0.RELEASE\plugins\org.eclipse.m2e.maven.runtime_3.9.900.20240824-1409\jars\guice-5.1.0.jar
2025-02-07 20:29:45,897 [Worker-20: Launching Celebrateit-backend (8)] INFO  o.eclipse.m2e.core.internal.Bundles - 	Entry: D:\sts-4.26.0.RELEASE\plugins\org.eclipse.m2e.maven.runtime_3.9.900.20240824-1409\jars\httpclient-4.5.14.jar
2025-02-07 20:29:45,897 [Worker-20: Launching Celebrateit-backend (8)] INFO  o.eclipse.m2e.core.internal.Bundles - 	Entry: D:\sts-4.26.0.RELEASE\plugins\org.eclipse.m2e.maven.runtime_3.9.900.20240824-1409\jars\httpcore-4.4.16.jar
2025-02-07 20:29:45,897 [Worker-20: Launching Celebrateit-backend (8)] INFO  o.eclipse.m2e.core.internal.Bundles - 	Entry: D:\sts-4.26.0.RELEASE\plugins\org.eclipse.m2e.maven.runtime_3.9.900.20240824-1409\jars\jansi-2.4.1.jar
2025-02-07 20:29:45,897 [Worker-20: Launching Celebrateit-backend (8)] INFO  o.eclipse.m2e.core.internal.Bundles - 	Entry: D:\sts-4.26.0.RELEASE\plugins\org.eclipse.m2e.maven.runtime_3.9.900.20240824-1409\jars\jcl-over-slf4j-1.7.36.jar
2025-02-07 20:29:45,897 [Worker-20: Launching Celebrateit-backend (8)] INFO  o.eclipse.m2e.core.internal.Bundles - 	Entry: D:\sts-4.26.0.RELEASE\plugins\org.eclipse.m2e.maven.runtime_3.9.900.20240824-1409\jars\maven-artifact-3.9.9.jar
2025-02-07 20:29:45,897 [Worker-20: Launching Celebrateit-backend (8)] INFO  o.eclipse.m2e.core.internal.Bundles - 	Entry: D:\sts-4.26.0.RELEASE\plugins\org.eclipse.m2e.maven.runtime_3.9.900.20240824-1409\jars\maven-builder-support-3.9.9.jar
2025-02-07 20:29:45,897 [Worker-20: Launching Celebrateit-backend (8)] INFO  o.eclipse.m2e.core.internal.Bundles - 	Entry: D:\sts-4.26.0.RELEASE\plugins\org.eclipse.m2e.maven.runtime_3.9.900.20240824-1409\jars\maven-compat-3.9.9.jar
2025-02-07 20:29:45,897 [Worker-20: Launching Celebrateit-backend (8)] INFO  o.eclipse.m2e.core.internal.Bundles - 	Entry: D:\sts-4.26.0.RELEASE\plugins\org.eclipse.m2e.maven.runtime_3.9.900.20240824-1409\jars\maven-core-3.9.9.jar
2025-02-07 20:29:45,897 [Worker-20: Launching Celebrateit-backend (8)] INFO  o.eclipse.m2e.core.internal.Bundles - 	Entry: D:\sts-4.26.0.RELEASE\plugins\org.eclipse.m2e.maven.runtime_3.9.900.20240824-1409\jars\maven-embedder-3.9.9.jar
2025-02-07 20:29:45,897 [Worker-20: Launching Celebrateit-backend (8)] INFO  o.eclipse.m2e.core.internal.Bundles - 	Entry: D:\sts-4.26.0.RELEASE\plugins\org.eclipse.m2e.maven.runtime_3.9.900.20240824-1409\jars\maven-model-3.9.9.jar
2025-02-07 20:29:45,897 [Worker-20: Launching Celebrateit-backend (8)] INFO  o.eclipse.m2e.core.internal.Bundles - 	Entry: D:\sts-4.26.0.RELEASE\plugins\org.eclipse.m2e.maven.runtime_3.9.900.20240824-1409\jars\maven-model-builder-3.9.9.jar
2025-02-07 20:29:45,897 [Worker-20: Launching Celebrateit-backend (8)] INFO  o.eclipse.m2e.core.internal.Bundles - 	Entry: D:\sts-4.26.0.RELEASE\plugins\org.eclipse.m2e.maven.runtime_3.9.900.20240824-1409\jars\maven-plugin-api-3.9.9.jar
2025-02-07 20:29:45,897 [Worker-20: Launching Celebrateit-backend (8)] INFO  o.eclipse.m2e.core.internal.Bundles - 	Entry: D:\sts-4.26.0.RELEASE\plugins\org.eclipse.m2e.maven.runtime_3.9.900.20240824-1409\jars\maven-repository-metadata-3.9.9.jar
2025-02-07 20:29:45,897 [Worker-20: Launching Celebrateit-backend (8)] INFO  o.eclipse.m2e.core.internal.Bundles - 	Entry: D:\sts-4.26.0.RELEASE\plugins\org.eclipse.m2e.maven.runtime_3.9.900.20240824-1409\jars\maven-resolver-api-1.9.22.jar
2025-02-07 20:29:45,897 [Worker-20: Launching Celebrateit-backend (8)] INFO  o.eclipse.m2e.core.internal.Bundles - 	Entry: D:\sts-4.26.0.RELEASE\plugins\org.eclipse.m2e.maven.runtime_3.9.900.20240824-1409\jars\maven-resolver-connector-basic-1.9.22.jar
2025-02-07 20:29:45,897 [Worker-20: Launching Celebrateit-backend (8)] INFO  o.eclipse.m2e.core.internal.Bundles - 	Entry: D:\sts-4.26.0.RELEASE\plugins\org.eclipse.m2e.maven.runtime_3.9.900.20240824-1409\jars\maven-resolver-impl-1.9.22.jar
2025-02-07 20:29:45,897 [Worker-20: Launching Celebrateit-backend (8)] INFO  o.eclipse.m2e.core.internal.Bundles - 	Entry: D:\sts-4.26.0.RELEASE\plugins\org.eclipse.m2e.maven.runtime_3.9.900.20240824-1409\jars\maven-resolver-named-locks-1.9.22.jar
2025-02-07 20:29:45,897 [Worker-20: Launching Celebrateit-backend (8)] INFO  o.eclipse.m2e.core.internal.Bundles - 	Entry: D:\sts-4.26.0.RELEASE\plugins\org.eclipse.m2e.maven.runtime_3.9.900.20240824-1409\jars\maven-resolver-provider-3.9.9.jar
2025-02-07 20:29:45,898 [Worker-20: Launching Celebrateit-backend (8)] INFO  o.eclipse.m2e.core.internal.Bundles - 	Entry: D:\sts-4.26.0.RELEASE\plugins\org.eclipse.m2e.maven.runtime_3.9.900.20240824-1409\jars\maven-resolver-spi-1.9.22.jar
2025-02-07 20:29:45,898 [Worker-20: Launching Celebrateit-backend (8)] INFO  o.eclipse.m2e.core.internal.Bundles - 	Entry: D:\sts-4.26.0.RELEASE\plugins\org.eclipse.m2e.maven.runtime_3.9.900.20240824-1409\jars\maven-resolver-transport-file-1.9.22.jar
2025-02-07 20:29:45,898 [Worker-20: Launching Celebrateit-backend (8)] INFO  o.eclipse.m2e.core.internal.Bundles - 	Entry: D:\sts-4.26.0.RELEASE\plugins\org.eclipse.m2e.maven.runtime_3.9.900.20240824-1409\jars\maven-resolver-transport-http-1.9.22.jar
2025-02-07 20:29:45,898 [Worker-20: Launching Celebrateit-backend (8)] INFO  o.eclipse.m2e.core.internal.Bundles - 	Entry: D:\sts-4.26.0.RELEASE\plugins\org.eclipse.m2e.maven.runtime_3.9.900.20240824-1409\jars\maven-resolver-transport-wagon-1.9.22.jar
2025-02-07 20:29:45,898 [Worker-20: Launching Celebrateit-backend (8)] INFO  o.eclipse.m2e.core.internal.Bundles - 	Entry: D:\sts-4.26.0.RELEASE\plugins\org.eclipse.m2e.maven.runtime_3.9.900.20240824-1409\jars\maven-resolver-util-1.9.22.jar
2025-02-07 20:29:45,898 [Worker-20: Launching Celebrateit-backend (8)] INFO  o.eclipse.m2e.core.internal.Bundles - 	Entry: D:\sts-4.26.0.RELEASE\plugins\org.eclipse.m2e.maven.runtime_3.9.900.20240824-1409\jars\maven-settings-3.9.9.jar
2025-02-07 20:29:45,898 [Worker-20: Launching Celebrateit-backend (8)] INFO  o.eclipse.m2e.core.internal.Bundles - 	Entry: D:\sts-4.26.0.RELEASE\plugins\org.eclipse.m2e.maven.runtime_3.9.900.20240824-1409\jars\maven-settings-builder-3.9.9.jar
2025-02-07 20:29:45,898 [Worker-20: Launching Celebrateit-backend (8)] INFO  o.eclipse.m2e.core.internal.Bundles - 	Entry: D:\sts-4.26.0.RELEASE\plugins\org.eclipse.m2e.maven.runtime_3.9.900.20240824-1409\jars\maven-shared-utils-3.4.2.jar
2025-02-07 20:29:45,898 [Worker-20: Launching Celebrateit-backend (8)] INFO  o.eclipse.m2e.core.internal.Bundles - 	Entry: D:\sts-4.26.0.RELEASE\plugins\org.eclipse.m2e.maven.runtime_3.9.900.20240824-1409\jars\org.eclipse.sisu.inject-0.9.0.M3.jar
2025-02-07 20:29:45,898 [Worker-20: Launching Celebrateit-backend (8)] INFO  o.eclipse.m2e.core.internal.Bundles - 	Entry: D:\sts-4.26.0.RELEASE\plugins\org.eclipse.m2e.maven.runtime_3.9.900.20240824-1409\jars\org.eclipse.sisu.plexus-0.9.0.M3.jar
2025-02-07 20:29:45,898 [Worker-20: Launching Celebrateit-backend (8)] INFO  o.eclipse.m2e.core.internal.Bundles - 	Entry: D:\sts-4.26.0.RELEASE\plugins\org.eclipse.m2e.maven.runtime_3.9.900.20240824-1409\jars\plexus-build-api-0.0.7.jar
2025-02-07 20:29:45,898 [Worker-20: Launching Celebrateit-backend (8)] INFO  o.eclipse.m2e.core.internal.Bundles - 	Entry: D:\sts-4.26.0.RELEASE\plugins\org.eclipse.m2e.maven.runtime_3.9.900.20240824-1409\jars\plexus-build-api-1.2.0.jar
2025-02-07 20:29:45,898 [Worker-20: Launching Celebrateit-backend (8)] INFO  o.eclipse.m2e.core.internal.Bundles - 	Entry: D:\sts-4.26.0.RELEASE\plugins\org.eclipse.m2e.maven.runtime_3.9.900.20240824-1409\jars\plexus-cipher-2.0.jar
2025-02-07 20:29:45,898 [Worker-20: Launching Celebrateit-backend (8)] INFO  o.eclipse.m2e.core.internal.Bundles - 	Entry: D:\sts-4.26.0.RELEASE\plugins\org.eclipse.m2e.maven.runtime_3.9.900.20240824-1409\jars\plexus-classworlds-2.8.0.jar
2025-02-07 20:29:45,898 [Worker-20: Launching Celebrateit-backend (8)] INFO  o.eclipse.m2e.core.internal.Bundles - 	Entry: D:\sts-4.26.0.RELEASE\plugins\org.eclipse.m2e.maven.runtime_3.9.900.20240824-1409\jars\plexus-component-annotations-2.1.0.jar
2025-02-07 20:29:45,899 [Worker-20: Launching Celebrateit-backend (8)] INFO  o.eclipse.m2e.core.internal.Bundles - 	Entry: D:\sts-4.26.0.RELEASE\plugins\org.eclipse.m2e.maven.runtime_3.9.900.20240824-1409\jars\plexus-interpolation-1.27.jar
2025-02-07 20:29:45,899 [Worker-20: Launching Celebrateit-backend (8)] INFO  o.eclipse.m2e.core.internal.Bundles - 	Entry: D:\sts-4.26.0.RELEASE\plugins\org.eclipse.m2e.maven.runtime_3.9.900.20240824-1409\jars\plexus-sec-dispatcher-2.0.jar
2025-02-07 20:29:45,899 [Worker-20: Launching Celebrateit-backend (8)] INFO  o.eclipse.m2e.core.internal.Bundles - 	Entry: D:\sts-4.26.0.RELEASE\plugins\org.eclipse.m2e.maven.runtime_3.9.900.20240824-1409\jars\plexus-utils-3.5.1.jar
2025-02-07 20:29:45,899 [Worker-20: Launching Celebrateit-backend (8)] INFO  o.eclipse.m2e.core.internal.Bundles - 	Entry: D:\sts-4.26.0.RELEASE\plugins\org.eclipse.m2e.maven.runtime_3.9.900.20240824-1409\jars\plexus-xml-3.0.1.jar
2025-02-07 20:29:45,899 [Worker-20: Launching Celebrateit-backend (8)] INFO  o.eclipse.m2e.core.internal.Bundles - 	Entry: D:\sts-4.26.0.RELEASE\plugins\org.eclipse.m2e.maven.runtime_3.9.900.20240824-1409\jars\wagon-file-3.5.3.jar
2025-02-07 20:29:45,899 [Worker-20: Launching Celebrateit-backend (8)] INFO  o.eclipse.m2e.core.internal.Bundles - 	Entry: D:\sts-4.26.0.RELEASE\plugins\org.eclipse.m2e.maven.runtime_3.9.900.20240824-1409\jars\wagon-http-3.5.3.jar
2025-02-07 20:29:45,899 [Worker-20: Launching Celebrateit-backend (8)] INFO  o.eclipse.m2e.core.internal.Bundles - 	Entry: D:\sts-4.26.0.RELEASE\plugins\org.eclipse.m2e.maven.runtime_3.9.900.20240824-1409\jars\wagon-http-shared-3.5.3.jar
2025-02-07 20:29:45,899 [Worker-20: Launching Celebrateit-backend (8)] INFO  o.eclipse.m2e.core.internal.Bundles - 	Entry: D:\sts-4.26.0.RELEASE\plugins\org.eclipse.m2e.maven.runtime_3.9.900.20240824-1409\jars\wagon-provider-api-3.5.3.jar
2025-02-07 20:29:45,900 [Worker-20: Launching Celebrateit-backend (8)] INFO  o.eclipse.m2e.core.internal.Bundles - getClasspathEntries(Bundle=com.google.guava_33.3.0.jre [29])
2025-02-07 20:29:45,901 [Worker-20: Launching Celebrateit-backend (8)] INFO  o.eclipse.m2e.core.internal.Bundles - 	Entry: D:\sts-4.26.0.RELEASE\plugins\com.google.guava_33.3.0.jre.jar
2025-02-07 20:29:45,901 [Worker-20: Launching Celebrateit-backend (8)] INFO  o.eclipse.m2e.core.internal.Bundles - getClasspathEntries(Bundle=slf4j.api_2.0.16 [592])
2025-02-07 20:29:45,901 [Worker-20: Launching Celebrateit-backend (8)] INFO  o.eclipse.m2e.core.internal.Bundles - 	Entry: D:\sts-4.26.0.RELEASE\plugins\slf4j.api_2.0.16.jar
2025-02-07 20:29:45,901 [Worker-20: Launching Celebrateit-backend (8)] INFO  o.eclipse.m2e.core.internal.Bundles - getClasspathEntries(Bundle=jakarta.inject.jakarta.inject-api_1.0.5 [45])
2025-02-07 20:29:45,902 [Worker-20: Launching Celebrateit-backend (8)] INFO  o.eclipse.m2e.core.internal.Bundles - 	Entry: D:\sts-4.26.0.RELEASE\plugins\jakarta.inject.jakarta.inject-api_1.0.5.jar
2025-02-07 20:29:45,902 [Worker-20: Launching Celebrateit-backend (8)] INFO  o.eclipse.m2e.core.internal.Bundles - getClasspathEntries(Bundle=jakarta.annotation-api_1.3.5 [41])
2025-02-07 20:29:45,902 [Worker-20: Launching Celebrateit-backend (8)] INFO  o.eclipse.m2e.core.internal.Bundles - 	Entry: D:\sts-4.26.0.RELEASE\plugins\jakarta.annotation-api_1.3.5.jar
2025-02-07 20:29:45,902 [Worker-20: Launching Celebrateit-backend (8)] INFO  o.eclipse.m2e.core.internal.Bundles - getClasspathEntries(Bundle=org.apache.commons.cli_1.9.0 [77])
2025-02-07 20:29:45,902 [Worker-20: Launching Celebrateit-backend (8)] INFO  o.eclipse.m2e.core.internal.Bundles - 	Entry: D:\sts-4.26.0.RELEASE\plugins\org.apache.commons.cli_1.9.0.jar
2025-02-07 20:29:45,902 [Worker-20: Launching Celebrateit-backend (8)] INFO  o.eclipse.m2e.core.internal.Bundles - getClasspathEntries(Bundle=org.apache.commons.commons-codec_1.16.0 [80])
2025-02-07 20:29:45,902 [Worker-20: Launching Celebrateit-backend (8)] INFO  o.eclipse.m2e.core.internal.Bundles - 	Entry: D:\sts-4.26.0.RELEASE\plugins\org.apache.commons.commons-codec_1.16.0.jar
2025-02-07 20:29:45,903 [Worker-20: Launching Celebrateit-backend (8)] INFO  o.eclipse.m2e.core.internal.Bundles - getClasspathEntries(Bundle=com.google.guava.failureaccess_1.0.2 [30])
2025-02-07 20:29:45,903 [Worker-20: Launching Celebrateit-backend (8)] INFO  o.eclipse.m2e.core.internal.Bundles - 	Entry: D:\sts-4.26.0.RELEASE\plugins\com.google.guava.failureaccess_1.0.2.jar
2025-02-07 20:29:45,907 [Worker-20: Launching Celebrateit-backend (8)] INFO  o.e.m.i.launch.MavenLaunchDelegate - Run build in "C:\Users\Samruddhi\OneDrive\Desktop\cdac-project\Celebrateit-backend\Celebrateit-backend":
2025-02-07 20:29:45,912 [Worker-20: Launching Celebrateit-backend (8)] INFO  o.e.m.i.launch.MavenLaunchDelegate -  mvn  -B -Dstyle.color=always clean compile
2025-02-07 21:44:03,341 [Worker-30: Building] INFO  o.e.m.c.i.l.LifecycleMappingFactory - Using org.eclipse.m2e.jdt.JarLifecycleMapping lifecycle mapping for MavenProject: com.celebrateit:Celebrateit-backend:0.0.1-SNAPSHOT @ C:\Users\Samruddhi\OneDrive\Desktop\cdac-project\Celebrateit-backend\Celebrateit-backend\pom.xml.
2025-02-07 21:44:03,997 [Worker-30: Building] INFO  o.e.m.c.i.e.AbstractTransferListenerAdapter - Downloading https://repo.maven.apache.org/maven2/org/springframework/boot/spring-boot-starter-mail/3.4.0/spring-boot-starter-mail-3.4.0.pom
2025-02-07 21:44:04,004 [Worker-30: Building] INFO  o.e.m.c.i.e.AbstractTransferListenerAdapter - Downloaded https://repo.maven.apache.org/maven2/org/springframework/boot/spring-boot-starter-mail/3.4.0/spring-boot-starter-mail-3.4.0.pom
2025-02-07 21:44:04,259 [Worker-30: Building] INFO  o.e.m.c.i.e.AbstractTransferListenerAdapter - Downloading https://repo.maven.apache.org/maven2/org/eclipse/angus/jakarta.mail/2.0.3/jakarta.mail-2.0.3.pom
2025-02-07 21:44:04,274 [Worker-30: Building] INFO  o.e.m.c.i.e.AbstractTransferListenerAdapter - Downloaded https://repo.maven.apache.org/maven2/org/eclipse/angus/jakarta.mail/2.0.3/jakarta.mail-2.0.3.pom
2025-02-07 21:44:04,358 [Worker-30: Building] INFO  o.e.m.c.i.e.AbstractTransferListenerAdapter - Downloading https://repo.maven.apache.org/maven2/org/eclipse/angus/all/2.0.3/all-2.0.3.pom
2025-02-07 21:44:04,374 [Worker-30: Building] INFO  o.e.m.c.i.e.AbstractTransferListenerAdapter - Downloaded https://repo.maven.apache.org/maven2/org/eclipse/angus/all/2.0.3/all-2.0.3.pom
2025-02-07 21:44:04,596 [Worker-30: Building] INFO  o.e.m.c.i.e.AbstractTransferListenerAdapter - Downloading https://repo.maven.apache.org/maven2/org/springframework/boot/spring-boot-starter-mail/3.4.0/spring-boot-starter-mail-3.4.0.jar
2025-02-07 21:44:04,599 [Worker-30: Building] INFO  o.e.m.c.i.e.AbstractTransferListenerAdapter - Downloaded https://repo.maven.apache.org/maven2/org/springframework/boot/spring-boot-starter-mail/3.4.0/spring-boot-starter-mail-3.4.0.jar
2025-02-07 21:44:04,670 [BasicRepositoryConnector-repo.maven.apache.org-1-0] INFO  o.e.m.c.i.e.AbstractTransferListenerAdapter - Downloading https://repo.maven.apache.org/maven2/org/eclipse/angus/jakarta.mail/2.0.3/jakarta.mail-2.0.3.jar
2025-02-07 21:44:05,226 [BasicRepositoryConnector-repo.maven.apache.org-1-0] INFO  o.e.m.c.i.e.AbstractTransferListenerAdapter - Downloaded https://repo.maven.apache.org/maven2/org/eclipse/angus/jakarta.mail/2.0.3/jakarta.mail-2.0.3.jar
2025-02-07 21:44:05,727 [Worker-30: Building] INFO  o.a.m.s.f.DefaultMavenResourcesFiltering - Copying 0 resource from src\main\resources to target\classes
2025-02-07 21:44:05,728 [Worker-30: Building] INFO  o.a.m.s.f.DefaultMavenResourcesFiltering - Copying 0 resource from src\main\resources to target\classes
2025-02-07 21:44:05,735 [Worker-30: Building] INFO  o.a.m.s.f.DefaultMavenResourcesFiltering - skip non existing resourceDirectory C:\Users\Samruddhi\OneDrive\Desktop\cdac-project\Celebrateit-backend\Celebrateit-backend\src\test\resources
2025-02-07 21:44:06,743 [Worker-29: Download sources and javadoc] INFO  o.e.m.c.i.e.AbstractTransferListenerAdapter - Downloading https://repo.maven.apache.org/maven2/org/springframework/boot/spring-boot-starter-mail/3.4.0/spring-boot-starter-mail-3.4.0-sources.jar
2025-02-07 21:44:06,746 [Worker-29: Download sources and javadoc] INFO  o.e.m.c.i.e.AbstractTransferListenerAdapter - Downloaded https://repo.maven.apache.org/maven2/org/springframework/boot/spring-boot-starter-mail/3.4.0/spring-boot-starter-mail-3.4.0-sources.jar
2025-02-07 21:44:06,749 [Worker-29: Download sources and javadoc] INFO  o.e.m.j.internal.DownloadSourcesJob - Downloaded sources for org.springframework.boot:spring-boot-starter-mail:3.4.0
2025-02-07 21:44:06,886 [Worker-29: Download sources and javadoc] INFO  o.e.m.c.i.e.AbstractTransferListenerAdapter - Downloading https://repo.maven.apache.org/maven2/org/eclipse/angus/jakarta.mail/2.0.3/jakarta.mail-2.0.3-sources.jar
2025-02-07 21:44:07,553 [Worker-29: Download sources and javadoc] INFO  o.e.m.c.i.e.AbstractTransferListenerAdapter - Downloaded https://repo.maven.apache.org/maven2/org/eclipse/angus/jakarta.mail/2.0.3/jakarta.mail-2.0.3-sources.jar
2025-02-07 21:44:07,556 [Worker-29: Download sources and javadoc] INFO  o.e.m.j.internal.DownloadSourcesJob - Downloaded sources for org.eclipse.angus:jakarta.mail:2.0.3
2025-02-07 21:44:08,077 [Worker-31: Building] INFO  o.e.m.c.i.l.LifecycleMappingFactory - Using org.eclipse.m2e.jdt.JarLifecycleMapping lifecycle mapping for MavenProject: com.celebrateit:Celebrateit-backend:0.0.1-SNAPSHOT @ C:\Users\Samruddhi\OneDrive\Desktop\cdac-project\Celebrateit-backend\Celebrateit-backend\pom.xml.
2025-02-07 21:44:08,969 [Worker-31: Building] INFO  o.a.m.s.f.DefaultMavenResourcesFiltering - Copying 1 resource from src\main\resources to target\classes
2025-02-07 21:44:08,989 [Worker-31: Building] INFO  o.a.m.s.f.DefaultMavenResourcesFiltering - Copying 0 resource from src\main\resources to target\classes
2025-02-07 21:44:08,994 [Worker-31: Building] INFO  o.a.m.s.f.DefaultMavenResourcesFiltering - skip non existing resourceDirectory C:\Users\Samruddhi\OneDrive\Desktop\cdac-project\Celebrateit-backend\Celebrateit-backend\src\test\resources
2025-02-07 21:50:08,674 [Worker-38: Building] INFO  o.a.m.s.f.DefaultMavenResourcesFiltering - Copying 1 resource from src\main\resources to target\classes
2025-02-07 21:50:08,683 [Worker-38: Building] INFO  o.a.m.s.f.DefaultMavenResourcesFiltering - Copying 0 resource from src\main\resources to target\classes
2025-02-07 21:50:08,687 [Worker-38: Building] INFO  o.a.m.s.f.DefaultMavenResourcesFiltering - skip non existing resourceDirectory C:\Users\Samruddhi\OneDrive\Desktop\cdac-project\Celebrateit-backend\Celebrateit-backend\src\test\resources
2025-02-07 21:50:52,433 [Worker-38: Building] INFO  o.a.m.s.f.DefaultMavenResourcesFiltering - Copying 1 resource from src\main\resources to target\classes
2025-02-07 21:50:52,437 [Worker-38: Building] INFO  o.a.m.s.f.DefaultMavenResourcesFiltering - Copying 0 resource from src\main\resources to target\classes
2025-02-07 21:50:52,440 [Worker-38: Building] INFO  o.a.m.s.f.DefaultMavenResourcesFiltering - skip non existing resourceDirectory C:\Users\Samruddhi\OneDrive\Desktop\cdac-project\Celebrateit-backend\Celebrateit-backend\src\test\resources
2025-02-07 22:07:30,757 [Worker-41: Building] INFO  o.a.m.s.f.DefaultMavenResourcesFiltering - Copying 1 resource from src\main\resources to target\classes
2025-02-07 22:07:30,773 [Worker-41: Building] INFO  o.a.m.s.f.DefaultMavenResourcesFiltering - Copying 0 resource from src\main\resources to target\classes
2025-02-07 22:07:30,779 [Worker-41: Building] INFO  o.a.m.s.f.DefaultMavenResourcesFiltering - skip non existing resourceDirectory C:\Users\Samruddhi\OneDrive\Desktop\cdac-project\Celebrateit-backend\Celebrateit-backend\src\test\resources
2025-02-07 22:09:01,657 [Worker-42: Building] INFO  o.a.m.s.f.DefaultMavenResourcesFiltering - Copying 1 resource from src\main\resources to target\classes
2025-02-07 22:09:01,661 [Worker-42: Building] INFO  o.a.m.s.f.DefaultMavenResourcesFiltering - Copying 0 resource from src\main\resources to target\classes
2025-02-07 22:09:01,664 [Worker-42: Building] INFO  o.a.m.s.f.DefaultMavenResourcesFiltering - skip non existing resourceDirectory C:\Users\Samruddhi\OneDrive\Desktop\cdac-project\Celebrateit-backend\Celebrateit-backend\src\test\resources
2025-02-07 22:11:46,028 [Worker-45: Building] INFO  o.a.m.s.f.DefaultMavenResourcesFiltering - Copying 1 resource from src\main\resources to target\classes
2025-02-07 22:11:46,034 [Worker-45: Building] INFO  o.a.m.s.f.DefaultMavenResourcesFiltering - Copying 0 resource from src\main\resources to target\classes
2025-02-07 22:11:46,036 [Worker-45: Building] INFO  o.a.m.s.f.DefaultMavenResourcesFiltering - skip non existing resourceDirectory C:\Users\Samruddhi\OneDrive\Desktop\cdac-project\Celebrateit-backend\Celebrateit-backend\src\test\resources
2025-02-07 22:23:28,014 [Worker-51: Building] INFO  o.a.m.s.f.DefaultMavenResourcesFiltering - Copying 1 resource from src\main\resources to target\classes
2025-02-07 22:23:28,029 [Worker-51: Building] INFO  o.a.m.s.f.DefaultMavenResourcesFiltering - Copying 0 resource from src\main\resources to target\classes
2025-02-07 22:23:28,034 [Worker-51: Building] INFO  o.a.m.s.f.DefaultMavenResourcesFiltering - skip non existing resourceDirectory C:\Users\Samruddhi\OneDrive\Desktop\cdac-project\Celebrateit-backend\Celebrateit-backend\src\test\resources
2025-02-07 22:23:55,491 [Worker-48: Building] INFO  o.a.m.s.f.DefaultMavenResourcesFiltering - Copying 1 resource from src\main\resources to target\classes
2025-02-07 22:23:55,498 [Worker-48: Building] INFO  o.a.m.s.f.DefaultMavenResourcesFiltering - Copying 0 resource from src\main\resources to target\classes
2025-02-07 22:23:55,500 [Worker-48: Building] INFO  o.a.m.s.f.DefaultMavenResourcesFiltering - skip non existing resourceDirectory C:\Users\Samruddhi\OneDrive\Desktop\cdac-project\Celebrateit-backend\Celebrateit-backend\src\test\resources
2025-02-07 22:26:31,155 [Worker-53: Building] INFO  o.a.m.s.f.DefaultMavenResourcesFiltering - Copying 1 resource from src\main\resources to target\classes
2025-02-07 22:26:31,160 [Worker-53: Building] INFO  o.a.m.s.f.DefaultMavenResourcesFiltering - Copying 0 resource from src\main\resources to target\classes
2025-02-07 22:26:31,163 [Worker-53: Building] INFO  o.a.m.s.f.DefaultMavenResourcesFiltering - skip non existing resourceDirectory C:\Users\Samruddhi\OneDrive\Desktop\cdac-project\Celebrateit-backend\Celebrateit-backend\src\test\resources
2025-02-07 22:28:31,612 [Worker-56: Building] INFO  o.a.m.s.f.DefaultMavenResourcesFiltering - Copying 1 resource from src\main\resources to target\classes
2025-02-07 22:28:31,617 [Worker-56: Building] INFO  o.a.m.s.f.DefaultMavenResourcesFiltering - Copying 0 resource from src\main\resources to target\classes
2025-02-07 22:28:31,619 [Worker-56: Building] INFO  o.a.m.s.f.DefaultMavenResourcesFiltering - skip non existing resourceDirectory C:\Users\Samruddhi\OneDrive\Desktop\cdac-project\Celebrateit-backend\Celebrateit-backend\src\test\resources
2025-02-07 22:34:04,085 [Worker-46: Building] INFO  o.a.m.s.f.DefaultMavenResourcesFiltering - Copying 1 resource from src\main\resources to target\classes
2025-02-07 22:34:04,096 [Worker-46: Building] INFO  o.a.m.s.f.DefaultMavenResourcesFiltering - Copying 0 resource from src\main\resources to target\classes
2025-02-07 22:34:04,099 [Worker-46: Building] INFO  o.a.m.s.f.DefaultMavenResourcesFiltering - skip non existing resourceDirectory C:\Users\Samruddhi\OneDrive\Desktop\cdac-project\Celebrateit-backend\Celebrateit-backend\src\test\resources
2025-02-07 22:37:34,908 [Worker-51: Building] INFO  o.a.m.s.f.DefaultMavenResourcesFiltering - Copying 1 resource from src\main\resources to target\classes
2025-02-07 22:37:34,914 [Worker-51: Building] INFO  o.a.m.s.f.DefaultMavenResourcesFiltering - Copying 0 resource from src\main\resources to target\classes
2025-02-07 22:37:34,917 [Worker-51: Building] INFO  o.a.m.s.f.DefaultMavenResourcesFiltering - skip non existing resourceDirectory C:\Users\Samruddhi\OneDrive\Desktop\cdac-project\Celebrateit-backend\Celebrateit-backend\src\test\resources
2025-02-07 22:37:44,833 [Worker-53: Building] INFO  o.a.m.s.f.DefaultMavenResourcesFiltering - Copying 1 resource from src\main\resources to target\classes
2025-02-07 22:37:44,837 [Worker-53: Building] INFO  o.a.m.s.f.DefaultMavenResourcesFiltering - Copying 0 resource from src\main\resources to target\classes
2025-02-07 22:37:44,839 [Worker-53: Building] INFO  o.a.m.s.f.DefaultMavenResourcesFiltering - skip non existing resourceDirectory C:\Users\Samruddhi\OneDrive\Desktop\cdac-project\Celebrateit-backend\Celebrateit-backend\src\test\resources
2025-02-07 22:38:53,785 [Worker-56: Building] INFO  o.a.m.s.f.DefaultMavenResourcesFiltering - Copying 1 resource from src\main\resources to target\classes
2025-02-07 22:38:53,789 [Worker-56: Building] INFO  o.a.m.s.f.DefaultMavenResourcesFiltering - Copying 0 resource from src\main\resources to target\classes
2025-02-07 22:38:53,792 [Worker-56: Building] INFO  o.a.m.s.f.DefaultMavenResourcesFiltering - skip non existing resourceDirectory C:\Users\Samruddhi\OneDrive\Desktop\cdac-project\Celebrateit-backend\Celebrateit-backend\src\test\resources
2025-02-07 22:38:59,812 [Worker-56: Building] INFO  o.a.m.s.f.DefaultMavenResourcesFiltering - Copying 1 resource from src\main\resources to target\classes
2025-02-07 22:38:59,853 [Worker-56: Building] INFO  o.a.m.s.f.DefaultMavenResourcesFiltering - Copying 0 resource from src\main\resources to target\classes
2025-02-07 22:38:59,855 [Worker-56: Building] INFO  o.a.m.s.f.DefaultMavenResourcesFiltering - skip non existing resourceDirectory C:\Users\Samruddhi\OneDrive\Desktop\cdac-project\Celebrateit-backend\Celebrateit-backend\src\test\resources
2025-02-07 22:39:11,803 [Worker-46: Building] INFO  o.a.m.s.f.DefaultMavenResourcesFiltering - Copying 1 resource from src\main\resources to target\classes
2025-02-07 22:39:11,816 [Worker-46: Building] INFO  o.a.m.s.f.DefaultMavenResourcesFiltering - Copying 0 resource from src\main\resources to target\classes
2025-02-07 22:39:11,818 [Worker-46: Building] INFO  o.a.m.s.f.DefaultMavenResourcesFiltering - skip non existing resourceDirectory C:\Users\Samruddhi\OneDrive\Desktop\cdac-project\Celebrateit-backend\Celebrateit-backend\src\test\resources
2025-02-07 22:39:48,855 [Worker-46: Launching Celebrateit-backend (8)] INFO  o.eclipse.m2e.core.internal.Bundles - getClasspathEntries(Bundle=org.eclipse.m2e.maven.runtime_3.9.900.20240824-1409 [359])
2025-02-07 22:39:48,856 [Worker-46: Launching Celebrateit-backend (8)] INFO  o.eclipse.m2e.core.internal.Bundles - 	Entry: D:\sts-4.26.0.RELEASE\plugins\org.eclipse.m2e.maven.runtime_3.9.900.20240824-1409
2025-02-07 22:39:48,856 [Worker-46: Launching Celebrateit-backend (8)] INFO  o.eclipse.m2e.core.internal.Bundles - 	Entry: D:\sts-4.26.0.RELEASE\plugins\org.eclipse.m2e.maven.runtime_3.9.900.20240824-1409\jars\aopalliance-1.0.jar
2025-02-07 22:39:48,856 [Worker-46: Launching Celebrateit-backend (8)] INFO  o.eclipse.m2e.core.internal.Bundles - 	Entry: D:\sts-4.26.0.RELEASE\plugins\org.eclipse.m2e.maven.runtime_3.9.900.20240824-1409\jars\guice-5.1.0.jar
2025-02-07 22:39:48,856 [Worker-46: Launching Celebrateit-backend (8)] INFO  o.eclipse.m2e.core.internal.Bundles - 	Entry: D:\sts-4.26.0.RELEASE\plugins\org.eclipse.m2e.maven.runtime_3.9.900.20240824-1409\jars\httpclient-4.5.14.jar
2025-02-07 22:39:48,856 [Worker-46: Launching Celebrateit-backend (8)] INFO  o.eclipse.m2e.core.internal.Bundles - 	Entry: D:\sts-4.26.0.RELEASE\plugins\org.eclipse.m2e.maven.runtime_3.9.900.20240824-1409\jars\httpcore-4.4.16.jar
2025-02-07 22:39:48,856 [Worker-46: Launching Celebrateit-backend (8)] INFO  o.eclipse.m2e.core.internal.Bundles - 	Entry: D:\sts-4.26.0.RELEASE\plugins\org.eclipse.m2e.maven.runtime_3.9.900.20240824-1409\jars\jansi-2.4.1.jar
2025-02-07 22:39:48,856 [Worker-46: Launching Celebrateit-backend (8)] INFO  o.eclipse.m2e.core.internal.Bundles - 	Entry: D:\sts-4.26.0.RELEASE\plugins\org.eclipse.m2e.maven.runtime_3.9.900.20240824-1409\jars\jcl-over-slf4j-1.7.36.jar
2025-02-07 22:39:48,856 [Worker-46: Launching Celebrateit-backend (8)] INFO  o.eclipse.m2e.core.internal.Bundles - 	Entry: D:\sts-4.26.0.RELEASE\plugins\org.eclipse.m2e.maven.runtime_3.9.900.20240824-1409\jars\maven-artifact-3.9.9.jar
2025-02-07 22:39:48,856 [Worker-46: Launching Celebrateit-backend (8)] INFO  o.eclipse.m2e.core.internal.Bundles - 	Entry: D:\sts-4.26.0.RELEASE\plugins\org.eclipse.m2e.maven.runtime_3.9.900.20240824-1409\jars\maven-builder-support-3.9.9.jar
2025-02-07 22:39:48,856 [Worker-46: Launching Celebrateit-backend (8)] INFO  o.eclipse.m2e.core.internal.Bundles - 	Entry: D:\sts-4.26.0.RELEASE\plugins\org.eclipse.m2e.maven.runtime_3.9.900.20240824-1409\jars\maven-compat-3.9.9.jar
2025-02-07 22:39:48,856 [Worker-46: Launching Celebrateit-backend (8)] INFO  o.eclipse.m2e.core.internal.Bundles - 	Entry: D:\sts-4.26.0.RELEASE\plugins\org.eclipse.m2e.maven.runtime_3.9.900.20240824-1409\jars\maven-core-3.9.9.jar
2025-02-07 22:39:48,856 [Worker-46: Launching Celebrateit-backend (8)] INFO  o.eclipse.m2e.core.internal.Bundles - 	Entry: D:\sts-4.26.0.RELEASE\plugins\org.eclipse.m2e.maven.runtime_3.9.900.20240824-1409\jars\maven-embedder-3.9.9.jar
2025-02-07 22:39:48,856 [Worker-46: Launching Celebrateit-backend (8)] INFO  o.eclipse.m2e.core.internal.Bundles - 	Entry: D:\sts-4.26.0.RELEASE\plugins\org.eclipse.m2e.maven.runtime_3.9.900.20240824-1409\jars\maven-model-3.9.9.jar
2025-02-07 22:39:48,856 [Worker-46: Launching Celebrateit-backend (8)] INFO  o.eclipse.m2e.core.internal.Bundles - 	Entry: D:\sts-4.26.0.RELEASE\plugins\org.eclipse.m2e.maven.runtime_3.9.900.20240824-1409\jars\maven-model-builder-3.9.9.jar
2025-02-07 22:39:48,857 [Worker-46: Launching Celebrateit-backend (8)] INFO  o.eclipse.m2e.core.internal.Bundles - 	Entry: D:\sts-4.26.0.RELEASE\plugins\org.eclipse.m2e.maven.runtime_3.9.900.20240824-1409\jars\maven-plugin-api-3.9.9.jar
2025-02-07 22:39:48,857 [Worker-46: Launching Celebrateit-backend (8)] INFO  o.eclipse.m2e.core.internal.Bundles - 	Entry: D:\sts-4.26.0.RELEASE\plugins\org.eclipse.m2e.maven.runtime_3.9.900.20240824-1409\jars\maven-repository-metadata-3.9.9.jar
2025-02-07 22:39:48,857 [Worker-46: Launching Celebrateit-backend (8)] INFO  o.eclipse.m2e.core.internal.Bundles - 	Entry: D:\sts-4.26.0.RELEASE\plugins\org.eclipse.m2e.maven.runtime_3.9.900.20240824-1409\jars\maven-resolver-api-1.9.22.jar
2025-02-07 22:39:48,857 [Worker-46: Launching Celebrateit-backend (8)] INFO  o.eclipse.m2e.core.internal.Bundles - 	Entry: D:\sts-4.26.0.RELEASE\plugins\org.eclipse.m2e.maven.runtime_3.9.900.20240824-1409\jars\maven-resolver-connector-basic-1.9.22.jar
2025-02-07 22:39:48,857 [Worker-46: Launching Celebrateit-backend (8)] INFO  o.eclipse.m2e.core.internal.Bundles - 	Entry: D:\sts-4.26.0.RELEASE\plugins\org.eclipse.m2e.maven.runtime_3.9.900.20240824-1409\jars\maven-resolver-impl-1.9.22.jar
2025-02-07 22:39:48,857 [Worker-46: Launching Celebrateit-backend (8)] INFO  o.eclipse.m2e.core.internal.Bundles - 	Entry: D:\sts-4.26.0.RELEASE\plugins\org.eclipse.m2e.maven.runtime_3.9.900.20240824-1409\jars\maven-resolver-named-locks-1.9.22.jar
2025-02-07 22:39:48,857 [Worker-46: Launching Celebrateit-backend (8)] INFO  o.eclipse.m2e.core.internal.Bundles - 	Entry: D:\sts-4.26.0.RELEASE\plugins\org.eclipse.m2e.maven.runtime_3.9.900.20240824-1409\jars\maven-resolver-provider-3.9.9.jar
2025-02-07 22:39:48,857 [Worker-46: Launching Celebrateit-backend (8)] INFO  o.eclipse.m2e.core.internal.Bundles - 	Entry: D:\sts-4.26.0.RELEASE\plugins\org.eclipse.m2e.maven.runtime_3.9.900.20240824-1409\jars\maven-resolver-spi-1.9.22.jar
2025-02-07 22:39:48,857 [Worker-46: Launching Celebrateit-backend (8)] INFO  o.eclipse.m2e.core.internal.Bundles - 	Entry: D:\sts-4.26.0.RELEASE\plugins\org.eclipse.m2e.maven.runtime_3.9.900.20240824-1409\jars\maven-resolver-transport-file-1.9.22.jar
2025-02-07 22:39:48,857 [Worker-46: Launching Celebrateit-backend (8)] INFO  o.eclipse.m2e.core.internal.Bundles - 	Entry: D:\sts-4.26.0.RELEASE\plugins\org.eclipse.m2e.maven.runtime_3.9.900.20240824-1409\jars\maven-resolver-transport-http-1.9.22.jar
2025-02-07 22:39:48,857 [Worker-46: Launching Celebrateit-backend (8)] INFO  o.eclipse.m2e.core.internal.Bundles - 	Entry: D:\sts-4.26.0.RELEASE\plugins\org.eclipse.m2e.maven.runtime_3.9.900.20240824-1409\jars\maven-resolver-transport-wagon-1.9.22.jar
2025-02-07 22:39:48,857 [Worker-46: Launching Celebrateit-backend (8)] INFO  o.eclipse.m2e.core.internal.Bundles - 	Entry: D:\sts-4.26.0.RELEASE\plugins\org.eclipse.m2e.maven.runtime_3.9.900.20240824-1409\jars\maven-resolver-util-1.9.22.jar
2025-02-07 22:39:48,857 [Worker-46: Launching Celebrateit-backend (8)] INFO  o.eclipse.m2e.core.internal.Bundles - 	Entry: D:\sts-4.26.0.RELEASE\plugins\org.eclipse.m2e.maven.runtime_3.9.900.20240824-1409\jars\maven-settings-3.9.9.jar
2025-02-07 22:39:48,857 [Worker-46: Launching Celebrateit-backend (8)] INFO  o.eclipse.m2e.core.internal.Bundles - 	Entry: D:\sts-4.26.0.RELEASE\plugins\org.eclipse.m2e.maven.runtime_3.9.900.20240824-1409\jars\maven-settings-builder-3.9.9.jar
2025-02-07 22:39:48,857 [Worker-46: Launching Celebrateit-backend (8)] INFO  o.eclipse.m2e.core.internal.Bundles - 	Entry: D:\sts-4.26.0.RELEASE\plugins\org.eclipse.m2e.maven.runtime_3.9.900.20240824-1409\jars\maven-shared-utils-3.4.2.jar
2025-02-07 22:39:48,857 [Worker-46: Launching Celebrateit-backend (8)] INFO  o.eclipse.m2e.core.internal.Bundles - 	Entry: D:\sts-4.26.0.RELEASE\plugins\org.eclipse.m2e.maven.runtime_3.9.900.20240824-1409\jars\org.eclipse.sisu.inject-0.9.0.M3.jar
2025-02-07 22:39:48,857 [Worker-46: Launching Celebrateit-backend (8)] INFO  o.eclipse.m2e.core.internal.Bundles - 	Entry: D:\sts-4.26.0.RELEASE\plugins\org.eclipse.m2e.maven.runtime_3.9.900.20240824-1409\jars\org.eclipse.sisu.plexus-0.9.0.M3.jar
2025-02-07 22:39:48,857 [Worker-46: Launching Celebrateit-backend (8)] INFO  o.eclipse.m2e.core.internal.Bundles - 	Entry: D:\sts-4.26.0.RELEASE\plugins\org.eclipse.m2e.maven.runtime_3.9.900.20240824-1409\jars\plexus-build-api-0.0.7.jar
2025-02-07 22:39:48,857 [Worker-46: Launching Celebrateit-backend (8)] INFO  o.eclipse.m2e.core.internal.Bundles - 	Entry: D:\sts-4.26.0.RELEASE\plugins\org.eclipse.m2e.maven.runtime_3.9.900.20240824-1409\jars\plexus-build-api-1.2.0.jar
2025-02-07 22:39:48,857 [Worker-46: Launching Celebrateit-backend (8)] INFO  o.eclipse.m2e.core.internal.Bundles - 	Entry: D:\sts-4.26.0.RELEASE\plugins\org.eclipse.m2e.maven.runtime_3.9.900.20240824-1409\jars\plexus-cipher-2.0.jar
2025-02-07 22:39:48,857 [Worker-46: Launching Celebrateit-backend (8)] INFO  o.eclipse.m2e.core.internal.Bundles - 	Entry: D:\sts-4.26.0.RELEASE\plugins\org.eclipse.m2e.maven.runtime_3.9.900.20240824-1409\jars\plexus-classworlds-2.8.0.jar
2025-02-07 22:39:48,857 [Worker-46: Launching Celebrateit-backend (8)] INFO  o.eclipse.m2e.core.internal.Bundles - 	Entry: D:\sts-4.26.0.RELEASE\plugins\org.eclipse.m2e.maven.runtime_3.9.900.20240824-1409\jars\plexus-component-annotations-2.1.0.jar
2025-02-07 22:39:48,857 [Worker-46: Launching Celebrateit-backend (8)] INFO  o.eclipse.m2e.core.internal.Bundles - 	Entry: D:\sts-4.26.0.RELEASE\plugins\org.eclipse.m2e.maven.runtime_3.9.900.20240824-1409\jars\plexus-interpolation-1.27.jar
2025-02-07 22:39:48,857 [Worker-46: Launching Celebrateit-backend (8)] INFO  o.eclipse.m2e.core.internal.Bundles - 	Entry: D:\sts-4.26.0.RELEASE\plugins\org.eclipse.m2e.maven.runtime_3.9.900.20240824-1409\jars\plexus-sec-dispatcher-2.0.jar
2025-02-07 22:39:48,857 [Worker-46: Launching Celebrateit-backend (8)] INFO  o.eclipse.m2e.core.internal.Bundles - 	Entry: D:\sts-4.26.0.RELEASE\plugins\org.eclipse.m2e.maven.runtime_3.9.900.20240824-1409\jars\plexus-utils-3.5.1.jar
2025-02-07 22:39:48,857 [Worker-46: Launching Celebrateit-backend (8)] INFO  o.eclipse.m2e.core.internal.Bundles - 	Entry: D:\sts-4.26.0.RELEASE\plugins\org.eclipse.m2e.maven.runtime_3.9.900.20240824-1409\jars\plexus-xml-3.0.1.jar
2025-02-07 22:39:48,858 [Worker-46: Launching Celebrateit-backend (8)] INFO  o.eclipse.m2e.core.internal.Bundles - 	Entry: D:\sts-4.26.0.RELEASE\plugins\org.eclipse.m2e.maven.runtime_3.9.900.20240824-1409\jars\wagon-file-3.5.3.jar
2025-02-07 22:39:48,858 [Worker-46: Launching Celebrateit-backend (8)] INFO  o.eclipse.m2e.core.internal.Bundles - 	Entry: D:\sts-4.26.0.RELEASE\plugins\org.eclipse.m2e.maven.runtime_3.9.900.20240824-1409\jars\wagon-http-3.5.3.jar
2025-02-07 22:39:48,858 [Worker-46: Launching Celebrateit-backend (8)] INFO  o.eclipse.m2e.core.internal.Bundles - 	Entry: D:\sts-4.26.0.RELEASE\plugins\org.eclipse.m2e.maven.runtime_3.9.900.20240824-1409\jars\wagon-http-shared-3.5.3.jar
2025-02-07 22:39:48,858 [Worker-46: Launching Celebrateit-backend (8)] INFO  o.eclipse.m2e.core.internal.Bundles - 	Entry: D:\sts-4.26.0.RELEASE\plugins\org.eclipse.m2e.maven.runtime_3.9.900.20240824-1409\jars\wagon-provider-api-3.5.3.jar
2025-02-07 22:39:48,858 [Worker-46: Launching Celebrateit-backend (8)] INFO  o.eclipse.m2e.core.internal.Bundles - getClasspathEntries(Bundle=com.google.guava_33.3.0.jre [29])
2025-02-07 22:39:48,858 [Worker-46: Launching Celebrateit-backend (8)] INFO  o.eclipse.m2e.core.internal.Bundles - 	Entry: D:\sts-4.26.0.RELEASE\plugins\com.google.guava_33.3.0.jre.jar
2025-02-07 22:39:48,858 [Worker-46: Launching Celebrateit-backend (8)] INFO  o.eclipse.m2e.core.internal.Bundles - getClasspathEntries(Bundle=slf4j.api_2.0.16 [592])
2025-02-07 22:39:48,858 [Worker-46: Launching Celebrateit-backend (8)] INFO  o.eclipse.m2e.core.internal.Bundles - 	Entry: D:\sts-4.26.0.RELEASE\plugins\slf4j.api_2.0.16.jar
2025-02-07 22:39:48,858 [Worker-46: Launching Celebrateit-backend (8)] INFO  o.eclipse.m2e.core.internal.Bundles - getClasspathEntries(Bundle=jakarta.inject.jakarta.inject-api_1.0.5 [45])
2025-02-07 22:39:48,858 [Worker-46: Launching Celebrateit-backend (8)] INFO  o.eclipse.m2e.core.internal.Bundles - 	Entry: D:\sts-4.26.0.RELEASE\plugins\jakarta.inject.jakarta.inject-api_1.0.5.jar
2025-02-07 22:39:48,858 [Worker-46: Launching Celebrateit-backend (8)] INFO  o.eclipse.m2e.core.internal.Bundles - getClasspathEntries(Bundle=jakarta.annotation-api_1.3.5 [41])
2025-02-07 22:39:48,858 [Worker-46: Launching Celebrateit-backend (8)] INFO  o.eclipse.m2e.core.internal.Bundles - 	Entry: D:\sts-4.26.0.RELEASE\plugins\jakarta.annotation-api_1.3.5.jar
2025-02-07 22:39:48,858 [Worker-46: Launching Celebrateit-backend (8)] INFO  o.eclipse.m2e.core.internal.Bundles - getClasspathEntries(Bundle=org.apache.commons.cli_1.9.0 [77])
2025-02-07 22:39:48,858 [Worker-46: Launching Celebrateit-backend (8)] INFO  o.eclipse.m2e.core.internal.Bundles - 	Entry: D:\sts-4.26.0.RELEASE\plugins\org.apache.commons.cli_1.9.0.jar
2025-02-07 22:39:48,858 [Worker-46: Launching Celebrateit-backend (8)] INFO  o.eclipse.m2e.core.internal.Bundles - getClasspathEntries(Bundle=org.apache.commons.commons-codec_1.16.0 [80])
2025-02-07 22:39:48,858 [Worker-46: Launching Celebrateit-backend (8)] INFO  o.eclipse.m2e.core.internal.Bundles - 	Entry: D:\sts-4.26.0.RELEASE\plugins\org.apache.commons.commons-codec_1.16.0.jar
2025-02-07 22:39:48,858 [Worker-46: Launching Celebrateit-backend (8)] INFO  o.eclipse.m2e.core.internal.Bundles - getClasspathEntries(Bundle=com.google.guava.failureaccess_1.0.2 [30])
2025-02-07 22:39:48,859 [Worker-46: Launching Celebrateit-backend (8)] INFO  o.eclipse.m2e.core.internal.Bundles - 	Entry: D:\sts-4.26.0.RELEASE\plugins\com.google.guava.failureaccess_1.0.2.jar
2025-02-07 22:39:48,860 [Worker-46: Launching Celebrateit-backend (8)] INFO  o.e.m.i.launch.MavenLaunchDelegate - Run build in "C:\Users\Samruddhi\OneDrive\Desktop\cdac-project\Celebrateit-backend\Celebrateit-backend":
2025-02-07 22:39:48,861 [Worker-46: Launching Celebrateit-backend (8)] INFO  o.e.m.i.launch.MavenLaunchDelegate -  mvn  -B -Dstyle.color=always clean compile
2025-02-07 22:39:49,025 [Worker-56: Building] INFO  o.a.m.s.f.DefaultMavenResourcesFiltering - Copying 1 resource from src\main\resources to target\classes
2025-02-07 22:39:49,031 [Worker-56: Building] INFO  o.a.m.s.f.DefaultMavenResourcesFiltering - Copying 0 resource from src\main\resources to target\classes
2025-02-07 22:39:49,036 [Worker-56: Building] INFO  o.a.m.s.f.DefaultMavenResourcesFiltering - skip non existing resourceDirectory C:\Users\Samruddhi\OneDrive\Desktop\cdac-project\Celebrateit-backend\Celebrateit-backend\src\test\resources
2025-02-07 22:43:17,654 [Worker-58: Building] INFO  o.a.m.s.f.DefaultMavenResourcesFiltering - Copying 1 resource from src\main\resources to target\classes
2025-02-07 22:43:17,669 [Worker-58: Building] INFO  o.a.m.s.f.DefaultMavenResourcesFiltering - Copying 0 resource from src\main\resources to target\classes
2025-02-07 22:43:17,675 [Worker-58: Building] INFO  o.a.m.s.f.DefaultMavenResourcesFiltering - skip non existing resourceDirectory C:\Users\Samruddhi\OneDrive\Desktop\cdac-project\Celebrateit-backend\Celebrateit-backend\src\test\resources
2025-02-07 22:44:42,807 [Worker-58: Building] INFO  o.a.m.s.f.DefaultMavenResourcesFiltering - Copying 1 resource from src\main\resources to target\classes
2025-02-07 22:44:42,815 [Worker-58: Building] INFO  o.a.m.s.f.DefaultMavenResourcesFiltering - Copying 0 resource from src\main\resources to target\classes
2025-02-07 22:44:42,817 [Worker-58: Building] INFO  o.a.m.s.f.DefaultMavenResourcesFiltering - skip non existing resourceDirectory C:\Users\Samruddhi\OneDrive\Desktop\cdac-project\Celebrateit-backend\Celebrateit-backend\src\test\resources
2025-02-07 22:45:22,018 [Worker-58: Building] INFO  o.a.m.s.f.DefaultMavenResourcesFiltering - Copying 1 resource from src\main\resources to target\classes
2025-02-07 22:45:22,023 [Worker-58: Building] INFO  o.a.m.s.f.DefaultMavenResourcesFiltering - Copying 0 resource from src\main\resources to target\classes
2025-02-07 22:45:22,026 [Worker-58: Building] INFO  o.a.m.s.f.DefaultMavenResourcesFiltering - skip non existing resourceDirectory C:\Users\Samruddhi\OneDrive\Desktop\cdac-project\Celebrateit-backend\Celebrateit-backend\src\test\resources
2025-02-07 22:45:56,280 [Worker-58: Building] INFO  o.a.m.s.f.DefaultMavenResourcesFiltering - Copying 1 resource from src\main\resources to target\classes
2025-02-07 22:45:56,287 [Worker-58: Building] INFO  o.a.m.s.f.DefaultMavenResourcesFiltering - Copying 0 resource from src\main\resources to target\classes
2025-02-07 22:45:56,289 [Worker-58: Building] INFO  o.a.m.s.f.DefaultMavenResourcesFiltering - skip non existing resourceDirectory C:\Users\Samruddhi\OneDrive\Desktop\cdac-project\Celebrateit-backend\Celebrateit-backend\src\test\resources
2025-02-07 22:54:01,652 [Worker-62: Building] INFO  o.a.m.s.f.DefaultMavenResourcesFiltering - Copying 1 resource from src\main\resources to target\classes
2025-02-07 22:54:01,661 [Worker-62: Building] INFO  o.a.m.s.f.DefaultMavenResourcesFiltering - Copying 0 resource from src\main\resources to target\classes
2025-02-07 22:54:01,666 [Worker-62: Building] INFO  o.a.m.s.f.DefaultMavenResourcesFiltering - skip non existing resourceDirectory C:\Users\Samruddhi\OneDrive\Desktop\cdac-project\Celebrateit-backend\Celebrateit-backend\src\test\resources
2025-02-07 22:57:10,184 [Worker-62: Building] INFO  o.a.m.s.f.DefaultMavenResourcesFiltering - Copying 1 resource from src\main\resources to target\classes
2025-02-07 22:57:10,190 [Worker-62: Building] INFO  o.a.m.s.f.DefaultMavenResourcesFiltering - Copying 0 resource from src\main\resources to target\classes
2025-02-07 22:57:10,193 [Worker-62: Building] INFO  o.a.m.s.f.DefaultMavenResourcesFiltering - skip non existing resourceDirectory C:\Users\Samruddhi\OneDrive\Desktop\cdac-project\Celebrateit-backend\Celebrateit-backend\src\test\resources
2025-02-07 22:58:26,090 [Worker-63: Building] INFO  o.a.m.s.f.DefaultMavenResourcesFiltering - Copying 1 resource from src\main\resources to target\classes
2025-02-07 22:58:26,098 [Worker-63: Building] INFO  o.a.m.s.f.DefaultMavenResourcesFiltering - Copying 0 resource from src\main\resources to target\classes
2025-02-07 22:58:26,103 [Worker-63: Building] INFO  o.a.m.s.f.DefaultMavenResourcesFiltering - skip non existing resourceDirectory C:\Users\Samruddhi\OneDrive\Desktop\cdac-project\Celebrateit-backend\Celebrateit-backend\src\test\resources
2025-02-07 23:04:50,427 [Worker-66: Building] INFO  o.a.m.s.f.DefaultMavenResourcesFiltering - Copying 1 resource from src\main\resources to target\classes
2025-02-07 23:04:50,433 [Worker-66: Building] INFO  o.a.m.s.f.DefaultMavenResourcesFiltering - Copying 0 resource from src\main\resources to target\classes
2025-02-07 23:04:50,435 [Worker-66: Building] INFO  o.a.m.s.f.DefaultMavenResourcesFiltering - skip non existing resourceDirectory C:\Users\Samruddhi\OneDrive\Desktop\cdac-project\Celebrateit-backend\Celebrateit-backend\src\test\resources
2025-02-07 23:11:50,682 [Worker-72: Building] INFO  o.a.m.s.f.DefaultMavenResourcesFiltering - Copying 1 resource from src\main\resources to target\classes
2025-02-07 23:11:50,690 [Worker-72: Building] INFO  o.a.m.s.f.DefaultMavenResourcesFiltering - Copying 0 resource from src\main\resources to target\classes
2025-02-07 23:11:50,694 [Worker-72: Building] INFO  o.a.m.s.f.DefaultMavenResourcesFiltering - skip non existing resourceDirectory C:\Users\Samruddhi\OneDrive\Desktop\cdac-project\Celebrateit-backend\Celebrateit-backend\src\test\resources
2025-02-07 23:14:22,387 [Worker-66: Building] INFO  o.a.m.s.f.DefaultMavenResourcesFiltering - Copying 1 resource from src\main\resources to target\classes
2025-02-07 23:14:22,394 [Worker-66: Building] INFO  o.a.m.s.f.DefaultMavenResourcesFiltering - Copying 0 resource from src\main\resources to target\classes
2025-02-07 23:14:22,397 [Worker-66: Building] INFO  o.a.m.s.f.DefaultMavenResourcesFiltering - skip non existing resourceDirectory C:\Users\Samruddhi\OneDrive\Desktop\cdac-project\Celebrateit-backend\Celebrateit-backend\src\test\resources
2025-02-07 23:18:27,431 [Worker-75: Building] INFO  o.a.m.s.f.DefaultMavenResourcesFiltering - Copying 1 resource from src\main\resources to target\classes
2025-02-07 23:18:27,436 [Worker-75: Building] INFO  o.a.m.s.f.DefaultMavenResourcesFiltering - Copying 0 resource from src\main\resources to target\classes
2025-02-07 23:18:27,438 [Worker-75: Building] INFO  o.a.m.s.f.DefaultMavenResourcesFiltering - skip non existing resourceDirectory C:\Users\Samruddhi\OneDrive\Desktop\cdac-project\Celebrateit-backend\Celebrateit-backend\src\test\resources
2025-02-07 23:18:46,686 [Worker-75: Launching Celebrateit-backend (8)] INFO  o.eclipse.m2e.core.internal.Bundles - getClasspathEntries(Bundle=org.eclipse.m2e.maven.runtime_3.9.900.20240824-1409 [359])
2025-02-07 23:18:46,687 [Worker-75: Launching Celebrateit-backend (8)] INFO  o.eclipse.m2e.core.internal.Bundles - 	Entry: D:\sts-4.26.0.RELEASE\plugins\org.eclipse.m2e.maven.runtime_3.9.900.20240824-1409
2025-02-07 23:18:46,687 [Worker-75: Launching Celebrateit-backend (8)] INFO  o.eclipse.m2e.core.internal.Bundles - 	Entry: D:\sts-4.26.0.RELEASE\plugins\org.eclipse.m2e.maven.runtime_3.9.900.20240824-1409\jars\aopalliance-1.0.jar
2025-02-07 23:18:46,687 [Worker-75: Launching Celebrateit-backend (8)] INFO  o.eclipse.m2e.core.internal.Bundles - 	Entry: D:\sts-4.26.0.RELEASE\plugins\org.eclipse.m2e.maven.runtime_3.9.900.20240824-1409\jars\guice-5.1.0.jar
2025-02-07 23:18:46,687 [Worker-75: Launching Celebrateit-backend (8)] INFO  o.eclipse.m2e.core.internal.Bundles - 	Entry: D:\sts-4.26.0.RELEASE\plugins\org.eclipse.m2e.maven.runtime_3.9.900.20240824-1409\jars\httpclient-4.5.14.jar
2025-02-07 23:18:46,687 [Worker-75: Launching Celebrateit-backend (8)] INFO  o.eclipse.m2e.core.internal.Bundles - 	Entry: D:\sts-4.26.0.RELEASE\plugins\org.eclipse.m2e.maven.runtime_3.9.900.20240824-1409\jars\httpcore-4.4.16.jar
2025-02-07 23:18:46,687 [Worker-75: Launching Celebrateit-backend (8)] INFO  o.eclipse.m2e.core.internal.Bundles - 	Entry: D:\sts-4.26.0.RELEASE\plugins\org.eclipse.m2e.maven.runtime_3.9.900.20240824-1409\jars\jansi-2.4.1.jar
2025-02-07 23:18:46,687 [Worker-75: Launching Celebrateit-backend (8)] INFO  o.eclipse.m2e.core.internal.Bundles - 	Entry: D:\sts-4.26.0.RELEASE\plugins\org.eclipse.m2e.maven.runtime_3.9.900.20240824-1409\jars\jcl-over-slf4j-1.7.36.jar
2025-02-07 23:18:46,687 [Worker-75: Launching Celebrateit-backend (8)] INFO  o.eclipse.m2e.core.internal.Bundles - 	Entry: D:\sts-4.26.0.RELEASE\plugins\org.eclipse.m2e.maven.runtime_3.9.900.20240824-1409\jars\maven-artifact-3.9.9.jar
2025-02-07 23:18:46,687 [Worker-75: Launching Celebrateit-backend (8)] INFO  o.eclipse.m2e.core.internal.Bundles - 	Entry: D:\sts-4.26.0.RELEASE\plugins\org.eclipse.m2e.maven.runtime_3.9.900.20240824-1409\jars\maven-builder-support-3.9.9.jar
2025-02-07 23:18:46,687 [Worker-75: Launching Celebrateit-backend (8)] INFO  o.eclipse.m2e.core.internal.Bundles - 	Entry: D:\sts-4.26.0.RELEASE\plugins\org.eclipse.m2e.maven.runtime_3.9.900.20240824-1409\jars\maven-compat-3.9.9.jar
2025-02-07 23:18:46,687 [Worker-75: Launching Celebrateit-backend (8)] INFO  o.eclipse.m2e.core.internal.Bundles - 	Entry: D:\sts-4.26.0.RELEASE\plugins\org.eclipse.m2e.maven.runtime_3.9.900.20240824-1409\jars\maven-core-3.9.9.jar
2025-02-07 23:18:46,687 [Worker-75: Launching Celebrateit-backend (8)] INFO  o.eclipse.m2e.core.internal.Bundles - 	Entry: D:\sts-4.26.0.RELEASE\plugins\org.eclipse.m2e.maven.runtime_3.9.900.20240824-1409\jars\maven-embedder-3.9.9.jar
2025-02-07 23:18:46,687 [Worker-75: Launching Celebrateit-backend (8)] INFO  o.eclipse.m2e.core.internal.Bundles - 	Entry: D:\sts-4.26.0.RELEASE\plugins\org.eclipse.m2e.maven.runtime_3.9.900.20240824-1409\jars\maven-model-3.9.9.jar
2025-02-07 23:18:46,687 [Worker-75: Launching Celebrateit-backend (8)] INFO  o.eclipse.m2e.core.internal.Bundles - 	Entry: D:\sts-4.26.0.RELEASE\plugins\org.eclipse.m2e.maven.runtime_3.9.900.20240824-1409\jars\maven-model-builder-3.9.9.jar
2025-02-07 23:18:46,687 [Worker-75: Launching Celebrateit-backend (8)] INFO  o.eclipse.m2e.core.internal.Bundles - 	Entry: D:\sts-4.26.0.RELEASE\plugins\org.eclipse.m2e.maven.runtime_3.9.900.20240824-1409\jars\maven-plugin-api-3.9.9.jar
2025-02-07 23:18:46,687 [Worker-75: Launching Celebrateit-backend (8)] INFO  o.eclipse.m2e.core.internal.Bundles - 	Entry: D:\sts-4.26.0.RELEASE\plugins\org.eclipse.m2e.maven.runtime_3.9.900.20240824-1409\jars\maven-repository-metadata-3.9.9.jar
2025-02-07 23:18:46,687 [Worker-75: Launching Celebrateit-backend (8)] INFO  o.eclipse.m2e.core.internal.Bundles - 	Entry: D:\sts-4.26.0.RELEASE\plugins\org.eclipse.m2e.maven.runtime_3.9.900.20240824-1409\jars\maven-resolver-api-1.9.22.jar
2025-02-07 23:18:46,687 [Worker-75: Launching Celebrateit-backend (8)] INFO  o.eclipse.m2e.core.internal.Bundles - 	Entry: D:\sts-4.26.0.RELEASE\plugins\org.eclipse.m2e.maven.runtime_3.9.900.20240824-1409\jars\maven-resolver-connector-basic-1.9.22.jar
2025-02-07 23:18:46,687 [Worker-75: Launching Celebrateit-backend (8)] INFO  o.eclipse.m2e.core.internal.Bundles - 	Entry: D:\sts-4.26.0.RELEASE\plugins\org.eclipse.m2e.maven.runtime_3.9.900.20240824-1409\jars\maven-resolver-impl-1.9.22.jar
2025-02-07 23:18:46,687 [Worker-75: Launching Celebrateit-backend (8)] INFO  o.eclipse.m2e.core.internal.Bundles - 	Entry: D:\sts-4.26.0.RELEASE\plugins\org.eclipse.m2e.maven.runtime_3.9.900.20240824-1409\jars\maven-resolver-named-locks-1.9.22.jar
2025-02-07 23:18:46,688 [Worker-75: Launching Celebrateit-backend (8)] INFO  o.eclipse.m2e.core.internal.Bundles - 	Entry: D:\sts-4.26.0.RELEASE\plugins\org.eclipse.m2e.maven.runtime_3.9.900.20240824-1409\jars\maven-resolver-provider-3.9.9.jar
2025-02-07 23:18:46,688 [Worker-75: Launching Celebrateit-backend (8)] INFO  o.eclipse.m2e.core.internal.Bundles - 	Entry: D:\sts-4.26.0.RELEASE\plugins\org.eclipse.m2e.maven.runtime_3.9.900.20240824-1409\jars\maven-resolver-spi-1.9.22.jar
2025-02-07 23:18:46,688 [Worker-75: Launching Celebrateit-backend (8)] INFO  o.eclipse.m2e.core.internal.Bundles - 	Entry: D:\sts-4.26.0.RELEASE\plugins\org.eclipse.m2e.maven.runtime_3.9.900.20240824-1409\jars\maven-resolver-transport-file-1.9.22.jar
2025-02-07 23:18:46,688 [Worker-75: Launching Celebrateit-backend (8)] INFO  o.eclipse.m2e.core.internal.Bundles - 	Entry: D:\sts-4.26.0.RELEASE\plugins\org.eclipse.m2e.maven.runtime_3.9.900.20240824-1409\jars\maven-resolver-transport-http-1.9.22.jar
2025-02-07 23:18:46,688 [Worker-75: Launching Celebrateit-backend (8)] INFO  o.eclipse.m2e.core.internal.Bundles - 	Entry: D:\sts-4.26.0.RELEASE\plugins\org.eclipse.m2e.maven.runtime_3.9.900.20240824-1409\jars\maven-resolver-transport-wagon-1.9.22.jar
2025-02-07 23:18:46,688 [Worker-75: Launching Celebrateit-backend (8)] INFO  o.eclipse.m2e.core.internal.Bundles - 	Entry: D:\sts-4.26.0.RELEASE\plugins\org.eclipse.m2e.maven.runtime_3.9.900.20240824-1409\jars\maven-resolver-util-1.9.22.jar
2025-02-07 23:18:46,688 [Worker-75: Launching Celebrateit-backend (8)] INFO  o.eclipse.m2e.core.internal.Bundles - 	Entry: D:\sts-4.26.0.RELEASE\plugins\org.eclipse.m2e.maven.runtime_3.9.900.20240824-1409\jars\maven-settings-3.9.9.jar
2025-02-07 23:18:46,688 [Worker-75: Launching Celebrateit-backend (8)] INFO  o.eclipse.m2e.core.internal.Bundles - 	Entry: D:\sts-4.26.0.RELEASE\plugins\org.eclipse.m2e.maven.runtime_3.9.900.20240824-1409\jars\maven-settings-builder-3.9.9.jar
2025-02-07 23:18:46,688 [Worker-75: Launching Celebrateit-backend (8)] INFO  o.eclipse.m2e.core.internal.Bundles - 	Entry: D:\sts-4.26.0.RELEASE\plugins\org.eclipse.m2e.maven.runtime_3.9.900.20240824-1409\jars\maven-shared-utils-3.4.2.jar
2025-02-07 23:18:46,688 [Worker-75: Launching Celebrateit-backend (8)] INFO  o.eclipse.m2e.core.internal.Bundles - 	Entry: D:\sts-4.26.0.RELEASE\plugins\org.eclipse.m2e.maven.runtime_3.9.900.20240824-1409\jars\org.eclipse.sisu.inject-0.9.0.M3.jar
2025-02-07 23:18:46,688 [Worker-75: Launching Celebrateit-backend (8)] INFO  o.eclipse.m2e.core.internal.Bundles - 	Entry: D:\sts-4.26.0.RELEASE\plugins\org.eclipse.m2e.maven.runtime_3.9.900.20240824-1409\jars\org.eclipse.sisu.plexus-0.9.0.M3.jar
2025-02-07 23:18:46,688 [Worker-75: Launching Celebrateit-backend (8)] INFO  o.eclipse.m2e.core.internal.Bundles - 	Entry: D:\sts-4.26.0.RELEASE\plugins\org.eclipse.m2e.maven.runtime_3.9.900.20240824-1409\jars\plexus-build-api-0.0.7.jar
2025-02-07 23:18:46,688 [Worker-75: Launching Celebrateit-backend (8)] INFO  o.eclipse.m2e.core.internal.Bundles - 	Entry: D:\sts-4.26.0.RELEASE\plugins\org.eclipse.m2e.maven.runtime_3.9.900.20240824-1409\jars\plexus-build-api-1.2.0.jar
2025-02-07 23:18:46,688 [Worker-75: Launching Celebrateit-backend (8)] INFO  o.eclipse.m2e.core.internal.Bundles - 	Entry: D:\sts-4.26.0.RELEASE\plugins\org.eclipse.m2e.maven.runtime_3.9.900.20240824-1409\jars\plexus-cipher-2.0.jar
2025-02-07 23:18:46,688 [Worker-75: Launching Celebrateit-backend (8)] INFO  o.eclipse.m2e.core.internal.Bundles - 	Entry: D:\sts-4.26.0.RELEASE\plugins\org.eclipse.m2e.maven.runtime_3.9.900.20240824-1409\jars\plexus-classworlds-2.8.0.jar
2025-02-07 23:18:46,688 [Worker-75: Launching Celebrateit-backend (8)] INFO  o.eclipse.m2e.core.internal.Bundles - 	Entry: D:\sts-4.26.0.RELEASE\plugins\org.eclipse.m2e.maven.runtime_3.9.900.20240824-1409\jars\plexus-component-annotations-2.1.0.jar
2025-02-07 23:18:46,688 [Worker-75: Launching Celebrateit-backend (8)] INFO  o.eclipse.m2e.core.internal.Bundles - 	Entry: D:\sts-4.26.0.RELEASE\plugins\org.eclipse.m2e.maven.runtime_3.9.900.20240824-1409\jars\plexus-interpolation-1.27.jar
2025-02-07 23:18:46,688 [Worker-75: Launching Celebrateit-backend (8)] INFO  o.eclipse.m2e.core.internal.Bundles - 	Entry: D:\sts-4.26.0.RELEASE\plugins\org.eclipse.m2e.maven.runtime_3.9.900.20240824-1409\jars\plexus-sec-dispatcher-2.0.jar
2025-02-07 23:18:46,688 [Worker-75: Launching Celebrateit-backend (8)] INFO  o.eclipse.m2e.core.internal.Bundles - 	Entry: D:\sts-4.26.0.RELEASE\plugins\org.eclipse.m2e.maven.runtime_3.9.900.20240824-1409\jars\plexus-utils-3.5.1.jar
2025-02-07 23:18:46,688 [Worker-75: Launching Celebrateit-backend (8)] INFO  o.eclipse.m2e.core.internal.Bundles - 	Entry: D:\sts-4.26.0.RELEASE\plugins\org.eclipse.m2e.maven.runtime_3.9.900.20240824-1409\jars\plexus-xml-3.0.1.jar
2025-02-07 23:18:46,688 [Worker-75: Launching Celebrateit-backend (8)] INFO  o.eclipse.m2e.core.internal.Bundles - 	Entry: D:\sts-4.26.0.RELEASE\plugins\org.eclipse.m2e.maven.runtime_3.9.900.20240824-1409\jars\wagon-file-3.5.3.jar
2025-02-07 23:18:46,688 [Worker-75: Launching Celebrateit-backend (8)] INFO  o.eclipse.m2e.core.internal.Bundles - 	Entry: D:\sts-4.26.0.RELEASE\plugins\org.eclipse.m2e.maven.runtime_3.9.900.20240824-1409\jars\wagon-http-3.5.3.jar
2025-02-07 23:18:46,688 [Worker-75: Launching Celebrateit-backend (8)] INFO  o.eclipse.m2e.core.internal.Bundles - 	Entry: D:\sts-4.26.0.RELEASE\plugins\org.eclipse.m2e.maven.runtime_3.9.900.20240824-1409\jars\wagon-http-shared-3.5.3.jar
2025-02-07 23:18:46,688 [Worker-75: Launching Celebrateit-backend (8)] INFO  o.eclipse.m2e.core.internal.Bundles - 	Entry: D:\sts-4.26.0.RELEASE\plugins\org.eclipse.m2e.maven.runtime_3.9.900.20240824-1409\jars\wagon-provider-api-3.5.3.jar
2025-02-07 23:18:46,688 [Worker-75: Launching Celebrateit-backend (8)] INFO  o.eclipse.m2e.core.internal.Bundles - getClasspathEntries(Bundle=com.google.guava_33.3.0.jre [29])
2025-02-07 23:18:46,690 [Worker-75: Launching Celebrateit-backend (8)] INFO  o.eclipse.m2e.core.internal.Bundles - 	Entry: D:\sts-4.26.0.RELEASE\plugins\com.google.guava_33.3.0.jre.jar
2025-02-07 23:18:46,690 [Worker-75: Launching Celebrateit-backend (8)] INFO  o.eclipse.m2e.core.internal.Bundles - getClasspathEntries(Bundle=slf4j.api_2.0.16 [592])
2025-02-07 23:18:46,690 [Worker-75: Launching Celebrateit-backend (8)] INFO  o.eclipse.m2e.core.internal.Bundles - 	Entry: D:\sts-4.26.0.RELEASE\plugins\slf4j.api_2.0.16.jar
2025-02-07 23:18:46,690 [Worker-75: Launching Celebrateit-backend (8)] INFO  o.eclipse.m2e.core.internal.Bundles - getClasspathEntries(Bundle=jakarta.inject.jakarta.inject-api_1.0.5 [45])
2025-02-07 23:18:46,690 [Worker-75: Launching Celebrateit-backend (8)] INFO  o.eclipse.m2e.core.internal.Bundles - 	Entry: D:\sts-4.26.0.RELEASE\plugins\jakarta.inject.jakarta.inject-api_1.0.5.jar
2025-02-07 23:18:46,690 [Worker-75: Launching Celebrateit-backend (8)] INFO  o.eclipse.m2e.core.internal.Bundles - getClasspathEntries(Bundle=jakarta.annotation-api_1.3.5 [41])
2025-02-07 23:18:46,690 [Worker-75: Launching Celebrateit-backend (8)] INFO  o.eclipse.m2e.core.internal.Bundles - 	Entry: D:\sts-4.26.0.RELEASE\plugins\jakarta.annotation-api_1.3.5.jar
2025-02-07 23:18:46,690 [Worker-75: Launching Celebrateit-backend (8)] INFO  o.eclipse.m2e.core.internal.Bundles - getClasspathEntries(Bundle=org.apache.commons.cli_1.9.0 [77])
2025-02-07 23:18:46,690 [Worker-75: Launching Celebrateit-backend (8)] INFO  o.eclipse.m2e.core.internal.Bundles - 	Entry: D:\sts-4.26.0.RELEASE\plugins\org.apache.commons.cli_1.9.0.jar
2025-02-07 23:18:46,691 [Worker-75: Launching Celebrateit-backend (8)] INFO  o.eclipse.m2e.core.internal.Bundles - getClasspathEntries(Bundle=org.apache.commons.commons-codec_1.16.0 [80])
2025-02-07 23:18:46,691 [Worker-75: Launching Celebrateit-backend (8)] INFO  o.eclipse.m2e.core.internal.Bundles - 	Entry: D:\sts-4.26.0.RELEASE\plugins\org.apache.commons.commons-codec_1.16.0.jar
2025-02-07 23:18:46,691 [Worker-75: Launching Celebrateit-backend (8)] INFO  o.eclipse.m2e.core.internal.Bundles - getClasspathEntries(Bundle=com.google.guava.failureaccess_1.0.2 [30])
2025-02-07 23:18:46,691 [Worker-75: Launching Celebrateit-backend (8)] INFO  o.eclipse.m2e.core.internal.Bundles - 	Entry: D:\sts-4.26.0.RELEASE\plugins\com.google.guava.failureaccess_1.0.2.jar
2025-02-07 23:18:46,692 [Worker-75: Launching Celebrateit-backend (8)] INFO  o.e.m.i.launch.MavenLaunchDelegate - Run build in "C:\Users\Samruddhi\OneDrive\Desktop\cdac-project\Celebrateit-backend\Celebrateit-backend":
2025-02-07 23:18:46,692 [Worker-75: Launching Celebrateit-backend (8)] INFO  o.e.m.i.launch.MavenLaunchDelegate -  mvn  -B -Dstyle.color=always clean compile
2025-02-07 23:18:46,882 [Worker-77: Building] INFO  o.a.m.s.f.DefaultMavenResourcesFiltering - Copying 1 resource from src\main\resources to target\classes
2025-02-07 23:18:46,886 [Worker-77: Building] INFO  o.a.m.s.f.DefaultMavenResourcesFiltering - Copying 0 resource from src\main\resources to target\classes
2025-02-07 23:18:46,889 [Worker-77: Building] INFO  o.a.m.s.f.DefaultMavenResourcesFiltering - skip non existing resourceDirectory C:\Users\Samruddhi\OneDrive\Desktop\cdac-project\Celebrateit-backend\Celebrateit-backend\src\test\resources
2025-02-08 13:10:01,357 [Worker-6: Loading available Gradle versions] INFO  o.e.b.c.i.u.g.PublishedGradleVersions - Gradle version information cache is out-of-date. Trying to update.
2025-02-08 13:11:34,348 [Worker-12: Building] INFO  o.a.m.s.f.DefaultMavenResourcesFiltering - Copying 1 resource from src\main\resources to target\classes
2025-02-08 13:11:34,373 [Worker-12: Building] INFO  o.a.m.s.f.DefaultMavenResourcesFiltering - Copying 0 resource from src\main\resources to target\classes
2025-02-08 13:11:34,382 [Worker-12: Building] INFO  o.a.m.s.f.DefaultMavenResourcesFiltering - skip non existing resourceDirectory C:\Users\Samruddhi\OneDrive\Desktop\cdac-project\Celebrateit-backend\Celebrateit-backend\src\test\resources
2025-02-08 13:11:35,824 [Worker-1: Building] INFO  o.a.m.s.f.DefaultMavenResourcesFiltering - Copying 1 resource from src\main\resources to target\classes
2025-02-08 13:11:35,852 [Worker-1: Building] INFO  o.a.m.s.f.DefaultMavenResourcesFiltering - Copying 0 resource from src\main\resources to target\classes
2025-02-08 13:11:35,860 [Worker-1: Building] INFO  o.a.m.s.f.DefaultMavenResourcesFiltering - skip non existing resourceDirectory C:\Users\Samruddhi\OneDrive\Desktop\cdac-project\Celebrateit-backend\Celebrateit-backend\src\test\resources
2025-02-08 13:11:51,412 [Worker-11: Building] INFO  o.a.m.s.f.DefaultMavenResourcesFiltering - Copying 1 resource from src\main\resources to target\classes
2025-02-08 13:11:51,417 [Worker-11: Building] INFO  o.a.m.s.f.DefaultMavenResourcesFiltering - Copying 0 resource from src\main\resources to target\classes
2025-02-08 13:11:51,420 [Worker-11: Building] INFO  o.a.m.s.f.DefaultMavenResourcesFiltering - skip non existing resourceDirectory C:\Users\Samruddhi\OneDrive\Desktop\cdac-project\Celebrateit-backend\Celebrateit-backend\src\test\resources
2025-02-08 13:14:19,818 [Worker-13: Building] INFO  o.a.m.s.f.DefaultMavenResourcesFiltering - Copying 1 resource from src\main\resources to target\classes
2025-02-08 13:14:19,825 [Worker-13: Building] INFO  o.a.m.s.f.DefaultMavenResourcesFiltering - Copying 0 resource from src\main\resources to target\classes
2025-02-08 13:14:19,828 [Worker-13: Building] INFO  o.a.m.s.f.DefaultMavenResourcesFiltering - skip non existing resourceDirectory C:\Users\Samruddhi\OneDrive\Desktop\cdac-project\Celebrateit-backend\Celebrateit-backend\src\test\resources
2025-02-08 13:15:30,177 [Worker-16: Building] INFO  o.a.m.s.f.DefaultMavenResourcesFiltering - Copying 1 resource from src\main\resources to target\classes
2025-02-08 13:15:30,184 [Worker-16: Building] INFO  o.a.m.s.f.DefaultMavenResourcesFiltering - Copying 0 resource from src\main\resources to target\classes
2025-02-08 13:15:30,188 [Worker-16: Building] INFO  o.a.m.s.f.DefaultMavenResourcesFiltering - skip non existing resourceDirectory C:\Users\Samruddhi\OneDrive\Desktop\cdac-project\Celebrateit-backend\Celebrateit-backend\src\test\resources
2025-02-08 13:15:58,334 [Worker-12: Building] INFO  o.a.m.s.f.DefaultMavenResourcesFiltering - Copying 1 resource from src\main\resources to target\classes
2025-02-08 13:15:58,339 [Worker-12: Building] INFO  o.a.m.s.f.DefaultMavenResourcesFiltering - Copying 0 resource from src\main\resources to target\classes
2025-02-08 13:15:58,342 [Worker-12: Building] INFO  o.a.m.s.f.DefaultMavenResourcesFiltering - skip non existing resourceDirectory C:\Users\Samruddhi\OneDrive\Desktop\cdac-project\Celebrateit-backend\Celebrateit-backend\src\test\resources
2025-02-08 13:16:31,872 [Worker-15: Building] INFO  o.a.m.s.f.DefaultMavenResourcesFiltering - Copying 1 resource from src\main\resources to target\classes
2025-02-08 13:16:31,877 [Worker-15: Building] INFO  o.a.m.s.f.DefaultMavenResourcesFiltering - Copying 0 resource from src\main\resources to target\classes
2025-02-08 13:16:31,880 [Worker-15: Building] INFO  o.a.m.s.f.DefaultMavenResourcesFiltering - skip non existing resourceDirectory C:\Users\Samruddhi\OneDrive\Desktop\cdac-project\Celebrateit-backend\Celebrateit-backend\src\test\resources
2025-02-08 13:18:22,534 [Worker-14: Building] INFO  o.a.m.s.f.DefaultMavenResourcesFiltering - Copying 1 resource from src\main\resources to target\classes
2025-02-08 13:18:22,545 [Worker-14: Building] INFO  o.a.m.s.f.DefaultMavenResourcesFiltering - Copying 0 resource from src\main\resources to target\classes
2025-02-08 13:18:22,548 [Worker-14: Building] INFO  o.a.m.s.f.DefaultMavenResourcesFiltering - skip non existing resourceDirectory C:\Users\Samruddhi\OneDrive\Desktop\cdac-project\Celebrateit-backend\Celebrateit-backend\src\test\resources
2025-02-08 13:19:52,505 [Worker-18: Building] INFO  o.e.m.c.i.l.LifecycleMappingFactory - Using org.eclipse.m2e.jdt.JarLifecycleMapping lifecycle mapping for MavenProject: com.celebrateit:Celebrateit-backend:0.0.1-SNAPSHOT @ C:\Users\Samruddhi\OneDrive\Desktop\cdac-project\Celebrateit-backend\Celebrateit-backend\pom.xml.
2025-02-08 13:19:53,360 [Worker-18: Building] INFO  o.e.m.c.i.e.AbstractTransferListenerAdapter - Downloading https://repo.maven.apache.org/maven2/org/mapstruct/mapstruct/1.5.5.Final/mapstruct-1.5.5.Final.pom
2025-02-08 13:19:53,370 [Worker-18: Building] INFO  o.e.m.c.i.e.AbstractTransferListenerAdapter - Downloaded https://repo.maven.apache.org/maven2/org/mapstruct/mapstruct/1.5.5.Final/mapstruct-1.5.5.Final.pom
2025-02-08 13:19:53,558 [Worker-18: Building] INFO  o.e.m.c.i.e.AbstractTransferListenerAdapter - Downloading https://repo.maven.apache.org/maven2/org/mapstruct/mapstruct/1.5.5.Final/mapstruct-1.5.5.Final.jar
2025-02-08 13:19:53,600 [Worker-18: Building] INFO  o.e.m.c.i.e.AbstractTransferListenerAdapter - Downloaded https://repo.maven.apache.org/maven2/org/mapstruct/mapstruct/1.5.5.Final/mapstruct-1.5.5.Final.jar
2025-02-08 13:19:53,668 [BasicRepositoryConnector-repo.maven.apache.org-0-0] INFO  o.e.m.c.i.e.AbstractTransferListenerAdapter - Downloading https://repo.maven.apache.org/maven2/org/mapstruct/mapstruct-processor/1.5.5.Final/mapstruct-processor-1.5.5.Final.jar
2025-02-08 13:19:55,884 [BasicRepositoryConnector-repo.maven.apache.org-0-0] INFO  o.e.m.c.i.e.AbstractTransferListenerAdapter - Downloaded https://repo.maven.apache.org/maven2/org/mapstruct/mapstruct-processor/1.5.5.Final/mapstruct-processor-1.5.5.Final.jar
2025-02-08 13:19:56,329 [Worker-18: Building] INFO  o.a.m.s.f.DefaultMavenResourcesFiltering - Copying 0 resource from src\main\resources to target\classes
2025-02-08 13:19:56,330 [Worker-18: Building] INFO  o.a.m.s.f.DefaultMavenResourcesFiltering - Copying 0 resource from src\main\resources to target\classes
2025-02-08 13:19:56,335 [Worker-18: Building] INFO  o.a.m.s.f.DefaultMavenResourcesFiltering - skip non existing resourceDirectory C:\Users\Samruddhi\OneDrive\Desktop\cdac-project\Celebrateit-backend\Celebrateit-backend\src\test\resources
2025-02-08 13:19:57,360 [Worker-18: Download sources and javadoc] INFO  o.e.m.c.i.e.AbstractTransferListenerAdapter - Downloading https://repo.maven.apache.org/maven2/org/mapstruct/mapstruct/1.5.5.Final/mapstruct-1.5.5.Final-sources.jar
2025-02-08 13:19:57,408 [Worker-18: Download sources and javadoc] INFO  o.e.m.c.i.e.AbstractTransferListenerAdapter - Downloaded https://repo.maven.apache.org/maven2/org/mapstruct/mapstruct/1.5.5.Final/mapstruct-1.5.5.Final-sources.jar
2025-02-08 13:19:57,413 [Worker-18: Download sources and javadoc] INFO  o.e.m.j.internal.DownloadSourcesJob - Downloaded sources for org.mapstruct:mapstruct:1.5.5.Final
2025-02-08 13:19:57,588 [Worker-18: Download sources and javadoc] INFO  o.e.m.c.i.e.AbstractTransferListenerAdapter - Downloading https://repo.maven.apache.org/maven2/org/mapstruct/mapstruct-processor/1.5.5.Final/mapstruct-processor-1.5.5.Final-sources.jar
2025-02-08 13:19:57,873 [Worker-18: Download sources and javadoc] INFO  o.e.m.c.i.e.AbstractTransferListenerAdapter - Downloaded https://repo.maven.apache.org/maven2/org/mapstruct/mapstruct-processor/1.5.5.Final/mapstruct-processor-1.5.5.Final-sources.jar
2025-02-08 13:19:57,877 [Worker-18: Download sources and javadoc] INFO  o.e.m.j.internal.DownloadSourcesJob - Downloaded sources for org.mapstruct:mapstruct-processor:1.5.5.Final
2025-02-08 13:19:58,543 [Worker-13: Building] INFO  o.a.m.s.f.DefaultMavenResourcesFiltering - Copying 1 resource from src\main\resources to target\classes
2025-02-08 13:19:58,554 [Worker-13: Building] INFO  o.a.m.s.f.DefaultMavenResourcesFiltering - Copying 0 resource from src\main\resources to target\classes
2025-02-08 13:19:58,557 [Worker-13: Building] INFO  o.a.m.s.f.DefaultMavenResourcesFiltering - skip non existing resourceDirectory C:\Users\Samruddhi\OneDrive\Desktop\cdac-project\Celebrateit-backend\Celebrateit-backend\src\test\resources
2025-02-08 13:20:22,946 [Worker-13: Building] INFO  o.a.m.s.f.DefaultMavenResourcesFiltering - Copying 1 resource from src\main\resources to target\classes
2025-02-08 13:20:22,951 [Worker-13: Building] INFO  o.a.m.s.f.DefaultMavenResourcesFiltering - Copying 0 resource from src\main\resources to target\classes
2025-02-08 13:20:22,953 [Worker-13: Building] INFO  o.a.m.s.f.DefaultMavenResourcesFiltering - skip non existing resourceDirectory C:\Users\Samruddhi\OneDrive\Desktop\cdac-project\Celebrateit-backend\Celebrateit-backend\src\test\resources
2025-02-08 13:20:46,997 [Worker-10: Building] INFO  o.a.m.s.f.DefaultMavenResourcesFiltering - Copying 1 resource from src\main\resources to target\classes
2025-02-08 13:20:47,003 [Worker-10: Building] INFO  o.a.m.s.f.DefaultMavenResourcesFiltering - Copying 0 resource from src\main\resources to target\classes
2025-02-08 13:20:47,006 [Worker-10: Building] INFO  o.a.m.s.f.DefaultMavenResourcesFiltering - skip non existing resourceDirectory C:\Users\Samruddhi\OneDrive\Desktop\cdac-project\Celebrateit-backend\Celebrateit-backend\src\test\resources
2025-02-08 13:21:03,275 [Worker-10: Building] INFO  o.a.m.s.f.DefaultMavenResourcesFiltering - Copying 1 resource from src\main\resources to target\classes
2025-02-08 13:21:03,278 [Worker-10: Building] INFO  o.a.m.s.f.DefaultMavenResourcesFiltering - Copying 0 resource from src\main\resources to target\classes
2025-02-08 13:21:03,282 [Worker-10: Building] INFO  o.a.m.s.f.DefaultMavenResourcesFiltering - skip non existing resourceDirectory C:\Users\Samruddhi\OneDrive\Desktop\cdac-project\Celebrateit-backend\Celebrateit-backend\src\test\resources
2025-02-08 13:21:20,770 [Worker-10: Building] INFO  o.a.m.s.f.DefaultMavenResourcesFiltering - Copying 1 resource from src\main\resources to target\classes
2025-02-08 13:21:20,790 [Worker-10: Building] INFO  o.a.m.s.f.DefaultMavenResourcesFiltering - Copying 0 resource from src\main\resources to target\classes
2025-02-08 13:21:20,794 [Worker-10: Building] INFO  o.a.m.s.f.DefaultMavenResourcesFiltering - skip non existing resourceDirectory C:\Users\Samruddhi\OneDrive\Desktop\cdac-project\Celebrateit-backend\Celebrateit-backend\src\test\resources
2025-02-08 13:21:27,806 [main] INFO  o.e.m2e.actions.ExecutePomAction - Creating new launch configuration
2025-02-08 13:21:37,197 [Worker-16: Launching Celebrateit-backend (9)] INFO  o.eclipse.m2e.core.internal.Bundles - getClasspathEntries(Bundle=org.eclipse.m2e.maven.runtime_3.9.900.20240824-1409 [359])
2025-02-08 13:21:37,199 [Worker-16: Launching Celebrateit-backend (9)] INFO  o.eclipse.m2e.core.internal.Bundles - 	Entry: D:\sts-4.26.0.RELEASE\plugins\org.eclipse.m2e.maven.runtime_3.9.900.20240824-1409
2025-02-08 13:21:37,199 [Worker-16: Launching Celebrateit-backend (9)] INFO  o.eclipse.m2e.core.internal.Bundles - 	Entry: D:\sts-4.26.0.RELEASE\plugins\org.eclipse.m2e.maven.runtime_3.9.900.20240824-1409\jars\aopalliance-1.0.jar
2025-02-08 13:21:37,200 [Worker-16: Launching Celebrateit-backend (9)] INFO  o.eclipse.m2e.core.internal.Bundles - 	Entry: D:\sts-4.26.0.RELEASE\plugins\org.eclipse.m2e.maven.runtime_3.9.900.20240824-1409\jars\guice-5.1.0.jar
2025-02-08 13:21:37,200 [Worker-16: Launching Celebrateit-backend (9)] INFO  o.eclipse.m2e.core.internal.Bundles - 	Entry: D:\sts-4.26.0.RELEASE\plugins\org.eclipse.m2e.maven.runtime_3.9.900.20240824-1409\jars\httpclient-4.5.14.jar
2025-02-08 13:21:37,200 [Worker-16: Launching Celebrateit-backend (9)] INFO  o.eclipse.m2e.core.internal.Bundles - 	Entry: D:\sts-4.26.0.RELEASE\plugins\org.eclipse.m2e.maven.runtime_3.9.900.20240824-1409\jars\httpcore-4.4.16.jar
2025-02-08 13:21:37,200 [Worker-16: Launching Celebrateit-backend (9)] INFO  o.eclipse.m2e.core.internal.Bundles - 	Entry: D:\sts-4.26.0.RELEASE\plugins\org.eclipse.m2e.maven.runtime_3.9.900.20240824-1409\jars\jansi-2.4.1.jar
2025-02-08 13:21:37,200 [Worker-16: Launching Celebrateit-backend (9)] INFO  o.eclipse.m2e.core.internal.Bundles - 	Entry: D:\sts-4.26.0.RELEASE\plugins\org.eclipse.m2e.maven.runtime_3.9.900.20240824-1409\jars\jcl-over-slf4j-1.7.36.jar
2025-02-08 13:21:37,200 [Worker-16: Launching Celebrateit-backend (9)] INFO  o.eclipse.m2e.core.internal.Bundles - 	Entry: D:\sts-4.26.0.RELEASE\plugins\org.eclipse.m2e.maven.runtime_3.9.900.20240824-1409\jars\maven-artifact-3.9.9.jar
2025-02-08 13:21:37,200 [Worker-16: Launching Celebrateit-backend (9)] INFO  o.eclipse.m2e.core.internal.Bundles - 	Entry: D:\sts-4.26.0.RELEASE\plugins\org.eclipse.m2e.maven.runtime_3.9.900.20240824-1409\jars\maven-builder-support-3.9.9.jar
2025-02-08 13:21:37,200 [Worker-16: Launching Celebrateit-backend (9)] INFO  o.eclipse.m2e.core.internal.Bundles - 	Entry: D:\sts-4.26.0.RELEASE\plugins\org.eclipse.m2e.maven.runtime_3.9.900.20240824-1409\jars\maven-compat-3.9.9.jar
2025-02-08 13:21:37,200 [Worker-16: Launching Celebrateit-backend (9)] INFO  o.eclipse.m2e.core.internal.Bundles - 	Entry: D:\sts-4.26.0.RELEASE\plugins\org.eclipse.m2e.maven.runtime_3.9.900.20240824-1409\jars\maven-core-3.9.9.jar
2025-02-08 13:21:37,200 [Worker-16: Launching Celebrateit-backend (9)] INFO  o.eclipse.m2e.core.internal.Bundles - 	Entry: D:\sts-4.26.0.RELEASE\plugins\org.eclipse.m2e.maven.runtime_3.9.900.20240824-1409\jars\maven-embedder-3.9.9.jar
2025-02-08 13:21:37,200 [Worker-16: Launching Celebrateit-backend (9)] INFO  o.eclipse.m2e.core.internal.Bundles - 	Entry: D:\sts-4.26.0.RELEASE\plugins\org.eclipse.m2e.maven.runtime_3.9.900.20240824-1409\jars\maven-model-3.9.9.jar
2025-02-08 13:21:37,200 [Worker-16: Launching Celebrateit-backend (9)] INFO  o.eclipse.m2e.core.internal.Bundles - 	Entry: D:\sts-4.26.0.RELEASE\plugins\org.eclipse.m2e.maven.runtime_3.9.900.20240824-1409\jars\maven-model-builder-3.9.9.jar
2025-02-08 13:21:37,200 [Worker-16: Launching Celebrateit-backend (9)] INFO  o.eclipse.m2e.core.internal.Bundles - 	Entry: D:\sts-4.26.0.RELEASE\plugins\org.eclipse.m2e.maven.runtime_3.9.900.20240824-1409\jars\maven-plugin-api-3.9.9.jar
2025-02-08 13:21:37,200 [Worker-16: Launching Celebrateit-backend (9)] INFO  o.eclipse.m2e.core.internal.Bundles - 	Entry: D:\sts-4.26.0.RELEASE\plugins\org.eclipse.m2e.maven.runtime_3.9.900.20240824-1409\jars\maven-repository-metadata-3.9.9.jar
2025-02-08 13:21:37,200 [Worker-16: Launching Celebrateit-backend (9)] INFO  o.eclipse.m2e.core.internal.Bundles - 	Entry: D:\sts-4.26.0.RELEASE\plugins\org.eclipse.m2e.maven.runtime_3.9.900.20240824-1409\jars\maven-resolver-api-1.9.22.jar
2025-02-08 13:21:37,200 [Worker-16: Launching Celebrateit-backend (9)] INFO  o.eclipse.m2e.core.internal.Bundles - 	Entry: D:\sts-4.26.0.RELEASE\plugins\org.eclipse.m2e.maven.runtime_3.9.900.20240824-1409\jars\maven-resolver-connector-basic-1.9.22.jar
2025-02-08 13:21:37,200 [Worker-16: Launching Celebrateit-backend (9)] INFO  o.eclipse.m2e.core.internal.Bundles - 	Entry: D:\sts-4.26.0.RELEASE\plugins\org.eclipse.m2e.maven.runtime_3.9.900.20240824-1409\jars\maven-resolver-impl-1.9.22.jar
2025-02-08 13:21:37,200 [Worker-16: Launching Celebrateit-backend (9)] INFO  o.eclipse.m2e.core.internal.Bundles - 	Entry: D:\sts-4.26.0.RELEASE\plugins\org.eclipse.m2e.maven.runtime_3.9.900.20240824-1409\jars\maven-resolver-named-locks-1.9.22.jar
2025-02-08 13:21:37,200 [Worker-16: Launching Celebrateit-backend (9)] INFO  o.eclipse.m2e.core.internal.Bundles - 	Entry: D:\sts-4.26.0.RELEASE\plugins\org.eclipse.m2e.maven.runtime_3.9.900.20240824-1409\jars\maven-resolver-provider-3.9.9.jar
2025-02-08 13:21:37,201 [Worker-16: Launching Celebrateit-backend (9)] INFO  o.eclipse.m2e.core.internal.Bundles - 	Entry: D:\sts-4.26.0.RELEASE\plugins\org.eclipse.m2e.maven.runtime_3.9.900.20240824-1409\jars\maven-resolver-spi-1.9.22.jar
2025-02-08 13:21:37,201 [Worker-16: Launching Celebrateit-backend (9)] INFO  o.eclipse.m2e.core.internal.Bundles - 	Entry: D:\sts-4.26.0.RELEASE\plugins\org.eclipse.m2e.maven.runtime_3.9.900.20240824-1409\jars\maven-resolver-transport-file-1.9.22.jar
2025-02-08 13:21:37,201 [Worker-16: Launching Celebrateit-backend (9)] INFO  o.eclipse.m2e.core.internal.Bundles - 	Entry: D:\sts-4.26.0.RELEASE\plugins\org.eclipse.m2e.maven.runtime_3.9.900.20240824-1409\jars\maven-resolver-transport-http-1.9.22.jar
2025-02-08 13:21:37,201 [Worker-16: Launching Celebrateit-backend (9)] INFO  o.eclipse.m2e.core.internal.Bundles - 	Entry: D:\sts-4.26.0.RELEASE\plugins\org.eclipse.m2e.maven.runtime_3.9.900.20240824-1409\jars\maven-resolver-transport-wagon-1.9.22.jar
2025-02-08 13:21:37,201 [Worker-16: Launching Celebrateit-backend (9)] INFO  o.eclipse.m2e.core.internal.Bundles - 	Entry: D:\sts-4.26.0.RELEASE\plugins\org.eclipse.m2e.maven.runtime_3.9.900.20240824-1409\jars\maven-resolver-util-1.9.22.jar
2025-02-08 13:21:37,201 [Worker-16: Launching Celebrateit-backend (9)] INFO  o.eclipse.m2e.core.internal.Bundles - 	Entry: D:\sts-4.26.0.RELEASE\plugins\org.eclipse.m2e.maven.runtime_3.9.900.20240824-1409\jars\maven-settings-3.9.9.jar
2025-02-08 13:21:37,201 [Worker-16: Launching Celebrateit-backend (9)] INFO  o.eclipse.m2e.core.internal.Bundles - 	Entry: D:\sts-4.26.0.RELEASE\plugins\org.eclipse.m2e.maven.runtime_3.9.900.20240824-1409\jars\maven-settings-builder-3.9.9.jar
2025-02-08 13:21:37,201 [Worker-16: Launching Celebrateit-backend (9)] INFO  o.eclipse.m2e.core.internal.Bundles - 	Entry: D:\sts-4.26.0.RELEASE\plugins\org.eclipse.m2e.maven.runtime_3.9.900.20240824-1409\jars\maven-shared-utils-3.4.2.jar
2025-02-08 13:21:37,201 [Worker-16: Launching Celebrateit-backend (9)] INFO  o.eclipse.m2e.core.internal.Bundles - 	Entry: D:\sts-4.26.0.RELEASE\plugins\org.eclipse.m2e.maven.runtime_3.9.900.20240824-1409\jars\org.eclipse.sisu.inject-0.9.0.M3.jar
2025-02-08 13:21:37,201 [Worker-16: Launching Celebrateit-backend (9)] INFO  o.eclipse.m2e.core.internal.Bundles - 	Entry: D:\sts-4.26.0.RELEASE\plugins\org.eclipse.m2e.maven.runtime_3.9.900.20240824-1409\jars\org.eclipse.sisu.plexus-0.9.0.M3.jar
2025-02-08 13:21:37,201 [Worker-16: Launching Celebrateit-backend (9)] INFO  o.eclipse.m2e.core.internal.Bundles - 	Entry: D:\sts-4.26.0.RELEASE\plugins\org.eclipse.m2e.maven.runtime_3.9.900.20240824-1409\jars\plexus-build-api-0.0.7.jar
2025-02-08 13:21:37,201 [Worker-16: Launching Celebrateit-backend (9)] INFO  o.eclipse.m2e.core.internal.Bundles - 	Entry: D:\sts-4.26.0.RELEASE\plugins\org.eclipse.m2e.maven.runtime_3.9.900.20240824-1409\jars\plexus-build-api-1.2.0.jar
2025-02-08 13:21:37,201 [Worker-16: Launching Celebrateit-backend (9)] INFO  o.eclipse.m2e.core.internal.Bundles - 	Entry: D:\sts-4.26.0.RELEASE\plugins\org.eclipse.m2e.maven.runtime_3.9.900.20240824-1409\jars\plexus-cipher-2.0.jar
2025-02-08 13:21:37,202 [Worker-16: Launching Celebrateit-backend (9)] INFO  o.eclipse.m2e.core.internal.Bundles - 	Entry: D:\sts-4.26.0.RELEASE\plugins\org.eclipse.m2e.maven.runtime_3.9.900.20240824-1409\jars\plexus-classworlds-2.8.0.jar
2025-02-08 13:21:37,202 [Worker-16: Launching Celebrateit-backend (9)] INFO  o.eclipse.m2e.core.internal.Bundles - 	Entry: D:\sts-4.26.0.RELEASE\plugins\org.eclipse.m2e.maven.runtime_3.9.900.20240824-1409\jars\plexus-component-annotations-2.1.0.jar
2025-02-08 13:21:37,202 [Worker-16: Launching Celebrateit-backend (9)] INFO  o.eclipse.m2e.core.internal.Bundles - 	Entry: D:\sts-4.26.0.RELEASE\plugins\org.eclipse.m2e.maven.runtime_3.9.900.20240824-1409\jars\plexus-interpolation-1.27.jar
2025-02-08 13:21:37,202 [Worker-16: Launching Celebrateit-backend (9)] INFO  o.eclipse.m2e.core.internal.Bundles - 	Entry: D:\sts-4.26.0.RELEASE\plugins\org.eclipse.m2e.maven.runtime_3.9.900.20240824-1409\jars\plexus-sec-dispatcher-2.0.jar
2025-02-08 13:21:37,202 [Worker-16: Launching Celebrateit-backend (9)] INFO  o.eclipse.m2e.core.internal.Bundles - 	Entry: D:\sts-4.26.0.RELEASE\plugins\org.eclipse.m2e.maven.runtime_3.9.900.20240824-1409\jars\plexus-utils-3.5.1.jar
2025-02-08 13:21:37,202 [Worker-16: Launching Celebrateit-backend (9)] INFO  o.eclipse.m2e.core.internal.Bundles - 	Entry: D:\sts-4.26.0.RELEASE\plugins\org.eclipse.m2e.maven.runtime_3.9.900.20240824-1409\jars\plexus-xml-3.0.1.jar
2025-02-08 13:21:37,202 [Worker-16: Launching Celebrateit-backend (9)] INFO  o.eclipse.m2e.core.internal.Bundles - 	Entry: D:\sts-4.26.0.RELEASE\plugins\org.eclipse.m2e.maven.runtime_3.9.900.20240824-1409\jars\wagon-file-3.5.3.jar
2025-02-08 13:21:37,202 [Worker-16: Launching Celebrateit-backend (9)] INFO  o.eclipse.m2e.core.internal.Bundles - 	Entry: D:\sts-4.26.0.RELEASE\plugins\org.eclipse.m2e.maven.runtime_3.9.900.20240824-1409\jars\wagon-http-3.5.3.jar
2025-02-08 13:21:37,202 [Worker-16: Launching Celebrateit-backend (9)] INFO  o.eclipse.m2e.core.internal.Bundles - 	Entry: D:\sts-4.26.0.RELEASE\plugins\org.eclipse.m2e.maven.runtime_3.9.900.20240824-1409\jars\wagon-http-shared-3.5.3.jar
2025-02-08 13:21:37,202 [Worker-16: Launching Celebrateit-backend (9)] INFO  o.eclipse.m2e.core.internal.Bundles - 	Entry: D:\sts-4.26.0.RELEASE\plugins\org.eclipse.m2e.maven.runtime_3.9.900.20240824-1409\jars\wagon-provider-api-3.5.3.jar
2025-02-08 13:21:37,203 [Worker-16: Launching Celebrateit-backend (9)] INFO  o.eclipse.m2e.core.internal.Bundles - getClasspathEntries(Bundle=com.google.guava_33.3.0.jre [29])
2025-02-08 13:21:37,203 [Worker-16: Launching Celebrateit-backend (9)] INFO  o.eclipse.m2e.core.internal.Bundles - 	Entry: D:\sts-4.26.0.RELEASE\plugins\com.google.guava_33.3.0.jre.jar
2025-02-08 13:21:37,203 [Worker-16: Launching Celebrateit-backend (9)] INFO  o.eclipse.m2e.core.internal.Bundles - getClasspathEntries(Bundle=slf4j.api_2.0.16 [592])
2025-02-08 13:21:37,203 [Worker-16: Launching Celebrateit-backend (9)] INFO  o.eclipse.m2e.core.internal.Bundles - 	Entry: D:\sts-4.26.0.RELEASE\plugins\slf4j.api_2.0.16.jar
2025-02-08 13:21:37,203 [Worker-16: Launching Celebrateit-backend (9)] INFO  o.eclipse.m2e.core.internal.Bundles - getClasspathEntries(Bundle=jakarta.inject.jakarta.inject-api_1.0.5 [45])
2025-02-08 13:21:37,204 [Worker-16: Launching Celebrateit-backend (9)] INFO  o.eclipse.m2e.core.internal.Bundles - 	Entry: D:\sts-4.26.0.RELEASE\plugins\jakarta.inject.jakarta.inject-api_1.0.5.jar
2025-02-08 13:21:37,204 [Worker-16: Launching Celebrateit-backend (9)] INFO  o.eclipse.m2e.core.internal.Bundles - getClasspathEntries(Bundle=jakarta.annotation-api_1.3.5 [41])
2025-02-08 13:21:37,204 [Worker-16: Launching Celebrateit-backend (9)] INFO  o.eclipse.m2e.core.internal.Bundles - 	Entry: D:\sts-4.26.0.RELEASE\plugins\jakarta.annotation-api_1.3.5.jar
2025-02-08 13:21:37,204 [Worker-16: Launching Celebrateit-backend (9)] INFO  o.eclipse.m2e.core.internal.Bundles - getClasspathEntries(Bundle=org.apache.commons.cli_1.9.0 [77])
2025-02-08 13:21:37,204 [Worker-16: Launching Celebrateit-backend (9)] INFO  o.eclipse.m2e.core.internal.Bundles - 	Entry: D:\sts-4.26.0.RELEASE\plugins\org.apache.commons.cli_1.9.0.jar
2025-02-08 13:21:37,204 [Worker-16: Launching Celebrateit-backend (9)] INFO  o.eclipse.m2e.core.internal.Bundles - getClasspathEntries(Bundle=org.apache.commons.commons-codec_1.16.0 [80])
2025-02-08 13:21:37,204 [Worker-16: Launching Celebrateit-backend (9)] INFO  o.eclipse.m2e.core.internal.Bundles - 	Entry: D:\sts-4.26.0.RELEASE\plugins\org.apache.commons.commons-codec_1.16.0.jar
2025-02-08 13:21:37,204 [Worker-16: Launching Celebrateit-backend (9)] INFO  o.eclipse.m2e.core.internal.Bundles - getClasspathEntries(Bundle=com.google.guava.failureaccess_1.0.2 [30])
2025-02-08 13:21:37,204 [Worker-16: Launching Celebrateit-backend (9)] INFO  o.eclipse.m2e.core.internal.Bundles - 	Entry: D:\sts-4.26.0.RELEASE\plugins\com.google.guava.failureaccess_1.0.2.jar
2025-02-08 13:21:37,207 [Worker-16: Launching Celebrateit-backend (9)] INFO  o.e.m.i.launch.MavenLaunchDelegate - Run build in "C:\Users\Samruddhi\OneDrive\Desktop\cdac-project\Celebrateit-backend\Celebrateit-backend":
2025-02-08 13:21:37,212 [Worker-16: Launching Celebrateit-backend (9)] INFO  o.e.m.i.launch.MavenLaunchDelegate -  mvn  -B -Dstyle.color=always clean compile
2025-02-08 13:21:37,361 [Worker-17: Building] INFO  o.a.m.s.f.DefaultMavenResourcesFiltering - Copying 1 resource from src\main\resources to target\classes
2025-02-08 13:21:37,366 [Worker-17: Building] INFO  o.a.m.s.f.DefaultMavenResourcesFiltering - Copying 0 resource from src\main\resources to target\classes
2025-02-08 13:21:37,369 [Worker-17: Building] INFO  o.a.m.s.f.DefaultMavenResourcesFiltering - skip non existing resourceDirectory C:\Users\Samruddhi\OneDrive\Desktop\cdac-project\Celebrateit-backend\Celebrateit-backend\src\test\resources
2025-02-08 13:22:10,901 [Worker-17: Building] INFO  o.a.m.s.f.DefaultMavenResourcesFiltering - Copying 1 resource from src\main\resources to target\classes
2025-02-08 13:22:10,905 [Worker-17: Building] INFO  o.a.m.s.f.DefaultMavenResourcesFiltering - Copying 0 resource from src\main\resources to target\classes
2025-02-08 13:22:10,908 [Worker-17: Building] INFO  o.a.m.s.f.DefaultMavenResourcesFiltering - skip non existing resourceDirectory C:\Users\Samruddhi\OneDrive\Desktop\cdac-project\Celebrateit-backend\Celebrateit-backend\src\test\resources
2025-02-08 13:27:02,355 [Worker-19: Building] INFO  o.a.m.s.f.DefaultMavenResourcesFiltering - Copying 1 resource from src\main\resources to target\classes
2025-02-08 13:27:02,362 [Worker-19: Building] INFO  o.a.m.s.f.DefaultMavenResourcesFiltering - Copying 0 resource from src\main\resources to target\classes
2025-02-08 13:27:02,364 [Worker-19: Building] INFO  o.a.m.s.f.DefaultMavenResourcesFiltering - skip non existing resourceDirectory C:\Users\Samruddhi\OneDrive\Desktop\cdac-project\Celebrateit-backend\Celebrateit-backend\src\test\resources
2025-02-08 13:27:07,635 [Worker-19: Building] INFO  o.a.m.s.f.DefaultMavenResourcesFiltering - Copying 1 resource from src\main\resources to target\classes
2025-02-08 13:27:07,646 [Worker-19: Building] INFO  o.a.m.s.f.DefaultMavenResourcesFiltering - Copying 0 resource from src\main\resources to target\classes
2025-02-08 13:27:07,648 [Worker-19: Building] INFO  o.a.m.s.f.DefaultMavenResourcesFiltering - skip non existing resourceDirectory C:\Users\Samruddhi\OneDrive\Desktop\cdac-project\Celebrateit-backend\Celebrateit-backend\src\test\resources
2025-02-08 13:27:13,418 [Worker-19: Building] INFO  o.a.m.s.f.DefaultMavenResourcesFiltering - Copying 1 resource from src\main\resources to target\classes
2025-02-08 13:27:13,423 [Worker-19: Building] INFO  o.a.m.s.f.DefaultMavenResourcesFiltering - Copying 0 resource from src\main\resources to target\classes
2025-02-08 13:27:13,425 [Worker-19: Building] INFO  o.a.m.s.f.DefaultMavenResourcesFiltering - skip non existing resourceDirectory C:\Users\Samruddhi\OneDrive\Desktop\cdac-project\Celebrateit-backend\Celebrateit-backend\src\test\resources
2025-02-08 13:27:20,672 [Worker-13: Building] INFO  o.a.m.s.f.DefaultMavenResourcesFiltering - Copying 1 resource from src\main\resources to target\classes
2025-02-08 13:27:20,676 [Worker-13: Building] INFO  o.a.m.s.f.DefaultMavenResourcesFiltering - Copying 0 resource from src\main\resources to target\classes
2025-02-08 13:27:20,679 [Worker-13: Building] INFO  o.a.m.s.f.DefaultMavenResourcesFiltering - skip non existing resourceDirectory C:\Users\Samruddhi\OneDrive\Desktop\cdac-project\Celebrateit-backend\Celebrateit-backend\src\test\resources
2025-02-08 13:45:03,495 [Worker-13: Building] INFO  o.e.m.c.i.l.LifecycleMappingFactory - Using org.eclipse.m2e.jdt.JarLifecycleMapping lifecycle mapping for MavenProject: com.celebrateit:Celebrateit-backend:0.0.1-SNAPSHOT @ C:\Users\Samruddhi\OneDrive\Desktop\cdac-project\Celebrateit-backend\Celebrateit-backend\pom.xml.
2025-02-08 13:45:04,599 [Worker-13: Building] INFO  o.a.m.s.f.DefaultMavenResourcesFiltering - Copying 0 resource from src\main\resources to target\classes
2025-02-08 13:45:04,600 [Worker-13: Building] INFO  o.a.m.s.f.DefaultMavenResourcesFiltering - Copying 0 resource from src\main\resources to target\classes
2025-02-08 13:45:04,606 [Worker-13: Building] INFO  o.a.m.s.f.DefaultMavenResourcesFiltering - skip non existing resourceDirectory C:\Users\Samruddhi\OneDrive\Desktop\cdac-project\Celebrateit-backend\Celebrateit-backend\src\test\resources
2025-02-08 13:45:06,109 [Worker-13: Building] INFO  o.a.m.s.f.DefaultMavenResourcesFiltering - Copying 1 resource from src\main\resources to target\classes
2025-02-08 13:45:06,123 [Worker-13: Building] INFO  o.a.m.s.f.DefaultMavenResourcesFiltering - Copying 0 resource from src\main\resources to target\classes
2025-02-08 13:45:06,127 [Worker-13: Building] INFO  o.a.m.s.f.DefaultMavenResourcesFiltering - skip non existing resourceDirectory C:\Users\Samruddhi\OneDrive\Desktop\cdac-project\Celebrateit-backend\Celebrateit-backend\src\test\resources
2025-02-08 13:52:54,822 [Worker-2: Loading available Gradle versions] INFO  o.e.b.c.i.u.g.PublishedGradleVersions - Gradle version information cache is up-to-date. Trying to read.
2025-02-08 14:25:53,852 [Worker-1: Loading available Gradle versions] INFO  o.e.b.c.i.u.g.PublishedGradleVersions - Gradle version information cache is up-to-date. Trying to read.
2025-02-08 14:27:35,623 [Worker-0: Building] INFO  o.a.m.s.f.DefaultMavenResourcesFiltering - Copying 1 resource from src\main\resources to target\classes
2025-02-08 14:27:35,644 [Worker-0: Building] INFO  o.a.m.s.f.DefaultMavenResourcesFiltering - Copying 0 resource from src\main\resources to target\classes
2025-02-08 14:27:35,650 [Worker-0: Building] INFO  o.a.m.s.f.DefaultMavenResourcesFiltering - skip non existing resourceDirectory C:\Users\Samruddhi\OneDrive\Desktop\cdac-project\Celebrateit-backend\Celebrateit-backend\src\test\resources
2025-02-08 14:28:34,163 [main] INFO  o.e.m2e.actions.ExecutePomAction - Creating new launch configuration
2025-02-08 14:28:41,375 [Worker-20: Launching Celebrateit-backend (10)] INFO  o.eclipse.m2e.core.internal.Bundles - getClasspathEntries(Bundle=org.eclipse.m2e.maven.runtime_3.9.900.20240824-1409 [359])
2025-02-08 14:28:41,378 [Worker-20: Launching Celebrateit-backend (10)] INFO  o.eclipse.m2e.core.internal.Bundles - 	Entry: D:\sts-4.26.0.RELEASE\plugins\org.eclipse.m2e.maven.runtime_3.9.900.20240824-1409
2025-02-08 14:28:41,379 [Worker-20: Launching Celebrateit-backend (10)] INFO  o.eclipse.m2e.core.internal.Bundles - 	Entry: D:\sts-4.26.0.RELEASE\plugins\org.eclipse.m2e.maven.runtime_3.9.900.20240824-1409\jars\aopalliance-1.0.jar
2025-02-08 14:28:41,379 [Worker-20: Launching Celebrateit-backend (10)] INFO  o.eclipse.m2e.core.internal.Bundles - 	Entry: D:\sts-4.26.0.RELEASE\plugins\org.eclipse.m2e.maven.runtime_3.9.900.20240824-1409\jars\guice-5.1.0.jar
2025-02-08 14:28:41,379 [Worker-20: Launching Celebrateit-backend (10)] INFO  o.eclipse.m2e.core.internal.Bundles - 	Entry: D:\sts-4.26.0.RELEASE\plugins\org.eclipse.m2e.maven.runtime_3.9.900.20240824-1409\jars\httpclient-4.5.14.jar
2025-02-08 14:28:41,379 [Worker-20: Launching Celebrateit-backend (10)] INFO  o.eclipse.m2e.core.internal.Bundles - 	Entry: D:\sts-4.26.0.RELEASE\plugins\org.eclipse.m2e.maven.runtime_3.9.900.20240824-1409\jars\httpcore-4.4.16.jar
2025-02-08 14:28:41,379 [Worker-20: Launching Celebrateit-backend (10)] INFO  o.eclipse.m2e.core.internal.Bundles - 	Entry: D:\sts-4.26.0.RELEASE\plugins\org.eclipse.m2e.maven.runtime_3.9.900.20240824-1409\jars\jansi-2.4.1.jar
2025-02-08 14:28:41,379 [Worker-20: Launching Celebrateit-backend (10)] INFO  o.eclipse.m2e.core.internal.Bundles - 	Entry: D:\sts-4.26.0.RELEASE\plugins\org.eclipse.m2e.maven.runtime_3.9.900.20240824-1409\jars\jcl-over-slf4j-1.7.36.jar
2025-02-08 14:28:41,379 [Worker-20: Launching Celebrateit-backend (10)] INFO  o.eclipse.m2e.core.internal.Bundles - 	Entry: D:\sts-4.26.0.RELEASE\plugins\org.eclipse.m2e.maven.runtime_3.9.900.20240824-1409\jars\maven-artifact-3.9.9.jar
2025-02-08 14:28:41,379 [Worker-20: Launching Celebrateit-backend (10)] INFO  o.eclipse.m2e.core.internal.Bundles - 	Entry: D:\sts-4.26.0.RELEASE\plugins\org.eclipse.m2e.maven.runtime_3.9.900.20240824-1409\jars\maven-builder-support-3.9.9.jar
2025-02-08 14:28:41,379 [Worker-20: Launching Celebrateit-backend (10)] INFO  o.eclipse.m2e.core.internal.Bundles - 	Entry: D:\sts-4.26.0.RELEASE\plugins\org.eclipse.m2e.maven.runtime_3.9.900.20240824-1409\jars\maven-compat-3.9.9.jar
2025-02-08 14:28:41,379 [Worker-20: Launching Celebrateit-backend (10)] INFO  o.eclipse.m2e.core.internal.Bundles - 	Entry: D:\sts-4.26.0.RELEASE\plugins\org.eclipse.m2e.maven.runtime_3.9.900.20240824-1409\jars\maven-core-3.9.9.jar
2025-02-08 14:28:41,379 [Worker-20: Launching Celebrateit-backend (10)] INFO  o.eclipse.m2e.core.internal.Bundles - 	Entry: D:\sts-4.26.0.RELEASE\plugins\org.eclipse.m2e.maven.runtime_3.9.900.20240824-1409\jars\maven-embedder-3.9.9.jar
2025-02-08 14:28:41,381 [Worker-20: Launching Celebrateit-backend (10)] INFO  o.eclipse.m2e.core.internal.Bundles - 	Entry: D:\sts-4.26.0.RELEASE\plugins\org.eclipse.m2e.maven.runtime_3.9.900.20240824-1409\jars\maven-model-3.9.9.jar
2025-02-08 14:28:41,381 [Worker-20: Launching Celebrateit-backend (10)] INFO  o.eclipse.m2e.core.internal.Bundles - 	Entry: D:\sts-4.26.0.RELEASE\plugins\org.eclipse.m2e.maven.runtime_3.9.900.20240824-1409\jars\maven-model-builder-3.9.9.jar
2025-02-08 14:28:41,381 [Worker-20: Launching Celebrateit-backend (10)] INFO  o.eclipse.m2e.core.internal.Bundles - 	Entry: D:\sts-4.26.0.RELEASE\plugins\org.eclipse.m2e.maven.runtime_3.9.900.20240824-1409\jars\maven-plugin-api-3.9.9.jar
2025-02-08 14:28:41,381 [Worker-20: Launching Celebrateit-backend (10)] INFO  o.eclipse.m2e.core.internal.Bundles - 	Entry: D:\sts-4.26.0.RELEASE\plugins\org.eclipse.m2e.maven.runtime_3.9.900.20240824-1409\jars\maven-repository-metadata-3.9.9.jar
2025-02-08 14:28:41,381 [Worker-20: Launching Celebrateit-backend (10)] INFO  o.eclipse.m2e.core.internal.Bundles - 	Entry: D:\sts-4.26.0.RELEASE\plugins\org.eclipse.m2e.maven.runtime_3.9.900.20240824-1409\jars\maven-resolver-api-1.9.22.jar
2025-02-08 14:28:41,381 [Worker-20: Launching Celebrateit-backend (10)] INFO  o.eclipse.m2e.core.internal.Bundles - 	Entry: D:\sts-4.26.0.RELEASE\plugins\org.eclipse.m2e.maven.runtime_3.9.900.20240824-1409\jars\maven-resolver-connector-basic-1.9.22.jar
2025-02-08 14:28:41,381 [Worker-20: Launching Celebrateit-backend (10)] INFO  o.eclipse.m2e.core.internal.Bundles - 	Entry: D:\sts-4.26.0.RELEASE\plugins\org.eclipse.m2e.maven.runtime_3.9.900.20240824-1409\jars\maven-resolver-impl-1.9.22.jar
2025-02-08 14:28:41,381 [Worker-20: Launching Celebrateit-backend (10)] INFO  o.eclipse.m2e.core.internal.Bundles - 	Entry: D:\sts-4.26.0.RELEASE\plugins\org.eclipse.m2e.maven.runtime_3.9.900.20240824-1409\jars\maven-resolver-named-locks-1.9.22.jar
2025-02-08 14:28:41,381 [Worker-20: Launching Celebrateit-backend (10)] INFO  o.eclipse.m2e.core.internal.Bundles - 	Entry: D:\sts-4.26.0.RELEASE\plugins\org.eclipse.m2e.maven.runtime_3.9.900.20240824-1409\jars\maven-resolver-provider-3.9.9.jar
2025-02-08 14:28:41,381 [Worker-20: Launching Celebrateit-backend (10)] INFO  o.eclipse.m2e.core.internal.Bundles - 	Entry: D:\sts-4.26.0.RELEASE\plugins\org.eclipse.m2e.maven.runtime_3.9.900.20240824-1409\jars\maven-resolver-spi-1.9.22.jar
2025-02-08 14:28:41,381 [Worker-20: Launching Celebrateit-backend (10)] INFO  o.eclipse.m2e.core.internal.Bundles - 	Entry: D:\sts-4.26.0.RELEASE\plugins\org.eclipse.m2e.maven.runtime_3.9.900.20240824-1409\jars\maven-resolver-transport-file-1.9.22.jar
2025-02-08 14:28:41,381 [Worker-20: Launching Celebrateit-backend (10)] INFO  o.eclipse.m2e.core.internal.Bundles - 	Entry: D:\sts-4.26.0.RELEASE\plugins\org.eclipse.m2e.maven.runtime_3.9.900.20240824-1409\jars\maven-resolver-transport-http-1.9.22.jar
2025-02-08 14:28:41,381 [Worker-20: Launching Celebrateit-backend (10)] INFO  o.eclipse.m2e.core.internal.Bundles - 	Entry: D:\sts-4.26.0.RELEASE\plugins\org.eclipse.m2e.maven.runtime_3.9.900.20240824-1409\jars\maven-resolver-transport-wagon-1.9.22.jar
2025-02-08 14:28:41,381 [Worker-20: Launching Celebrateit-backend (10)] INFO  o.eclipse.m2e.core.internal.Bundles - 	Entry: D:\sts-4.26.0.RELEASE\plugins\org.eclipse.m2e.maven.runtime_3.9.900.20240824-1409\jars\maven-resolver-util-1.9.22.jar
2025-02-08 14:28:41,381 [Worker-20: Launching Celebrateit-backend (10)] INFO  o.eclipse.m2e.core.internal.Bundles - 	Entry: D:\sts-4.26.0.RELEASE\plugins\org.eclipse.m2e.maven.runtime_3.9.900.20240824-1409\jars\maven-settings-3.9.9.jar
2025-02-08 14:28:41,381 [Worker-20: Launching Celebrateit-backend (10)] INFO  o.eclipse.m2e.core.internal.Bundles - 	Entry: D:\sts-4.26.0.RELEASE\plugins\org.eclipse.m2e.maven.runtime_3.9.900.20240824-1409\jars\maven-settings-builder-3.9.9.jar
2025-02-08 14:28:41,381 [Worker-20: Launching Celebrateit-backend (10)] INFO  o.eclipse.m2e.core.internal.Bundles - 	Entry: D:\sts-4.26.0.RELEASE\plugins\org.eclipse.m2e.maven.runtime_3.9.900.20240824-1409\jars\maven-shared-utils-3.4.2.jar
2025-02-08 14:28:41,382 [Worker-20: Launching Celebrateit-backend (10)] INFO  o.eclipse.m2e.core.internal.Bundles - 	Entry: D:\sts-4.26.0.RELEASE\plugins\org.eclipse.m2e.maven.runtime_3.9.900.20240824-1409\jars\org.eclipse.sisu.inject-0.9.0.M3.jar
2025-02-08 14:28:41,382 [Worker-20: Launching Celebrateit-backend (10)] INFO  o.eclipse.m2e.core.internal.Bundles - 	Entry: D:\sts-4.26.0.RELEASE\plugins\org.eclipse.m2e.maven.runtime_3.9.900.20240824-1409\jars\org.eclipse.sisu.plexus-0.9.0.M3.jar
2025-02-08 14:28:41,382 [Worker-20: Launching Celebrateit-backend (10)] INFO  o.eclipse.m2e.core.internal.Bundles - 	Entry: D:\sts-4.26.0.RELEASE\plugins\org.eclipse.m2e.maven.runtime_3.9.900.20240824-1409\jars\plexus-build-api-0.0.7.jar
2025-02-08 14:28:41,382 [Worker-20: Launching Celebrateit-backend (10)] INFO  o.eclipse.m2e.core.internal.Bundles - 	Entry: D:\sts-4.26.0.RELEASE\plugins\org.eclipse.m2e.maven.runtime_3.9.900.20240824-1409\jars\plexus-build-api-1.2.0.jar
2025-02-08 14:28:41,382 [Worker-20: Launching Celebrateit-backend (10)] INFO  o.eclipse.m2e.core.internal.Bundles - 	Entry: D:\sts-4.26.0.RELEASE\plugins\org.eclipse.m2e.maven.runtime_3.9.900.20240824-1409\jars\plexus-cipher-2.0.jar
2025-02-08 14:28:41,382 [Worker-20: Launching Celebrateit-backend (10)] INFO  o.eclipse.m2e.core.internal.Bundles - 	Entry: D:\sts-4.26.0.RELEASE\plugins\org.eclipse.m2e.maven.runtime_3.9.900.20240824-1409\jars\plexus-classworlds-2.8.0.jar
2025-02-08 14:28:41,382 [Worker-20: Launching Celebrateit-backend (10)] INFO  o.eclipse.m2e.core.internal.Bundles - 	Entry: D:\sts-4.26.0.RELEASE\plugins\org.eclipse.m2e.maven.runtime_3.9.900.20240824-1409\jars\plexus-component-annotations-2.1.0.jar
2025-02-08 14:28:41,382 [Worker-20: Launching Celebrateit-backend (10)] INFO  o.eclipse.m2e.core.internal.Bundles - 	Entry: D:\sts-4.26.0.RELEASE\plugins\org.eclipse.m2e.maven.runtime_3.9.900.20240824-1409\jars\plexus-interpolation-1.27.jar
2025-02-08 14:28:41,383 [Worker-20: Launching Celebrateit-backend (10)] INFO  o.eclipse.m2e.core.internal.Bundles - 	Entry: D:\sts-4.26.0.RELEASE\plugins\org.eclipse.m2e.maven.runtime_3.9.900.20240824-1409\jars\plexus-sec-dispatcher-2.0.jar
2025-02-08 14:28:41,383 [Worker-20: Launching Celebrateit-backend (10)] INFO  o.eclipse.m2e.core.internal.Bundles - 	Entry: D:\sts-4.26.0.RELEASE\plugins\org.eclipse.m2e.maven.runtime_3.9.900.20240824-1409\jars\plexus-utils-3.5.1.jar
2025-02-08 14:28:41,383 [Worker-20: Launching Celebrateit-backend (10)] INFO  o.eclipse.m2e.core.internal.Bundles - 	Entry: D:\sts-4.26.0.RELEASE\plugins\org.eclipse.m2e.maven.runtime_3.9.900.20240824-1409\jars\plexus-xml-3.0.1.jar
2025-02-08 14:28:41,383 [Worker-20: Launching Celebrateit-backend (10)] INFO  o.eclipse.m2e.core.internal.Bundles - 	Entry: D:\sts-4.26.0.RELEASE\plugins\org.eclipse.m2e.maven.runtime_3.9.900.20240824-1409\jars\wagon-file-3.5.3.jar
2025-02-08 14:28:41,383 [Worker-20: Launching Celebrateit-backend (10)] INFO  o.eclipse.m2e.core.internal.Bundles - 	Entry: D:\sts-4.26.0.RELEASE\plugins\org.eclipse.m2e.maven.runtime_3.9.900.20240824-1409\jars\wagon-http-3.5.3.jar
2025-02-08 14:28:41,383 [Worker-20: Launching Celebrateit-backend (10)] INFO  o.eclipse.m2e.core.internal.Bundles - 	Entry: D:\sts-4.26.0.RELEASE\plugins\org.eclipse.m2e.maven.runtime_3.9.900.20240824-1409\jars\wagon-http-shared-3.5.3.jar
2025-02-08 14:28:41,383 [Worker-20: Launching Celebrateit-backend (10)] INFO  o.eclipse.m2e.core.internal.Bundles - 	Entry: D:\sts-4.26.0.RELEASE\plugins\org.eclipse.m2e.maven.runtime_3.9.900.20240824-1409\jars\wagon-provider-api-3.5.3.jar
2025-02-08 14:28:41,385 [Worker-20: Launching Celebrateit-backend (10)] INFO  o.eclipse.m2e.core.internal.Bundles - getClasspathEntries(Bundle=com.google.guava_33.3.0.jre [29])
2025-02-08 14:28:41,386 [Worker-20: Launching Celebrateit-backend (10)] INFO  o.eclipse.m2e.core.internal.Bundles - 	Entry: D:\sts-4.26.0.RELEASE\plugins\com.google.guava_33.3.0.jre.jar
2025-02-08 14:28:41,386 [Worker-20: Launching Celebrateit-backend (10)] INFO  o.eclipse.m2e.core.internal.Bundles - getClasspathEntries(Bundle=slf4j.api_2.0.16 [592])
2025-02-08 14:28:41,386 [Worker-20: Launching Celebrateit-backend (10)] INFO  o.eclipse.m2e.core.internal.Bundles - 	Entry: D:\sts-4.26.0.RELEASE\plugins\slf4j.api_2.0.16.jar
2025-02-08 14:28:41,386 [Worker-20: Launching Celebrateit-backend (10)] INFO  o.eclipse.m2e.core.internal.Bundles - getClasspathEntries(Bundle=jakarta.inject.jakarta.inject-api_1.0.5 [45])
2025-02-08 14:28:41,387 [Worker-20: Launching Celebrateit-backend (10)] INFO  o.eclipse.m2e.core.internal.Bundles - 	Entry: D:\sts-4.26.0.RELEASE\plugins\jakarta.inject.jakarta.inject-api_1.0.5.jar
2025-02-08 14:28:41,387 [Worker-20: Launching Celebrateit-backend (10)] INFO  o.eclipse.m2e.core.internal.Bundles - getClasspathEntries(Bundle=jakarta.annotation-api_1.3.5 [41])
2025-02-08 14:28:41,387 [Worker-20: Launching Celebrateit-backend (10)] INFO  o.eclipse.m2e.core.internal.Bundles - 	Entry: D:\sts-4.26.0.RELEASE\plugins\jakarta.annotation-api_1.3.5.jar
2025-02-08 14:28:41,387 [Worker-20: Launching Celebrateit-backend (10)] INFO  o.eclipse.m2e.core.internal.Bundles - getClasspathEntries(Bundle=org.apache.commons.cli_1.9.0 [77])
2025-02-08 14:28:41,387 [Worker-20: Launching Celebrateit-backend (10)] INFO  o.eclipse.m2e.core.internal.Bundles - 	Entry: D:\sts-4.26.0.RELEASE\plugins\org.apache.commons.cli_1.9.0.jar
2025-02-08 14:28:41,387 [Worker-20: Launching Celebrateit-backend (10)] INFO  o.eclipse.m2e.core.internal.Bundles - getClasspathEntries(Bundle=org.apache.commons.commons-codec_1.16.0 [80])
2025-02-08 14:28:41,388 [Worker-20: Launching Celebrateit-backend (10)] INFO  o.eclipse.m2e.core.internal.Bundles - 	Entry: D:\sts-4.26.0.RELEASE\plugins\org.apache.commons.commons-codec_1.16.0.jar
2025-02-08 14:28:41,388 [Worker-20: Launching Celebrateit-backend (10)] INFO  o.eclipse.m2e.core.internal.Bundles - getClasspathEntries(Bundle=com.google.guava.failureaccess_1.0.2 [30])
2025-02-08 14:28:41,388 [Worker-20: Launching Celebrateit-backend (10)] INFO  o.eclipse.m2e.core.internal.Bundles - 	Entry: D:\sts-4.26.0.RELEASE\plugins\com.google.guava.failureaccess_1.0.2.jar
2025-02-08 14:28:41,393 [Worker-20: Launching Celebrateit-backend (10)] INFO  o.e.m.i.launch.MavenLaunchDelegate - Run build in "C:\Users\Samruddhi\OneDrive\Desktop\cdac-project\Celebrateit-backend\Celebrateit-backend":
2025-02-08 14:28:41,398 [Worker-20: Launching Celebrateit-backend (10)] INFO  o.e.m.i.launch.MavenLaunchDelegate -  mvn  -B -Dstyle.color=always clean compile
2025-02-08 14:48:14,893 [Worker-30: Building] INFO  o.a.m.s.f.DefaultMavenResourcesFiltering - Copying 1 resource from src\main\resources to target\classes
2025-02-08 14:48:14,905 [Worker-30: Building] INFO  o.a.m.s.f.DefaultMavenResourcesFiltering - Copying 0 resource from src\main\resources to target\classes
2025-02-08 14:48:14,911 [Worker-30: Building] INFO  o.a.m.s.f.DefaultMavenResourcesFiltering - skip non existing resourceDirectory C:\Users\Samruddhi\OneDrive\Desktop\cdac-project\Celebrateit-backend\Celebrateit-backend\src\test\resources
2025-02-08 14:48:37,097 [Worker-30: Building] INFO  o.a.m.s.f.DefaultMavenResourcesFiltering - Copying 1 resource from src\main\resources to target\classes
2025-02-08 14:48:37,103 [Worker-30: Building] INFO  o.a.m.s.f.DefaultMavenResourcesFiltering - Copying 0 resource from src\main\resources to target\classes
2025-02-08 14:48:37,107 [Worker-30: Building] INFO  o.a.m.s.f.DefaultMavenResourcesFiltering - skip non existing resourceDirectory C:\Users\Samruddhi\OneDrive\Desktop\cdac-project\Celebrateit-backend\Celebrateit-backend\src\test\resources
2025-02-08 14:48:49,331 [Worker-28: Building] INFO  o.a.m.s.f.DefaultMavenResourcesFiltering - Copying 1 resource from src\main\resources to target\classes
2025-02-08 14:48:49,344 [Worker-28: Building] INFO  o.a.m.s.f.DefaultMavenResourcesFiltering - Copying 0 resource from src\main\resources to target\classes
2025-02-08 14:48:49,353 [Worker-28: Building] INFO  o.a.m.s.f.DefaultMavenResourcesFiltering - skip non existing resourceDirectory C:\Users\Samruddhi\OneDrive\Desktop\cdac-project\Celebrateit-backend\Celebrateit-backend\src\test\resources
2025-02-08 14:50:35,363 [Worker-12: Launching Celebrateit-backend (10)] INFO  o.eclipse.m2e.core.internal.Bundles - getClasspathEntries(Bundle=org.eclipse.m2e.maven.runtime_3.9.900.20240824-1409 [359])
2025-02-08 14:50:35,364 [Worker-12: Launching Celebrateit-backend (10)] INFO  o.eclipse.m2e.core.internal.Bundles - 	Entry: D:\sts-4.26.0.RELEASE\plugins\org.eclipse.m2e.maven.runtime_3.9.900.20240824-1409
2025-02-08 14:50:35,366 [Worker-12: Launching Celebrateit-backend (10)] INFO  o.eclipse.m2e.core.internal.Bundles - 	Entry: D:\sts-4.26.0.RELEASE\plugins\org.eclipse.m2e.maven.runtime_3.9.900.20240824-1409\jars\aopalliance-1.0.jar
2025-02-08 14:50:35,366 [Worker-12: Launching Celebrateit-backend (10)] INFO  o.eclipse.m2e.core.internal.Bundles - 	Entry: D:\sts-4.26.0.RELEASE\plugins\org.eclipse.m2e.maven.runtime_3.9.900.20240824-1409\jars\guice-5.1.0.jar
2025-02-08 14:50:35,366 [Worker-12: Launching Celebrateit-backend (10)] INFO  o.eclipse.m2e.core.internal.Bundles - 	Entry: D:\sts-4.26.0.RELEASE\plugins\org.eclipse.m2e.maven.runtime_3.9.900.20240824-1409\jars\httpclient-4.5.14.jar
2025-02-08 14:50:35,366 [Worker-12: Launching Celebrateit-backend (10)] INFO  o.eclipse.m2e.core.internal.Bundles - 	Entry: D:\sts-4.26.0.RELEASE\plugins\org.eclipse.m2e.maven.runtime_3.9.900.20240824-1409\jars\httpcore-4.4.16.jar
2025-02-08 14:50:35,366 [Worker-12: Launching Celebrateit-backend (10)] INFO  o.eclipse.m2e.core.internal.Bundles - 	Entry: D:\sts-4.26.0.RELEASE\plugins\org.eclipse.m2e.maven.runtime_3.9.900.20240824-1409\jars\jansi-2.4.1.jar
2025-02-08 14:50:35,367 [Worker-12: Launching Celebrateit-backend (10)] INFO  o.eclipse.m2e.core.internal.Bundles - 	Entry: D:\sts-4.26.0.RELEASE\plugins\org.eclipse.m2e.maven.runtime_3.9.900.20240824-1409\jars\jcl-over-slf4j-1.7.36.jar
2025-02-08 14:50:35,367 [Worker-12: Launching Celebrateit-backend (10)] INFO  o.eclipse.m2e.core.internal.Bundles - 	Entry: D:\sts-4.26.0.RELEASE\plugins\org.eclipse.m2e.maven.runtime_3.9.900.20240824-1409\jars\maven-artifact-3.9.9.jar
2025-02-08 14:50:35,367 [Worker-12: Launching Celebrateit-backend (10)] INFO  o.eclipse.m2e.core.internal.Bundles - 	Entry: D:\sts-4.26.0.RELEASE\plugins\org.eclipse.m2e.maven.runtime_3.9.900.20240824-1409\jars\maven-builder-support-3.9.9.jar
2025-02-08 14:50:35,367 [Worker-12: Launching Celebrateit-backend (10)] INFO  o.eclipse.m2e.core.internal.Bundles - 	Entry: D:\sts-4.26.0.RELEASE\plugins\org.eclipse.m2e.maven.runtime_3.9.900.20240824-1409\jars\maven-compat-3.9.9.jar
2025-02-08 14:50:35,367 [Worker-12: Launching Celebrateit-backend (10)] INFO  o.eclipse.m2e.core.internal.Bundles - 	Entry: D:\sts-4.26.0.RELEASE\plugins\org.eclipse.m2e.maven.runtime_3.9.900.20240824-1409\jars\maven-core-3.9.9.jar
2025-02-08 14:50:35,368 [Worker-12: Launching Celebrateit-backend (10)] INFO  o.eclipse.m2e.core.internal.Bundles - 	Entry: D:\sts-4.26.0.RELEASE\plugins\org.eclipse.m2e.maven.runtime_3.9.900.20240824-1409\jars\maven-embedder-3.9.9.jar
2025-02-08 14:50:35,368 [Worker-12: Launching Celebrateit-backend (10)] INFO  o.eclipse.m2e.core.internal.Bundles - 	Entry: D:\sts-4.26.0.RELEASE\plugins\org.eclipse.m2e.maven.runtime_3.9.900.20240824-1409\jars\maven-model-3.9.9.jar
2025-02-08 14:50:35,368 [Worker-12: Launching Celebrateit-backend (10)] INFO  o.eclipse.m2e.core.internal.Bundles - 	Entry: D:\sts-4.26.0.RELEASE\plugins\org.eclipse.m2e.maven.runtime_3.9.900.20240824-1409\jars\maven-model-builder-3.9.9.jar
2025-02-08 14:50:35,368 [Worker-12: Launching Celebrateit-backend (10)] INFO  o.eclipse.m2e.core.internal.Bundles - 	Entry: D:\sts-4.26.0.RELEASE\plugins\org.eclipse.m2e.maven.runtime_3.9.900.20240824-1409\jars\maven-plugin-api-3.9.9.jar
2025-02-08 14:50:35,368 [Worker-12: Launching Celebrateit-backend (10)] INFO  o.eclipse.m2e.core.internal.Bundles - 	Entry: D:\sts-4.26.0.RELEASE\plugins\org.eclipse.m2e.maven.runtime_3.9.900.20240824-1409\jars\maven-repository-metadata-3.9.9.jar
2025-02-08 14:50:35,368 [Worker-12: Launching Celebrateit-backend (10)] INFO  o.eclipse.m2e.core.internal.Bundles - 	Entry: D:\sts-4.26.0.RELEASE\plugins\org.eclipse.m2e.maven.runtime_3.9.900.20240824-1409\jars\maven-resolver-api-1.9.22.jar
2025-02-08 14:50:35,369 [Worker-12: Launching Celebrateit-backend (10)] INFO  o.eclipse.m2e.core.internal.Bundles - 	Entry: D:\sts-4.26.0.RELEASE\plugins\org.eclipse.m2e.maven.runtime_3.9.900.20240824-1409\jars\maven-resolver-connector-basic-1.9.22.jar
2025-02-08 14:50:35,369 [Worker-12: Launching Celebrateit-backend (10)] INFO  o.eclipse.m2e.core.internal.Bundles - 	Entry: D:\sts-4.26.0.RELEASE\plugins\org.eclipse.m2e.maven.runtime_3.9.900.20240824-1409\jars\maven-resolver-impl-1.9.22.jar
2025-02-08 14:50:35,369 [Worker-12: Launching Celebrateit-backend (10)] INFO  o.eclipse.m2e.core.internal.Bundles - 	Entry: D:\sts-4.26.0.RELEASE\plugins\org.eclipse.m2e.maven.runtime_3.9.900.20240824-1409\jars\maven-resolver-named-locks-1.9.22.jar
2025-02-08 14:50:35,369 [Worker-12: Launching Celebrateit-backend (10)] INFO  o.eclipse.m2e.core.internal.Bundles - 	Entry: D:\sts-4.26.0.RELEASE\plugins\org.eclipse.m2e.maven.runtime_3.9.900.20240824-1409\jars\maven-resolver-provider-3.9.9.jar
2025-02-08 14:50:35,369 [Worker-12: Launching Celebrateit-backend (10)] INFO  o.eclipse.m2e.core.internal.Bundles - 	Entry: D:\sts-4.26.0.RELEASE\plugins\org.eclipse.m2e.maven.runtime_3.9.900.20240824-1409\jars\maven-resolver-spi-1.9.22.jar
2025-02-08 14:50:35,370 [Worker-12: Launching Celebrateit-backend (10)] INFO  o.eclipse.m2e.core.internal.Bundles - 	Entry: D:\sts-4.26.0.RELEASE\plugins\org.eclipse.m2e.maven.runtime_3.9.900.20240824-1409\jars\maven-resolver-transport-file-1.9.22.jar
2025-02-08 14:50:35,370 [Worker-12: Launching Celebrateit-backend (10)] INFO  o.eclipse.m2e.core.internal.Bundles - 	Entry: D:\sts-4.26.0.RELEASE\plugins\org.eclipse.m2e.maven.runtime_3.9.900.20240824-1409\jars\maven-resolver-transport-http-1.9.22.jar
2025-02-08 14:50:35,370 [Worker-12: Launching Celebrateit-backend (10)] INFO  o.eclipse.m2e.core.internal.Bundles - 	Entry: D:\sts-4.26.0.RELEASE\plugins\org.eclipse.m2e.maven.runtime_3.9.900.20240824-1409\jars\maven-resolver-transport-wagon-1.9.22.jar
2025-02-08 14:50:35,370 [Worker-12: Launching Celebrateit-backend (10)] INFO  o.eclipse.m2e.core.internal.Bundles - 	Entry: D:\sts-4.26.0.RELEASE\plugins\org.eclipse.m2e.maven.runtime_3.9.900.20240824-1409\jars\maven-resolver-util-1.9.22.jar
2025-02-08 14:50:35,370 [Worker-12: Launching Celebrateit-backend (10)] INFO  o.eclipse.m2e.core.internal.Bundles - 	Entry: D:\sts-4.26.0.RELEASE\plugins\org.eclipse.m2e.maven.runtime_3.9.900.20240824-1409\jars\maven-settings-3.9.9.jar
2025-02-08 14:50:35,370 [Worker-12: Launching Celebrateit-backend (10)] INFO  o.eclipse.m2e.core.internal.Bundles - 	Entry: D:\sts-4.26.0.RELEASE\plugins\org.eclipse.m2e.maven.runtime_3.9.900.20240824-1409\jars\maven-settings-builder-3.9.9.jar
2025-02-08 14:50:35,370 [Worker-12: Launching Celebrateit-backend (10)] INFO  o.eclipse.m2e.core.internal.Bundles - 	Entry: D:\sts-4.26.0.RELEASE\plugins\org.eclipse.m2e.maven.runtime_3.9.900.20240824-1409\jars\maven-shared-utils-3.4.2.jar
2025-02-08 14:50:35,370 [Worker-12: Launching Celebrateit-backend (10)] INFO  o.eclipse.m2e.core.internal.Bundles - 	Entry: D:\sts-4.26.0.RELEASE\plugins\org.eclipse.m2e.maven.runtime_3.9.900.20240824-1409\jars\org.eclipse.sisu.inject-0.9.0.M3.jar
2025-02-08 14:50:35,370 [Worker-12: Launching Celebrateit-backend (10)] INFO  o.eclipse.m2e.core.internal.Bundles - 	Entry: D:\sts-4.26.0.RELEASE\plugins\org.eclipse.m2e.maven.runtime_3.9.900.20240824-1409\jars\org.eclipse.sisu.plexus-0.9.0.M3.jar
2025-02-08 14:50:35,370 [Worker-12: Launching Celebrateit-backend (10)] INFO  o.eclipse.m2e.core.internal.Bundles - 	Entry: D:\sts-4.26.0.RELEASE\plugins\org.eclipse.m2e.maven.runtime_3.9.900.20240824-1409\jars\plexus-build-api-0.0.7.jar
2025-02-08 14:50:35,370 [Worker-12: Launching Celebrateit-backend (10)] INFO  o.eclipse.m2e.core.internal.Bundles - 	Entry: D:\sts-4.26.0.RELEASE\plugins\org.eclipse.m2e.maven.runtime_3.9.900.20240824-1409\jars\plexus-build-api-1.2.0.jar
2025-02-08 14:50:35,370 [Worker-12: Launching Celebrateit-backend (10)] INFO  o.eclipse.m2e.core.internal.Bundles - 	Entry: D:\sts-4.26.0.RELEASE\plugins\org.eclipse.m2e.maven.runtime_3.9.900.20240824-1409\jars\plexus-cipher-2.0.jar
2025-02-08 14:50:35,370 [Worker-12: Launching Celebrateit-backend (10)] INFO  o.eclipse.m2e.core.internal.Bundles - 	Entry: D:\sts-4.26.0.RELEASE\plugins\org.eclipse.m2e.maven.runtime_3.9.900.20240824-1409\jars\plexus-classworlds-2.8.0.jar
2025-02-08 14:50:35,370 [Worker-12: Launching Celebrateit-backend (10)] INFO  o.eclipse.m2e.core.internal.Bundles - 	Entry: D:\sts-4.26.0.RELEASE\plugins\org.eclipse.m2e.maven.runtime_3.9.900.20240824-1409\jars\plexus-component-annotations-2.1.0.jar
2025-02-08 14:50:35,370 [Worker-12: Launching Celebrateit-backend (10)] INFO  o.eclipse.m2e.core.internal.Bundles - 	Entry: D:\sts-4.26.0.RELEASE\plugins\org.eclipse.m2e.maven.runtime_3.9.900.20240824-1409\jars\plexus-interpolation-1.27.jar
2025-02-08 14:50:35,370 [Worker-12: Launching Celebrateit-backend (10)] INFO  o.eclipse.m2e.core.internal.Bundles - 	Entry: D:\sts-4.26.0.RELEASE\plugins\org.eclipse.m2e.maven.runtime_3.9.900.20240824-1409\jars\plexus-sec-dispatcher-2.0.jar
2025-02-08 14:50:35,371 [Worker-12: Launching Celebrateit-backend (10)] INFO  o.eclipse.m2e.core.internal.Bundles - 	Entry: D:\sts-4.26.0.RELEASE\plugins\org.eclipse.m2e.maven.runtime_3.9.900.20240824-1409\jars\plexus-utils-3.5.1.jar
2025-02-08 14:50:35,371 [Worker-12: Launching Celebrateit-backend (10)] INFO  o.eclipse.m2e.core.internal.Bundles - 	Entry: D:\sts-4.26.0.RELEASE\plugins\org.eclipse.m2e.maven.runtime_3.9.900.20240824-1409\jars\plexus-xml-3.0.1.jar
2025-02-08 14:50:35,371 [Worker-12: Launching Celebrateit-backend (10)] INFO  o.eclipse.m2e.core.internal.Bundles - 	Entry: D:\sts-4.26.0.RELEASE\plugins\org.eclipse.m2e.maven.runtime_3.9.900.20240824-1409\jars\wagon-file-3.5.3.jar
2025-02-08 14:50:35,372 [Worker-12: Launching Celebrateit-backend (10)] INFO  o.eclipse.m2e.core.internal.Bundles - 	Entry: D:\sts-4.26.0.RELEASE\plugins\org.eclipse.m2e.maven.runtime_3.9.900.20240824-1409\jars\wagon-http-3.5.3.jar
2025-02-08 14:50:35,372 [Worker-12: Launching Celebrateit-backend (10)] INFO  o.eclipse.m2e.core.internal.Bundles - 	Entry: D:\sts-4.26.0.RELEASE\plugins\org.eclipse.m2e.maven.runtime_3.9.900.20240824-1409\jars\wagon-http-shared-3.5.3.jar
2025-02-08 14:50:35,373 [Worker-12: Launching Celebrateit-backend (10)] INFO  o.eclipse.m2e.core.internal.Bundles - 	Entry: D:\sts-4.26.0.RELEASE\plugins\org.eclipse.m2e.maven.runtime_3.9.900.20240824-1409\jars\wagon-provider-api-3.5.3.jar
2025-02-08 14:50:35,373 [Worker-12: Launching Celebrateit-backend (10)] INFO  o.eclipse.m2e.core.internal.Bundles - getClasspathEntries(Bundle=com.google.guava_33.3.0.jre [29])
2025-02-08 14:50:35,374 [Worker-12: Launching Celebrateit-backend (10)] INFO  o.eclipse.m2e.core.internal.Bundles - 	Entry: D:\sts-4.26.0.RELEASE\plugins\com.google.guava_33.3.0.jre.jar
2025-02-08 14:50:35,374 [Worker-12: Launching Celebrateit-backend (10)] INFO  o.eclipse.m2e.core.internal.Bundles - getClasspathEntries(Bundle=slf4j.api_2.0.16 [592])
2025-02-08 14:50:35,374 [Worker-12: Launching Celebrateit-backend (10)] INFO  o.eclipse.m2e.core.internal.Bundles - 	Entry: D:\sts-4.26.0.RELEASE\plugins\slf4j.api_2.0.16.jar
2025-02-08 14:50:35,374 [Worker-12: Launching Celebrateit-backend (10)] INFO  o.eclipse.m2e.core.internal.Bundles - getClasspathEntries(Bundle=jakarta.inject.jakarta.inject-api_1.0.5 [45])
2025-02-08 14:50:35,375 [Worker-12: Launching Celebrateit-backend (10)] INFO  o.eclipse.m2e.core.internal.Bundles - 	Entry: D:\sts-4.26.0.RELEASE\plugins\jakarta.inject.jakarta.inject-api_1.0.5.jar
2025-02-08 14:50:35,375 [Worker-12: Launching Celebrateit-backend (10)] INFO  o.eclipse.m2e.core.internal.Bundles - getClasspathEntries(Bundle=jakarta.annotation-api_1.3.5 [41])
2025-02-08 14:50:35,375 [Worker-12: Launching Celebrateit-backend (10)] INFO  o.eclipse.m2e.core.internal.Bundles - 	Entry: D:\sts-4.26.0.RELEASE\plugins\jakarta.annotation-api_1.3.5.jar
2025-02-08 14:50:35,376 [Worker-12: Launching Celebrateit-backend (10)] INFO  o.eclipse.m2e.core.internal.Bundles - getClasspathEntries(Bundle=org.apache.commons.cli_1.9.0 [77])
2025-02-08 14:50:35,376 [Worker-12: Launching Celebrateit-backend (10)] INFO  o.eclipse.m2e.core.internal.Bundles - 	Entry: D:\sts-4.26.0.RELEASE\plugins\org.apache.commons.cli_1.9.0.jar
2025-02-08 14:50:35,376 [Worker-12: Launching Celebrateit-backend (10)] INFO  o.eclipse.m2e.core.internal.Bundles - getClasspathEntries(Bundle=org.apache.commons.commons-codec_1.16.0 [80])
2025-02-08 14:50:35,376 [Worker-12: Launching Celebrateit-backend (10)] INFO  o.eclipse.m2e.core.internal.Bundles - 	Entry: D:\sts-4.26.0.RELEASE\plugins\org.apache.commons.commons-codec_1.16.0.jar
2025-02-08 14:50:35,376 [Worker-12: Launching Celebrateit-backend (10)] INFO  o.eclipse.m2e.core.internal.Bundles - getClasspathEntries(Bundle=com.google.guava.failureaccess_1.0.2 [30])
2025-02-08 14:50:35,376 [Worker-12: Launching Celebrateit-backend (10)] INFO  o.eclipse.m2e.core.internal.Bundles - 	Entry: D:\sts-4.26.0.RELEASE\plugins\com.google.guava.failureaccess_1.0.2.jar
2025-02-08 14:50:35,381 [Worker-12: Launching Celebrateit-backend (10)] INFO  o.e.m.i.launch.MavenLaunchDelegate - Run build in "C:\Users\Samruddhi\OneDrive\Desktop\cdac-project\Celebrateit-backend\Celebrateit-backend":
2025-02-08 14:50:35,382 [Worker-12: Launching Celebrateit-backend (10)] INFO  o.e.m.i.launch.MavenLaunchDelegate -  mvn  -B -Dstyle.color=always clean compile
2025-02-08 23:57:38,879 [Worker-4: Loading available Gradle versions] INFO  o.e.b.c.i.u.g.PublishedGradleVersions - Gradle version information cache is up-to-date. Trying to read.
2025-02-09 00:42:35,302 [Worker-20: Building] INFO  o.a.m.s.f.DefaultMavenResourcesFiltering - Copying 1 resource from src\main\resources to target\classes
2025-02-09 00:42:35,330 [Worker-20: Building] INFO  o.a.m.s.f.DefaultMavenResourcesFiltering - Copying 0 resource from src\main\resources to target\classes
2025-02-09 00:42:35,336 [Worker-20: Building] INFO  o.a.m.s.f.DefaultMavenResourcesFiltering - skip non existing resourceDirectory C:\Users\Samruddhi\OneDrive\Desktop\cdac-project\Celebrateit-backend\Celebrateit-backend\src\test\resources
2025-02-09 00:47:33,182 [Worker-17: Building] INFO  o.a.m.s.f.DefaultMavenResourcesFiltering - Copying 1 resource from src\main\resources to target\classes
2025-02-09 00:47:33,186 [Worker-17: Building] INFO  o.a.m.s.f.DefaultMavenResourcesFiltering - Copying 0 resource from src\main\resources to target\classes
2025-02-09 00:47:33,188 [Worker-17: Building] INFO  o.a.m.s.f.DefaultMavenResourcesFiltering - skip non existing resourceDirectory C:\Users\Samruddhi\OneDrive\Desktop\cdac-project\Celebrateit-backend\Celebrateit-backend\src\test\resources
2025-02-09 00:52:26,819 [Worker-17: Building] INFO  o.a.m.s.f.DefaultMavenResourcesFiltering - Copying 1 resource from src\main\resources to target\classes
2025-02-09 00:52:26,824 [Worker-17: Building] INFO  o.a.m.s.f.DefaultMavenResourcesFiltering - Copying 0 resource from src\main\resources to target\classes
2025-02-09 00:52:26,828 [Worker-17: Building] INFO  o.a.m.s.f.DefaultMavenResourcesFiltering - skip non existing resourceDirectory C:\Users\Samruddhi\OneDrive\Desktop\cdac-project\Celebrateit-backend\Celebrateit-backend\src\test\resources
2025-02-09 00:53:09,234 [Worker-19: Building] INFO  o.a.m.s.f.DefaultMavenResourcesFiltering - Copying 1 resource from src\main\resources to target\classes
2025-02-09 00:53:09,239 [Worker-19: Building] INFO  o.a.m.s.f.DefaultMavenResourcesFiltering - Copying 0 resource from src\main\resources to target\classes
2025-02-09 00:53:09,242 [Worker-19: Building] INFO  o.a.m.s.f.DefaultMavenResourcesFiltering - skip non existing resourceDirectory C:\Users\Samruddhi\OneDrive\Desktop\cdac-project\Celebrateit-backend\Celebrateit-backend\src\test\resources
2025-02-09 00:53:30,938 [Worker-3: Building] INFO  o.a.m.s.f.DefaultMavenResourcesFiltering - Copying 1 resource from src\main\resources to target\classes
2025-02-09 00:53:30,948 [Worker-3: Building] INFO  o.a.m.s.f.DefaultMavenResourcesFiltering - Copying 0 resource from src\main\resources to target\classes
2025-02-09 00:53:30,955 [Worker-3: Building] INFO  o.a.m.s.f.DefaultMavenResourcesFiltering - skip non existing resourceDirectory C:\Users\Samruddhi\OneDrive\Desktop\cdac-project\Celebrateit-backend\Celebrateit-backend\src\test\resources
2025-02-09 00:54:00,098 [Worker-19: Building] INFO  o.a.m.s.f.DefaultMavenResourcesFiltering - Copying 1 resource from src\main\resources to target\classes
2025-02-09 00:54:00,102 [Worker-19: Building] INFO  o.a.m.s.f.DefaultMavenResourcesFiltering - Copying 0 resource from src\main\resources to target\classes
2025-02-09 00:54:00,105 [Worker-19: Building] INFO  o.a.m.s.f.DefaultMavenResourcesFiltering - skip non existing resourceDirectory C:\Users\Samruddhi\OneDrive\Desktop\cdac-project\Celebrateit-backend\Celebrateit-backend\src\test\resources
2025-02-09 00:55:17,903 [Worker-22: Building] INFO  o.a.m.s.f.DefaultMavenResourcesFiltering - Copying 1 resource from src\main\resources to target\classes
2025-02-09 00:55:17,909 [Worker-22: Building] INFO  o.a.m.s.f.DefaultMavenResourcesFiltering - Copying 0 resource from src\main\resources to target\classes
2025-02-09 00:55:17,914 [Worker-22: Building] INFO  o.a.m.s.f.DefaultMavenResourcesFiltering - skip non existing resourceDirectory C:\Users\Samruddhi\OneDrive\Desktop\cdac-project\Celebrateit-backend\Celebrateit-backend\src\test\resources
2025-02-09 00:56:00,414 [Worker-21: Building] INFO  o.a.m.s.f.DefaultMavenResourcesFiltering - Copying 1 resource from src\main\resources to target\classes
2025-02-09 00:56:00,416 [Worker-21: Building] INFO  o.a.m.s.f.DefaultMavenResourcesFiltering - Copying 0 resource from src\main\resources to target\classes
2025-02-09 00:56:00,420 [Worker-21: Building] INFO  o.a.m.s.f.DefaultMavenResourcesFiltering - skip non existing resourceDirectory C:\Users\Samruddhi\OneDrive\Desktop\cdac-project\Celebrateit-backend\Celebrateit-backend\src\test\resources
2025-02-09 00:56:19,865 [Worker-19: Building] INFO  o.a.m.s.f.DefaultMavenResourcesFiltering - Copying 1 resource from src\main\resources to target\classes
2025-02-09 00:56:19,875 [Worker-19: Building] INFO  o.a.m.s.f.DefaultMavenResourcesFiltering - Copying 0 resource from src\main\resources to target\classes
2025-02-09 00:56:19,878 [Worker-19: Building] INFO  o.a.m.s.f.DefaultMavenResourcesFiltering - skip non existing resourceDirectory C:\Users\Samruddhi\OneDrive\Desktop\cdac-project\Celebrateit-backend\Celebrateit-backend\src\test\resources
2025-02-09 00:57:36,896 [Worker-21: Building] INFO  o.a.m.s.f.DefaultMavenResourcesFiltering - Copying 1 resource from src\main\resources to target\classes
2025-02-09 00:57:36,901 [Worker-21: Building] INFO  o.a.m.s.f.DefaultMavenResourcesFiltering - Copying 0 resource from src\main\resources to target\classes
2025-02-09 00:57:36,903 [Worker-21: Building] INFO  o.a.m.s.f.DefaultMavenResourcesFiltering - skip non existing resourceDirectory C:\Users\Samruddhi\OneDrive\Desktop\cdac-project\Celebrateit-backend\Celebrateit-backend\src\test\resources
2025-02-09 01:01:56,235 [Worker-21: Launching Celebrateit-backend - CelebrateItApplication] INFO  o.a.m.s.f.DefaultMavenResourcesFiltering - Copying 1 resource from src\main\resources to target\classes
2025-02-09 01:01:56,239 [Worker-21: Launching Celebrateit-backend - CelebrateItApplication] INFO  o.a.m.s.f.DefaultMavenResourcesFiltering - Copying 0 resource from src\main\resources to target\classes
2025-02-09 01:01:56,242 [Worker-21: Launching Celebrateit-backend - CelebrateItApplication] INFO  o.a.m.s.f.DefaultMavenResourcesFiltering - skip non existing resourceDirectory C:\Users\Samruddhi\OneDrive\Desktop\cdac-project\Celebrateit-backend\Celebrateit-backend\src\test\resources
2025-02-09 01:06:05,687 [Worker-20: Building] INFO  o.a.m.s.f.DefaultMavenResourcesFiltering - Copying 1 resource from src\main\resources to target\classes
2025-02-09 01:06:05,693 [Worker-20: Building] INFO  o.a.m.s.f.DefaultMavenResourcesFiltering - Copying 0 resource from src\main\resources to target\classes
2025-02-09 01:06:05,695 [Worker-20: Building] INFO  o.a.m.s.f.DefaultMavenResourcesFiltering - skip non existing resourceDirectory C:\Users\Samruddhi\OneDrive\Desktop\cdac-project\Celebrateit-backend\Celebrateit-backend\src\test\resources
2025-02-09 01:06:23,653 [Worker-25: Building] INFO  o.a.m.s.f.DefaultMavenResourcesFiltering - Copying 1 resource from src\main\resources to target\classes
2025-02-09 01:06:23,657 [Worker-25: Building] INFO  o.a.m.s.f.DefaultMavenResourcesFiltering - Copying 0 resource from src\main\resources to target\classes
2025-02-09 01:06:23,660 [Worker-25: Building] INFO  o.a.m.s.f.DefaultMavenResourcesFiltering - skip non existing resourceDirectory C:\Users\Samruddhi\OneDrive\Desktop\cdac-project\Celebrateit-backend\Celebrateit-backend\src\test\resources
2025-02-09 01:06:43,236 [Worker-21: Building] INFO  o.a.m.s.f.DefaultMavenResourcesFiltering - Copying 1 resource from src\main\resources to target\classes
2025-02-09 01:06:43,239 [Worker-21: Building] INFO  o.a.m.s.f.DefaultMavenResourcesFiltering - Copying 0 resource from src\main\resources to target\classes
2025-02-09 01:06:43,241 [Worker-21: Building] INFO  o.a.m.s.f.DefaultMavenResourcesFiltering - skip non existing resourceDirectory C:\Users\Samruddhi\OneDrive\Desktop\cdac-project\Celebrateit-backend\Celebrateit-backend\src\test\resources
2025-02-09 01:08:04,939 [Worker-20: Launching Celebrateit-backend (9)] INFO  o.eclipse.m2e.core.internal.Bundles - getClasspathEntries(Bundle=org.eclipse.m2e.maven.runtime_3.9.900.20240824-1409 [359])
2025-02-09 01:08:04,942 [Worker-20: Launching Celebrateit-backend (9)] INFO  o.eclipse.m2e.core.internal.Bundles - 	Entry: D:\sts-4.26.0.RELEASE\plugins\org.eclipse.m2e.maven.runtime_3.9.900.20240824-1409
2025-02-09 01:08:04,943 [Worker-20: Launching Celebrateit-backend (9)] INFO  o.eclipse.m2e.core.internal.Bundles - 	Entry: D:\sts-4.26.0.RELEASE\plugins\org.eclipse.m2e.maven.runtime_3.9.900.20240824-1409\jars\aopalliance-1.0.jar
2025-02-09 01:08:04,943 [Worker-20: Launching Celebrateit-backend (9)] INFO  o.eclipse.m2e.core.internal.Bundles - 	Entry: D:\sts-4.26.0.RELEASE\plugins\org.eclipse.m2e.maven.runtime_3.9.900.20240824-1409\jars\guice-5.1.0.jar
2025-02-09 01:08:04,943 [Worker-20: Launching Celebrateit-backend (9)] INFO  o.eclipse.m2e.core.internal.Bundles - 	Entry: D:\sts-4.26.0.RELEASE\plugins\org.eclipse.m2e.maven.runtime_3.9.900.20240824-1409\jars\httpclient-4.5.14.jar
2025-02-09 01:08:04,943 [Worker-20: Launching Celebrateit-backend (9)] INFO  o.eclipse.m2e.core.internal.Bundles - 	Entry: D:\sts-4.26.0.RELEASE\plugins\org.eclipse.m2e.maven.runtime_3.9.900.20240824-1409\jars\httpcore-4.4.16.jar
2025-02-09 01:08:04,943 [Worker-20: Launching Celebrateit-backend (9)] INFO  o.eclipse.m2e.core.internal.Bundles - 	Entry: D:\sts-4.26.0.RELEASE\plugins\org.eclipse.m2e.maven.runtime_3.9.900.20240824-1409\jars\jansi-2.4.1.jar
2025-02-09 01:08:04,943 [Worker-20: Launching Celebrateit-backend (9)] INFO  o.eclipse.m2e.core.internal.Bundles - 	Entry: D:\sts-4.26.0.RELEASE\plugins\org.eclipse.m2e.maven.runtime_3.9.900.20240824-1409\jars\jcl-over-slf4j-1.7.36.jar
2025-02-09 01:08:04,943 [Worker-20: Launching Celebrateit-backend (9)] INFO  o.eclipse.m2e.core.internal.Bundles - 	Entry: D:\sts-4.26.0.RELEASE\plugins\org.eclipse.m2e.maven.runtime_3.9.900.20240824-1409\jars\maven-artifact-3.9.9.jar
2025-02-09 01:08:04,943 [Worker-20: Launching Celebrateit-backend (9)] INFO  o.eclipse.m2e.core.internal.Bundles - 	Entry: D:\sts-4.26.0.RELEASE\plugins\org.eclipse.m2e.maven.runtime_3.9.900.20240824-1409\jars\maven-builder-support-3.9.9.jar
2025-02-09 01:08:04,943 [Worker-20: Launching Celebrateit-backend (9)] INFO  o.eclipse.m2e.core.internal.Bundles - 	Entry: D:\sts-4.26.0.RELEASE\plugins\org.eclipse.m2e.maven.runtime_3.9.900.20240824-1409\jars\maven-compat-3.9.9.jar
2025-02-09 01:08:04,943 [Worker-20: Launching Celebrateit-backend (9)] INFO  o.eclipse.m2e.core.internal.Bundles - 	Entry: D:\sts-4.26.0.RELEASE\plugins\org.eclipse.m2e.maven.runtime_3.9.900.20240824-1409\jars\maven-core-3.9.9.jar
2025-02-09 01:08:04,943 [Worker-20: Launching Celebrateit-backend (9)] INFO  o.eclipse.m2e.core.internal.Bundles - 	Entry: D:\sts-4.26.0.RELEASE\plugins\org.eclipse.m2e.maven.runtime_3.9.900.20240824-1409\jars\maven-embedder-3.9.9.jar
2025-02-09 01:08:04,943 [Worker-20: Launching Celebrateit-backend (9)] INFO  o.eclipse.m2e.core.internal.Bundles - 	Entry: D:\sts-4.26.0.RELEASE\plugins\org.eclipse.m2e.maven.runtime_3.9.900.20240824-1409\jars\maven-model-3.9.9.jar
2025-02-09 01:08:04,943 [Worker-20: Launching Celebrateit-backend (9)] INFO  o.eclipse.m2e.core.internal.Bundles - 	Entry: D:\sts-4.26.0.RELEASE\plugins\org.eclipse.m2e.maven.runtime_3.9.900.20240824-1409\jars\maven-model-builder-3.9.9.jar
2025-02-09 01:08:04,943 [Worker-20: Launching Celebrateit-backend (9)] INFO  o.eclipse.m2e.core.internal.Bundles - 	Entry: D:\sts-4.26.0.RELEASE\plugins\org.eclipse.m2e.maven.runtime_3.9.900.20240824-1409\jars\maven-plugin-api-3.9.9.jar
2025-02-09 01:08:04,943 [Worker-20: Launching Celebrateit-backend (9)] INFO  o.eclipse.m2e.core.internal.Bundles - 	Entry: D:\sts-4.26.0.RELEASE\plugins\org.eclipse.m2e.maven.runtime_3.9.900.20240824-1409\jars\maven-repository-metadata-3.9.9.jar
2025-02-09 01:08:04,944 [Worker-20: Launching Celebrateit-backend (9)] INFO  o.eclipse.m2e.core.internal.Bundles - 	Entry: D:\sts-4.26.0.RELEASE\plugins\org.eclipse.m2e.maven.runtime_3.9.900.20240824-1409\jars\maven-resolver-api-1.9.22.jar
2025-02-09 01:08:04,944 [Worker-20: Launching Celebrateit-backend (9)] INFO  o.eclipse.m2e.core.internal.Bundles - 	Entry: D:\sts-4.26.0.RELEASE\plugins\org.eclipse.m2e.maven.runtime_3.9.900.20240824-1409\jars\maven-resolver-connector-basic-1.9.22.jar
2025-02-09 01:08:04,944 [Worker-20: Launching Celebrateit-backend (9)] INFO  o.eclipse.m2e.core.internal.Bundles - 	Entry: D:\sts-4.26.0.RELEASE\plugins\org.eclipse.m2e.maven.runtime_3.9.900.20240824-1409\jars\maven-resolver-impl-1.9.22.jar
2025-02-09 01:08:04,944 [Worker-20: Launching Celebrateit-backend (9)] INFO  o.eclipse.m2e.core.internal.Bundles - 	Entry: D:\sts-4.26.0.RELEASE\plugins\org.eclipse.m2e.maven.runtime_3.9.900.20240824-1409\jars\maven-resolver-named-locks-1.9.22.jar
2025-02-09 01:08:04,944 [Worker-20: Launching Celebrateit-backend (9)] INFO  o.eclipse.m2e.core.internal.Bundles - 	Entry: D:\sts-4.26.0.RELEASE\plugins\org.eclipse.m2e.maven.runtime_3.9.900.20240824-1409\jars\maven-resolver-provider-3.9.9.jar
2025-02-09 01:08:04,944 [Worker-20: Launching Celebrateit-backend (9)] INFO  o.eclipse.m2e.core.internal.Bundles - 	Entry: D:\sts-4.26.0.RELEASE\plugins\org.eclipse.m2e.maven.runtime_3.9.900.20240824-1409\jars\maven-resolver-spi-1.9.22.jar
2025-02-09 01:08:04,944 [Worker-20: Launching Celebrateit-backend (9)] INFO  o.eclipse.m2e.core.internal.Bundles - 	Entry: D:\sts-4.26.0.RELEASE\plugins\org.eclipse.m2e.maven.runtime_3.9.900.20240824-1409\jars\maven-resolver-transport-file-1.9.22.jar
2025-02-09 01:08:04,944 [Worker-20: Launching Celebrateit-backend (9)] INFO  o.eclipse.m2e.core.internal.Bundles - 	Entry: D:\sts-4.26.0.RELEASE\plugins\org.eclipse.m2e.maven.runtime_3.9.900.20240824-1409\jars\maven-resolver-transport-http-1.9.22.jar
2025-02-09 01:08:04,944 [Worker-20: Launching Celebrateit-backend (9)] INFO  o.eclipse.m2e.core.internal.Bundles - 	Entry: D:\sts-4.26.0.RELEASE\plugins\org.eclipse.m2e.maven.runtime_3.9.900.20240824-1409\jars\maven-resolver-transport-wagon-1.9.22.jar
2025-02-09 01:08:04,944 [Worker-20: Launching Celebrateit-backend (9)] INFO  o.eclipse.m2e.core.internal.Bundles - 	Entry: D:\sts-4.26.0.RELEASE\plugins\org.eclipse.m2e.maven.runtime_3.9.900.20240824-1409\jars\maven-resolver-util-1.9.22.jar
2025-02-09 01:08:04,944 [Worker-20: Launching Celebrateit-backend (9)] INFO  o.eclipse.m2e.core.internal.Bundles - 	Entry: D:\sts-4.26.0.RELEASE\plugins\org.eclipse.m2e.maven.runtime_3.9.900.20240824-1409\jars\maven-settings-3.9.9.jar
2025-02-09 01:08:04,944 [Worker-20: Launching Celebrateit-backend (9)] INFO  o.eclipse.m2e.core.internal.Bundles - 	Entry: D:\sts-4.26.0.RELEASE\plugins\org.eclipse.m2e.maven.runtime_3.9.900.20240824-1409\jars\maven-settings-builder-3.9.9.jar
2025-02-09 01:08:04,944 [Worker-20: Launching Celebrateit-backend (9)] INFO  o.eclipse.m2e.core.internal.Bundles - 	Entry: D:\sts-4.26.0.RELEASE\plugins\org.eclipse.m2e.maven.runtime_3.9.900.20240824-1409\jars\maven-shared-utils-3.4.2.jar
2025-02-09 01:08:04,944 [Worker-20: Launching Celebrateit-backend (9)] INFO  o.eclipse.m2e.core.internal.Bundles - 	Entry: D:\sts-4.26.0.RELEASE\plugins\org.eclipse.m2e.maven.runtime_3.9.900.20240824-1409\jars\org.eclipse.sisu.inject-0.9.0.M3.jar
2025-02-09 01:08:04,944 [Worker-20: Launching Celebrateit-backend (9)] INFO  o.eclipse.m2e.core.internal.Bundles - 	Entry: D:\sts-4.26.0.RELEASE\plugins\org.eclipse.m2e.maven.runtime_3.9.900.20240824-1409\jars\org.eclipse.sisu.plexus-0.9.0.M3.jar
2025-02-09 01:08:04,944 [Worker-20: Launching Celebrateit-backend (9)] INFO  o.eclipse.m2e.core.internal.Bundles - 	Entry: D:\sts-4.26.0.RELEASE\plugins\org.eclipse.m2e.maven.runtime_3.9.900.20240824-1409\jars\plexus-build-api-0.0.7.jar
2025-02-09 01:08:04,944 [Worker-20: Launching Celebrateit-backend (9)] INFO  o.eclipse.m2e.core.internal.Bundles - 	Entry: D:\sts-4.26.0.RELEASE\plugins\org.eclipse.m2e.maven.runtime_3.9.900.20240824-1409\jars\plexus-build-api-1.2.0.jar
2025-02-09 01:08:04,944 [Worker-20: Launching Celebrateit-backend (9)] INFO  o.eclipse.m2e.core.internal.Bundles - 	Entry: D:\sts-4.26.0.RELEASE\plugins\org.eclipse.m2e.maven.runtime_3.9.900.20240824-1409\jars\plexus-cipher-2.0.jar
2025-02-09 01:08:04,944 [Worker-20: Launching Celebrateit-backend (9)] INFO  o.eclipse.m2e.core.internal.Bundles - 	Entry: D:\sts-4.26.0.RELEASE\plugins\org.eclipse.m2e.maven.runtime_3.9.900.20240824-1409\jars\plexus-classworlds-2.8.0.jar
2025-02-09 01:08:04,945 [Worker-20: Launching Celebrateit-backend (9)] INFO  o.eclipse.m2e.core.internal.Bundles - 	Entry: D:\sts-4.26.0.RELEASE\plugins\org.eclipse.m2e.maven.runtime_3.9.900.20240824-1409\jars\plexus-component-annotations-2.1.0.jar
2025-02-09 01:08:04,945 [Worker-20: Launching Celebrateit-backend (9)] INFO  o.eclipse.m2e.core.internal.Bundles - 	Entry: D:\sts-4.26.0.RELEASE\plugins\org.eclipse.m2e.maven.runtime_3.9.900.20240824-1409\jars\plexus-interpolation-1.27.jar
2025-02-09 01:08:04,945 [Worker-20: Launching Celebrateit-backend (9)] INFO  o.eclipse.m2e.core.internal.Bundles - 	Entry: D:\sts-4.26.0.RELEASE\plugins\org.eclipse.m2e.maven.runtime_3.9.900.20240824-1409\jars\plexus-sec-dispatcher-2.0.jar
2025-02-09 01:08:04,945 [Worker-20: Launching Celebrateit-backend (9)] INFO  o.eclipse.m2e.core.internal.Bundles - 	Entry: D:\sts-4.26.0.RELEASE\plugins\org.eclipse.m2e.maven.runtime_3.9.900.20240824-1409\jars\plexus-utils-3.5.1.jar
2025-02-09 01:08:04,945 [Worker-20: Launching Celebrateit-backend (9)] INFO  o.eclipse.m2e.core.internal.Bundles - 	Entry: D:\sts-4.26.0.RELEASE\plugins\org.eclipse.m2e.maven.runtime_3.9.900.20240824-1409\jars\plexus-xml-3.0.1.jar
2025-02-09 01:08:04,945 [Worker-20: Launching Celebrateit-backend (9)] INFO  o.eclipse.m2e.core.internal.Bundles - 	Entry: D:\sts-4.26.0.RELEASE\plugins\org.eclipse.m2e.maven.runtime_3.9.900.20240824-1409\jars\wagon-file-3.5.3.jar
2025-02-09 01:08:04,945 [Worker-20: Launching Celebrateit-backend (9)] INFO  o.eclipse.m2e.core.internal.Bundles - 	Entry: D:\sts-4.26.0.RELEASE\plugins\org.eclipse.m2e.maven.runtime_3.9.900.20240824-1409\jars\wagon-http-3.5.3.jar
2025-02-09 01:08:04,945 [Worker-20: Launching Celebrateit-backend (9)] INFO  o.eclipse.m2e.core.internal.Bundles - 	Entry: D:\sts-4.26.0.RELEASE\plugins\org.eclipse.m2e.maven.runtime_3.9.900.20240824-1409\jars\wagon-http-shared-3.5.3.jar
2025-02-09 01:08:04,945 [Worker-20: Launching Celebrateit-backend (9)] INFO  o.eclipse.m2e.core.internal.Bundles - 	Entry: D:\sts-4.26.0.RELEASE\plugins\org.eclipse.m2e.maven.runtime_3.9.900.20240824-1409\jars\wagon-provider-api-3.5.3.jar
2025-02-09 01:08:04,946 [Worker-20: Launching Celebrateit-backend (9)] INFO  o.eclipse.m2e.core.internal.Bundles - getClasspathEntries(Bundle=com.google.guava_33.3.0.jre [29])
2025-02-09 01:08:04,946 [Worker-20: Launching Celebrateit-backend (9)] INFO  o.eclipse.m2e.core.internal.Bundles - 	Entry: D:\sts-4.26.0.RELEASE\plugins\com.google.guava_33.3.0.jre.jar
2025-02-09 01:08:04,946 [Worker-20: Launching Celebrateit-backend (9)] INFO  o.eclipse.m2e.core.internal.Bundles - getClasspathEntries(Bundle=slf4j.api_2.0.16 [592])
2025-02-09 01:08:04,946 [Worker-20: Launching Celebrateit-backend (9)] INFO  o.eclipse.m2e.core.internal.Bundles - 	Entry: D:\sts-4.26.0.RELEASE\plugins\slf4j.api_2.0.16.jar
2025-02-09 01:08:04,946 [Worker-20: Launching Celebrateit-backend (9)] INFO  o.eclipse.m2e.core.internal.Bundles - getClasspathEntries(Bundle=jakarta.inject.jakarta.inject-api_1.0.5 [45])
2025-02-09 01:08:04,946 [Worker-20: Launching Celebrateit-backend (9)] INFO  o.eclipse.m2e.core.internal.Bundles - 	Entry: D:\sts-4.26.0.RELEASE\plugins\jakarta.inject.jakarta.inject-api_1.0.5.jar
2025-02-09 01:08:04,946 [Worker-20: Launching Celebrateit-backend (9)] INFO  o.eclipse.m2e.core.internal.Bundles - getClasspathEntries(Bundle=jakarta.annotation-api_1.3.5 [41])
2025-02-09 01:08:04,946 [Worker-20: Launching Celebrateit-backend (9)] INFO  o.eclipse.m2e.core.internal.Bundles - 	Entry: D:\sts-4.26.0.RELEASE\plugins\jakarta.annotation-api_1.3.5.jar
2025-02-09 01:08:04,946 [Worker-20: Launching Celebrateit-backend (9)] INFO  o.eclipse.m2e.core.internal.Bundles - getClasspathEntries(Bundle=org.apache.commons.cli_1.9.0 [77])
2025-02-09 01:08:04,946 [Worker-20: Launching Celebrateit-backend (9)] INFO  o.eclipse.m2e.core.internal.Bundles - 	Entry: D:\sts-4.26.0.RELEASE\plugins\org.apache.commons.cli_1.9.0.jar
2025-02-09 01:08:04,946 [Worker-20: Launching Celebrateit-backend (9)] INFO  o.eclipse.m2e.core.internal.Bundles - getClasspathEntries(Bundle=org.apache.commons.commons-codec_1.16.0 [80])
2025-02-09 01:08:04,946 [Worker-20: Launching Celebrateit-backend (9)] INFO  o.eclipse.m2e.core.internal.Bundles - 	Entry: D:\sts-4.26.0.RELEASE\plugins\org.apache.commons.commons-codec_1.16.0.jar
2025-02-09 01:08:04,946 [Worker-20: Launching Celebrateit-backend (9)] INFO  o.eclipse.m2e.core.internal.Bundles - getClasspathEntries(Bundle=com.google.guava.failureaccess_1.0.2 [30])
2025-02-09 01:08:04,946 [Worker-20: Launching Celebrateit-backend (9)] INFO  o.eclipse.m2e.core.internal.Bundles - 	Entry: D:\sts-4.26.0.RELEASE\plugins\com.google.guava.failureaccess_1.0.2.jar
2025-02-09 01:08:04,951 [Worker-20: Launching Celebrateit-backend (9)] INFO  o.e.m.i.launch.MavenLaunchDelegate - Run build in "C:\Users\Samruddhi\OneDrive\Desktop\cdac-project\Celebrateit-backend\Celebrateit-backend":
2025-02-09 01:08:04,951 [Worker-20: Launching Celebrateit-backend (9)] INFO  o.e.m.i.launch.MavenLaunchDelegate -  mvn  -B -Dstyle.color=always clean compile
2025-02-09 01:10:28,048 [Worker-26: Building] INFO  o.a.m.s.f.DefaultMavenResourcesFiltering - Copying 1 resource from src\main\resources to target\classes
2025-02-09 01:10:28,053 [Worker-26: Building] INFO  o.a.m.s.f.DefaultMavenResourcesFiltering - Copying 0 resource from src\main\resources to target\classes
2025-02-09 01:10:28,055 [Worker-26: Building] INFO  o.a.m.s.f.DefaultMavenResourcesFiltering - skip non existing resourceDirectory C:\Users\Samruddhi\OneDrive\Desktop\cdac-project\Celebrateit-backend\Celebrateit-backend\src\test\resources
2025-02-09 01:10:36,824 [Worker-26: Launching Celebrateit-backend (9)] INFO  o.eclipse.m2e.core.internal.Bundles - getClasspathEntries(Bundle=org.eclipse.m2e.maven.runtime_3.9.900.20240824-1409 [359])
2025-02-09 01:10:36,825 [Worker-26: Launching Celebrateit-backend (9)] INFO  o.eclipse.m2e.core.internal.Bundles - 	Entry: D:\sts-4.26.0.RELEASE\plugins\org.eclipse.m2e.maven.runtime_3.9.900.20240824-1409
2025-02-09 01:10:36,825 [Worker-26: Launching Celebrateit-backend (9)] INFO  o.eclipse.m2e.core.internal.Bundles - 	Entry: D:\sts-4.26.0.RELEASE\plugins\org.eclipse.m2e.maven.runtime_3.9.900.20240824-1409\jars\aopalliance-1.0.jar
2025-02-09 01:10:36,825 [Worker-26: Launching Celebrateit-backend (9)] INFO  o.eclipse.m2e.core.internal.Bundles - 	Entry: D:\sts-4.26.0.RELEASE\plugins\org.eclipse.m2e.maven.runtime_3.9.900.20240824-1409\jars\guice-5.1.0.jar
2025-02-09 01:10:36,825 [Worker-26: Launching Celebrateit-backend (9)] INFO  o.eclipse.m2e.core.internal.Bundles - 	Entry: D:\sts-4.26.0.RELEASE\plugins\org.eclipse.m2e.maven.runtime_3.9.900.20240824-1409\jars\httpclient-4.5.14.jar
2025-02-09 01:10:36,825 [Worker-26: Launching Celebrateit-backend (9)] INFO  o.eclipse.m2e.core.internal.Bundles - 	Entry: D:\sts-4.26.0.RELEASE\plugins\org.eclipse.m2e.maven.runtime_3.9.900.20240824-1409\jars\httpcore-4.4.16.jar
2025-02-09 01:10:36,825 [Worker-26: Launching Celebrateit-backend (9)] INFO  o.eclipse.m2e.core.internal.Bundles - 	Entry: D:\sts-4.26.0.RELEASE\plugins\org.eclipse.m2e.maven.runtime_3.9.900.20240824-1409\jars\jansi-2.4.1.jar
2025-02-09 01:10:36,825 [Worker-26: Launching Celebrateit-backend (9)] INFO  o.eclipse.m2e.core.internal.Bundles - 	Entry: D:\sts-4.26.0.RELEASE\plugins\org.eclipse.m2e.maven.runtime_3.9.900.20240824-1409\jars\jcl-over-slf4j-1.7.36.jar
2025-02-09 01:10:36,825 [Worker-26: Launching Celebrateit-backend (9)] INFO  o.eclipse.m2e.core.internal.Bundles - 	Entry: D:\sts-4.26.0.RELEASE\plugins\org.eclipse.m2e.maven.runtime_3.9.900.20240824-1409\jars\maven-artifact-3.9.9.jar
2025-02-09 01:10:36,825 [Worker-26: Launching Celebrateit-backend (9)] INFO  o.eclipse.m2e.core.internal.Bundles - 	Entry: D:\sts-4.26.0.RELEASE\plugins\org.eclipse.m2e.maven.runtime_3.9.900.20240824-1409\jars\maven-builder-support-3.9.9.jar
2025-02-09 01:10:36,825 [Worker-26: Launching Celebrateit-backend (9)] INFO  o.eclipse.m2e.core.internal.Bundles - 	Entry: D:\sts-4.26.0.RELEASE\plugins\org.eclipse.m2e.maven.runtime_3.9.900.20240824-1409\jars\maven-compat-3.9.9.jar
2025-02-09 01:10:36,826 [Worker-26: Launching Celebrateit-backend (9)] INFO  o.eclipse.m2e.core.internal.Bundles - 	Entry: D:\sts-4.26.0.RELEASE\plugins\org.eclipse.m2e.maven.runtime_3.9.900.20240824-1409\jars\maven-core-3.9.9.jar
2025-02-09 01:10:36,826 [Worker-26: Launching Celebrateit-backend (9)] INFO  o.eclipse.m2e.core.internal.Bundles - 	Entry: D:\sts-4.26.0.RELEASE\plugins\org.eclipse.m2e.maven.runtime_3.9.900.20240824-1409\jars\maven-embedder-3.9.9.jar
2025-02-09 01:10:36,826 [Worker-26: Launching Celebrateit-backend (9)] INFO  o.eclipse.m2e.core.internal.Bundles - 	Entry: D:\sts-4.26.0.RELEASE\plugins\org.eclipse.m2e.maven.runtime_3.9.900.20240824-1409\jars\maven-model-3.9.9.jar
2025-02-09 01:10:36,826 [Worker-26: Launching Celebrateit-backend (9)] INFO  o.eclipse.m2e.core.internal.Bundles - 	Entry: D:\sts-4.26.0.RELEASE\plugins\org.eclipse.m2e.maven.runtime_3.9.900.20240824-1409\jars\maven-model-builder-3.9.9.jar
2025-02-09 01:10:36,826 [Worker-26: Launching Celebrateit-backend (9)] INFO  o.eclipse.m2e.core.internal.Bundles - 	Entry: D:\sts-4.26.0.RELEASE\plugins\org.eclipse.m2e.maven.runtime_3.9.900.20240824-1409\jars\maven-plugin-api-3.9.9.jar
2025-02-09 01:10:36,826 [Worker-26: Launching Celebrateit-backend (9)] INFO  o.eclipse.m2e.core.internal.Bundles - 	Entry: D:\sts-4.26.0.RELEASE\plugins\org.eclipse.m2e.maven.runtime_3.9.900.20240824-1409\jars\maven-repository-metadata-3.9.9.jar
2025-02-09 01:10:36,826 [Worker-26: Launching Celebrateit-backend (9)] INFO  o.eclipse.m2e.core.internal.Bundles - 	Entry: D:\sts-4.26.0.RELEASE\plugins\org.eclipse.m2e.maven.runtime_3.9.900.20240824-1409\jars\maven-resolver-api-1.9.22.jar
2025-02-09 01:10:36,826 [Worker-26: Launching Celebrateit-backend (9)] INFO  o.eclipse.m2e.core.internal.Bundles - 	Entry: D:\sts-4.26.0.RELEASE\plugins\org.eclipse.m2e.maven.runtime_3.9.900.20240824-1409\jars\maven-resolver-connector-basic-1.9.22.jar
2025-02-09 01:10:36,826 [Worker-26: Launching Celebrateit-backend (9)] INFO  o.eclipse.m2e.core.internal.Bundles - 	Entry: D:\sts-4.26.0.RELEASE\plugins\org.eclipse.m2e.maven.runtime_3.9.900.20240824-1409\jars\maven-resolver-impl-1.9.22.jar
2025-02-09 01:10:36,826 [Worker-26: Launching Celebrateit-backend (9)] INFO  o.eclipse.m2e.core.internal.Bundles - 	Entry: D:\sts-4.26.0.RELEASE\plugins\org.eclipse.m2e.maven.runtime_3.9.900.20240824-1409\jars\maven-resolver-named-locks-1.9.22.jar
2025-02-09 01:10:36,826 [Worker-26: Launching Celebrateit-backend (9)] INFO  o.eclipse.m2e.core.internal.Bundles - 	Entry: D:\sts-4.26.0.RELEASE\plugins\org.eclipse.m2e.maven.runtime_3.9.900.20240824-1409\jars\maven-resolver-provider-3.9.9.jar
2025-02-09 01:10:36,826 [Worker-26: Launching Celebrateit-backend (9)] INFO  o.eclipse.m2e.core.internal.Bundles - 	Entry: D:\sts-4.26.0.RELEASE\plugins\org.eclipse.m2e.maven.runtime_3.9.900.20240824-1409\jars\maven-resolver-spi-1.9.22.jar
2025-02-09 01:10:36,826 [Worker-26: Launching Celebrateit-backend (9)] INFO  o.eclipse.m2e.core.internal.Bundles - 	Entry: D:\sts-4.26.0.RELEASE\plugins\org.eclipse.m2e.maven.runtime_3.9.900.20240824-1409\jars\maven-resolver-transport-file-1.9.22.jar
2025-02-09 01:10:36,826 [Worker-26: Launching Celebrateit-backend (9)] INFO  o.eclipse.m2e.core.internal.Bundles - 	Entry: D:\sts-4.26.0.RELEASE\plugins\org.eclipse.m2e.maven.runtime_3.9.900.20240824-1409\jars\maven-resolver-transport-http-1.9.22.jar
2025-02-09 01:10:36,826 [Worker-26: Launching Celebrateit-backend (9)] INFO  o.eclipse.m2e.core.internal.Bundles - 	Entry: D:\sts-4.26.0.RELEASE\plugins\org.eclipse.m2e.maven.runtime_3.9.900.20240824-1409\jars\maven-resolver-transport-wagon-1.9.22.jar
2025-02-09 01:10:36,826 [Worker-26: Launching Celebrateit-backend (9)] INFO  o.eclipse.m2e.core.internal.Bundles - 	Entry: D:\sts-4.26.0.RELEASE\plugins\org.eclipse.m2e.maven.runtime_3.9.900.20240824-1409\jars\maven-resolver-util-1.9.22.jar
2025-02-09 01:10:36,826 [Worker-26: Launching Celebrateit-backend (9)] INFO  o.eclipse.m2e.core.internal.Bundles - 	Entry: D:\sts-4.26.0.RELEASE\plugins\org.eclipse.m2e.maven.runtime_3.9.900.20240824-1409\jars\maven-settings-3.9.9.jar
2025-02-09 01:10:36,826 [Worker-26: Launching Celebrateit-backend (9)] INFO  o.eclipse.m2e.core.internal.Bundles - 	Entry: D:\sts-4.26.0.RELEASE\plugins\org.eclipse.m2e.maven.runtime_3.9.900.20240824-1409\jars\maven-settings-builder-3.9.9.jar
2025-02-09 01:10:36,826 [Worker-26: Launching Celebrateit-backend (9)] INFO  o.eclipse.m2e.core.internal.Bundles - 	Entry: D:\sts-4.26.0.RELEASE\plugins\org.eclipse.m2e.maven.runtime_3.9.900.20240824-1409\jars\maven-shared-utils-3.4.2.jar
2025-02-09 01:10:36,828 [Worker-26: Launching Celebrateit-backend (9)] INFO  o.eclipse.m2e.core.internal.Bundles - 	Entry: D:\sts-4.26.0.RELEASE\plugins\org.eclipse.m2e.maven.runtime_3.9.900.20240824-1409\jars\org.eclipse.sisu.inject-0.9.0.M3.jar
2025-02-09 01:10:36,828 [Worker-26: Launching Celebrateit-backend (9)] INFO  o.eclipse.m2e.core.internal.Bundles - 	Entry: D:\sts-4.26.0.RELEASE\plugins\org.eclipse.m2e.maven.runtime_3.9.900.20240824-1409\jars\org.eclipse.sisu.plexus-0.9.0.M3.jar
2025-02-09 01:10:36,828 [Worker-26: Launching Celebrateit-backend (9)] INFO  o.eclipse.m2e.core.internal.Bundles - 	Entry: D:\sts-4.26.0.RELEASE\plugins\org.eclipse.m2e.maven.runtime_3.9.900.20240824-1409\jars\plexus-build-api-0.0.7.jar
2025-02-09 01:10:36,828 [Worker-26: Launching Celebrateit-backend (9)] INFO  o.eclipse.m2e.core.internal.Bundles - 	Entry: D:\sts-4.26.0.RELEASE\plugins\org.eclipse.m2e.maven.runtime_3.9.900.20240824-1409\jars\plexus-build-api-1.2.0.jar
2025-02-09 01:10:36,828 [Worker-26: Launching Celebrateit-backend (9)] INFO  o.eclipse.m2e.core.internal.Bundles - 	Entry: D:\sts-4.26.0.RELEASE\plugins\org.eclipse.m2e.maven.runtime_3.9.900.20240824-1409\jars\plexus-cipher-2.0.jar
2025-02-09 01:10:36,828 [Worker-26: Launching Celebrateit-backend (9)] INFO  o.eclipse.m2e.core.internal.Bundles - 	Entry: D:\sts-4.26.0.RELEASE\plugins\org.eclipse.m2e.maven.runtime_3.9.900.20240824-1409\jars\plexus-classworlds-2.8.0.jar
2025-02-09 01:10:36,829 [Worker-26: Launching Celebrateit-backend (9)] INFO  o.eclipse.m2e.core.internal.Bundles - 	Entry: D:\sts-4.26.0.RELEASE\plugins\org.eclipse.m2e.maven.runtime_3.9.900.20240824-1409\jars\plexus-component-annotations-2.1.0.jar
2025-02-09 01:10:36,829 [Worker-26: Launching Celebrateit-backend (9)] INFO  o.eclipse.m2e.core.internal.Bundles - 	Entry: D:\sts-4.26.0.RELEASE\plugins\org.eclipse.m2e.maven.runtime_3.9.900.20240824-1409\jars\plexus-interpolation-1.27.jar
2025-02-09 01:10:36,829 [Worker-26: Launching Celebrateit-backend (9)] INFO  o.eclipse.m2e.core.internal.Bundles - 	Entry: D:\sts-4.26.0.RELEASE\plugins\org.eclipse.m2e.maven.runtime_3.9.900.20240824-1409\jars\plexus-sec-dispatcher-2.0.jar
2025-02-09 01:10:36,829 [Worker-26: Launching Celebrateit-backend (9)] INFO  o.eclipse.m2e.core.internal.Bundles - 	Entry: D:\sts-4.26.0.RELEASE\plugins\org.eclipse.m2e.maven.runtime_3.9.900.20240824-1409\jars\plexus-utils-3.5.1.jar
2025-02-09 01:10:36,829 [Worker-26: Launching Celebrateit-backend (9)] INFO  o.eclipse.m2e.core.internal.Bundles - 	Entry: D:\sts-4.26.0.RELEASE\plugins\org.eclipse.m2e.maven.runtime_3.9.900.20240824-1409\jars\plexus-xml-3.0.1.jar
2025-02-09 01:10:36,829 [Worker-26: Launching Celebrateit-backend (9)] INFO  o.eclipse.m2e.core.internal.Bundles - 	Entry: D:\sts-4.26.0.RELEASE\plugins\org.eclipse.m2e.maven.runtime_3.9.900.20240824-1409\jars\wagon-file-3.5.3.jar
2025-02-09 01:10:36,830 [Worker-26: Launching Celebrateit-backend (9)] INFO  o.eclipse.m2e.core.internal.Bundles - 	Entry: D:\sts-4.26.0.RELEASE\plugins\org.eclipse.m2e.maven.runtime_3.9.900.20240824-1409\jars\wagon-http-3.5.3.jar
2025-02-09 01:10:36,830 [Worker-26: Launching Celebrateit-backend (9)] INFO  o.eclipse.m2e.core.internal.Bundles - 	Entry: D:\sts-4.26.0.RELEASE\plugins\org.eclipse.m2e.maven.runtime_3.9.900.20240824-1409\jars\wagon-http-shared-3.5.3.jar
2025-02-09 01:10:36,830 [Worker-26: Launching Celebrateit-backend (9)] INFO  o.eclipse.m2e.core.internal.Bundles - 	Entry: D:\sts-4.26.0.RELEASE\plugins\org.eclipse.m2e.maven.runtime_3.9.900.20240824-1409\jars\wagon-provider-api-3.5.3.jar
2025-02-09 01:10:36,830 [Worker-26: Launching Celebrateit-backend (9)] INFO  o.eclipse.m2e.core.internal.Bundles - getClasspathEntries(Bundle=com.google.guava_33.3.0.jre [29])
2025-02-09 01:10:36,831 [Worker-26: Launching Celebrateit-backend (9)] INFO  o.eclipse.m2e.core.internal.Bundles - 	Entry: D:\sts-4.26.0.RELEASE\plugins\com.google.guava_33.3.0.jre.jar
2025-02-09 01:10:36,831 [Worker-26: Launching Celebrateit-backend (9)] INFO  o.eclipse.m2e.core.internal.Bundles - getClasspathEntries(Bundle=slf4j.api_2.0.16 [592])
2025-02-09 01:10:36,831 [Worker-26: Launching Celebrateit-backend (9)] INFO  o.eclipse.m2e.core.internal.Bundles - 	Entry: D:\sts-4.26.0.RELEASE\plugins\slf4j.api_2.0.16.jar
2025-02-09 01:10:36,831 [Worker-26: Launching Celebrateit-backend (9)] INFO  o.eclipse.m2e.core.internal.Bundles - getClasspathEntries(Bundle=jakarta.inject.jakarta.inject-api_1.0.5 [45])
2025-02-09 01:10:36,831 [Worker-26: Launching Celebrateit-backend (9)] INFO  o.eclipse.m2e.core.internal.Bundles - 	Entry: D:\sts-4.26.0.RELEASE\plugins\jakarta.inject.jakarta.inject-api_1.0.5.jar
2025-02-09 01:10:36,831 [Worker-26: Launching Celebrateit-backend (9)] INFO  o.eclipse.m2e.core.internal.Bundles - getClasspathEntries(Bundle=jakarta.annotation-api_1.3.5 [41])
2025-02-09 01:10:36,831 [Worker-26: Launching Celebrateit-backend (9)] INFO  o.eclipse.m2e.core.internal.Bundles - 	Entry: D:\sts-4.26.0.RELEASE\plugins\jakarta.annotation-api_1.3.5.jar
2025-02-09 01:10:36,831 [Worker-26: Launching Celebrateit-backend (9)] INFO  o.eclipse.m2e.core.internal.Bundles - getClasspathEntries(Bundle=org.apache.commons.cli_1.9.0 [77])
2025-02-09 01:10:36,832 [Worker-26: Launching Celebrateit-backend (9)] INFO  o.eclipse.m2e.core.internal.Bundles - 	Entry: D:\sts-4.26.0.RELEASE\plugins\org.apache.commons.cli_1.9.0.jar
2025-02-09 01:10:36,832 [Worker-26: Launching Celebrateit-backend (9)] INFO  o.eclipse.m2e.core.internal.Bundles - getClasspathEntries(Bundle=org.apache.commons.commons-codec_1.16.0 [80])
2025-02-09 01:10:36,832 [Worker-26: Launching Celebrateit-backend (9)] INFO  o.eclipse.m2e.core.internal.Bundles - 	Entry: D:\sts-4.26.0.RELEASE\plugins\org.apache.commons.commons-codec_1.16.0.jar
2025-02-09 01:10:36,832 [Worker-26: Launching Celebrateit-backend (9)] INFO  o.eclipse.m2e.core.internal.Bundles - getClasspathEntries(Bundle=com.google.guava.failureaccess_1.0.2 [30])
2025-02-09 01:10:36,832 [Worker-26: Launching Celebrateit-backend (9)] INFO  o.eclipse.m2e.core.internal.Bundles - 	Entry: D:\sts-4.26.0.RELEASE\plugins\com.google.guava.failureaccess_1.0.2.jar
2025-02-09 01:10:36,833 [Worker-26: Launching Celebrateit-backend (9)] INFO  o.e.m.i.launch.MavenLaunchDelegate - Run build in "C:\Users\Samruddhi\OneDrive\Desktop\cdac-project\Celebrateit-backend\Celebrateit-backend":
2025-02-09 01:10:36,833 [Worker-26: Launching Celebrateit-backend (9)] INFO  o.e.m.i.launch.MavenLaunchDelegate -  mvn  -B -Dstyle.color=always clean compile
2025-02-09 01:10:43,571 [Worker-17: Launching Celebrateit-backend (9)] INFO  o.eclipse.m2e.core.internal.Bundles - getClasspathEntries(Bundle=org.eclipse.m2e.maven.runtime_3.9.900.20240824-1409 [359])
2025-02-09 01:10:43,572 [Worker-17: Launching Celebrateit-backend (9)] INFO  o.eclipse.m2e.core.internal.Bundles - 	Entry: D:\sts-4.26.0.RELEASE\plugins\org.eclipse.m2e.maven.runtime_3.9.900.20240824-1409
2025-02-09 01:10:43,572 [Worker-17: Launching Celebrateit-backend (9)] INFO  o.eclipse.m2e.core.internal.Bundles - 	Entry: D:\sts-4.26.0.RELEASE\plugins\org.eclipse.m2e.maven.runtime_3.9.900.20240824-1409\jars\aopalliance-1.0.jar
2025-02-09 01:10:43,572 [Worker-17: Launching Celebrateit-backend (9)] INFO  o.eclipse.m2e.core.internal.Bundles - 	Entry: D:\sts-4.26.0.RELEASE\plugins\org.eclipse.m2e.maven.runtime_3.9.900.20240824-1409\jars\guice-5.1.0.jar
2025-02-09 01:10:43,572 [Worker-17: Launching Celebrateit-backend (9)] INFO  o.eclipse.m2e.core.internal.Bundles - 	Entry: D:\sts-4.26.0.RELEASE\plugins\org.eclipse.m2e.maven.runtime_3.9.900.20240824-1409\jars\httpclient-4.5.14.jar
2025-02-09 01:10:43,572 [Worker-17: Launching Celebrateit-backend (9)] INFO  o.eclipse.m2e.core.internal.Bundles - 	Entry: D:\sts-4.26.0.RELEASE\plugins\org.eclipse.m2e.maven.runtime_3.9.900.20240824-1409\jars\httpcore-4.4.16.jar
2025-02-09 01:10:43,572 [Worker-17: Launching Celebrateit-backend (9)] INFO  o.eclipse.m2e.core.internal.Bundles - 	Entry: D:\sts-4.26.0.RELEASE\plugins\org.eclipse.m2e.maven.runtime_3.9.900.20240824-1409\jars\jansi-2.4.1.jar
2025-02-09 01:10:43,572 [Worker-17: Launching Celebrateit-backend (9)] INFO  o.eclipse.m2e.core.internal.Bundles - 	Entry: D:\sts-4.26.0.RELEASE\plugins\org.eclipse.m2e.maven.runtime_3.9.900.20240824-1409\jars\jcl-over-slf4j-1.7.36.jar
2025-02-09 01:10:43,572 [Worker-17: Launching Celebrateit-backend (9)] INFO  o.eclipse.m2e.core.internal.Bundles - 	Entry: D:\sts-4.26.0.RELEASE\plugins\org.eclipse.m2e.maven.runtime_3.9.900.20240824-1409\jars\maven-artifact-3.9.9.jar
2025-02-09 01:10:43,573 [Worker-17: Launching Celebrateit-backend (9)] INFO  o.eclipse.m2e.core.internal.Bundles - 	Entry: D:\sts-4.26.0.RELEASE\plugins\org.eclipse.m2e.maven.runtime_3.9.900.20240824-1409\jars\maven-builder-support-3.9.9.jar
2025-02-09 01:10:43,573 [Worker-17: Launching Celebrateit-backend (9)] INFO  o.eclipse.m2e.core.internal.Bundles - 	Entry: D:\sts-4.26.0.RELEASE\plugins\org.eclipse.m2e.maven.runtime_3.9.900.20240824-1409\jars\maven-compat-3.9.9.jar
2025-02-09 01:10:43,573 [Worker-17: Launching Celebrateit-backend (9)] INFO  o.eclipse.m2e.core.internal.Bundles - 	Entry: D:\sts-4.26.0.RELEASE\plugins\org.eclipse.m2e.maven.runtime_3.9.900.20240824-1409\jars\maven-core-3.9.9.jar
2025-02-09 01:10:43,573 [Worker-17: Launching Celebrateit-backend (9)] INFO  o.eclipse.m2e.core.internal.Bundles - 	Entry: D:\sts-4.26.0.RELEASE\plugins\org.eclipse.m2e.maven.runtime_3.9.900.20240824-1409\jars\maven-embedder-3.9.9.jar
2025-02-09 01:10:43,573 [Worker-17: Launching Celebrateit-backend (9)] INFO  o.eclipse.m2e.core.internal.Bundles - 	Entry: D:\sts-4.26.0.RELEASE\plugins\org.eclipse.m2e.maven.runtime_3.9.900.20240824-1409\jars\maven-model-3.9.9.jar
2025-02-09 01:10:43,573 [Worker-17: Launching Celebrateit-backend (9)] INFO  o.eclipse.m2e.core.internal.Bundles - 	Entry: D:\sts-4.26.0.RELEASE\plugins\org.eclipse.m2e.maven.runtime_3.9.900.20240824-1409\jars\maven-model-builder-3.9.9.jar
2025-02-09 01:10:43,573 [Worker-17: Launching Celebrateit-backend (9)] INFO  o.eclipse.m2e.core.internal.Bundles - 	Entry: D:\sts-4.26.0.RELEASE\plugins\org.eclipse.m2e.maven.runtime_3.9.900.20240824-1409\jars\maven-plugin-api-3.9.9.jar
2025-02-09 01:10:43,573 [Worker-17: Launching Celebrateit-backend (9)] INFO  o.eclipse.m2e.core.internal.Bundles - 	Entry: D:\sts-4.26.0.RELEASE\plugins\org.eclipse.m2e.maven.runtime_3.9.900.20240824-1409\jars\maven-repository-metadata-3.9.9.jar
2025-02-09 01:10:43,573 [Worker-17: Launching Celebrateit-backend (9)] INFO  o.eclipse.m2e.core.internal.Bundles - 	Entry: D:\sts-4.26.0.RELEASE\plugins\org.eclipse.m2e.maven.runtime_3.9.900.20240824-1409\jars\maven-resolver-api-1.9.22.jar
2025-02-09 01:10:43,573 [Worker-17: Launching Celebrateit-backend (9)] INFO  o.eclipse.m2e.core.internal.Bundles - 	Entry: D:\sts-4.26.0.RELEASE\plugins\org.eclipse.m2e.maven.runtime_3.9.900.20240824-1409\jars\maven-resolver-connector-basic-1.9.22.jar
2025-02-09 01:10:43,573 [Worker-17: Launching Celebrateit-backend (9)] INFO  o.eclipse.m2e.core.internal.Bundles - 	Entry: D:\sts-4.26.0.RELEASE\plugins\org.eclipse.m2e.maven.runtime_3.9.900.20240824-1409\jars\maven-resolver-impl-1.9.22.jar
2025-02-09 01:10:43,573 [Worker-17: Launching Celebrateit-backend (9)] INFO  o.eclipse.m2e.core.internal.Bundles - 	Entry: D:\sts-4.26.0.RELEASE\plugins\org.eclipse.m2e.maven.runtime_3.9.900.20240824-1409\jars\maven-resolver-named-locks-1.9.22.jar
2025-02-09 01:10:43,573 [Worker-17: Launching Celebrateit-backend (9)] INFO  o.eclipse.m2e.core.internal.Bundles - 	Entry: D:\sts-4.26.0.RELEASE\plugins\org.eclipse.m2e.maven.runtime_3.9.900.20240824-1409\jars\maven-resolver-provider-3.9.9.jar
2025-02-09 01:10:43,574 [Worker-17: Launching Celebrateit-backend (9)] INFO  o.eclipse.m2e.core.internal.Bundles - 	Entry: D:\sts-4.26.0.RELEASE\plugins\org.eclipse.m2e.maven.runtime_3.9.900.20240824-1409\jars\maven-resolver-spi-1.9.22.jar
2025-02-09 01:10:43,574 [Worker-17: Launching Celebrateit-backend (9)] INFO  o.eclipse.m2e.core.internal.Bundles - 	Entry: D:\sts-4.26.0.RELEASE\plugins\org.eclipse.m2e.maven.runtime_3.9.900.20240824-1409\jars\maven-resolver-transport-file-1.9.22.jar
2025-02-09 01:10:43,574 [Worker-17: Launching Celebrateit-backend (9)] INFO  o.eclipse.m2e.core.internal.Bundles - 	Entry: D:\sts-4.26.0.RELEASE\plugins\org.eclipse.m2e.maven.runtime_3.9.900.20240824-1409\jars\maven-resolver-transport-http-1.9.22.jar
2025-02-09 01:10:43,574 [Worker-17: Launching Celebrateit-backend (9)] INFO  o.eclipse.m2e.core.internal.Bundles - 	Entry: D:\sts-4.26.0.RELEASE\plugins\org.eclipse.m2e.maven.runtime_3.9.900.20240824-1409\jars\maven-resolver-transport-wagon-1.9.22.jar
2025-02-09 01:10:43,574 [Worker-17: Launching Celebrateit-backend (9)] INFO  o.eclipse.m2e.core.internal.Bundles - 	Entry: D:\sts-4.26.0.RELEASE\plugins\org.eclipse.m2e.maven.runtime_3.9.900.20240824-1409\jars\maven-resolver-util-1.9.22.jar
2025-02-09 01:10:43,574 [Worker-17: Launching Celebrateit-backend (9)] INFO  o.eclipse.m2e.core.internal.Bundles - 	Entry: D:\sts-4.26.0.RELEASE\plugins\org.eclipse.m2e.maven.runtime_3.9.900.20240824-1409\jars\maven-settings-3.9.9.jar
2025-02-09 01:10:43,574 [Worker-17: Launching Celebrateit-backend (9)] INFO  o.eclipse.m2e.core.internal.Bundles - 	Entry: D:\sts-4.26.0.RELEASE\plugins\org.eclipse.m2e.maven.runtime_3.9.900.20240824-1409\jars\maven-settings-builder-3.9.9.jar
2025-02-09 01:10:43,574 [Worker-17: Launching Celebrateit-backend (9)] INFO  o.eclipse.m2e.core.internal.Bundles - 	Entry: D:\sts-4.26.0.RELEASE\plugins\org.eclipse.m2e.maven.runtime_3.9.900.20240824-1409\jars\maven-shared-utils-3.4.2.jar
2025-02-09 01:10:43,574 [Worker-17: Launching Celebrateit-backend (9)] INFO  o.eclipse.m2e.core.internal.Bundles - 	Entry: D:\sts-4.26.0.RELEASE\plugins\org.eclipse.m2e.maven.runtime_3.9.900.20240824-1409\jars\org.eclipse.sisu.inject-0.9.0.M3.jar
2025-02-09 01:10:43,575 [Worker-17: Launching Celebrateit-backend (9)] INFO  o.eclipse.m2e.core.internal.Bundles - 	Entry: D:\sts-4.26.0.RELEASE\plugins\org.eclipse.m2e.maven.runtime_3.9.900.20240824-1409\jars\org.eclipse.sisu.plexus-0.9.0.M3.jar
2025-02-09 01:10:43,575 [Worker-17: Launching Celebrateit-backend (9)] INFO  o.eclipse.m2e.core.internal.Bundles - 	Entry: D:\sts-4.26.0.RELEASE\plugins\org.eclipse.m2e.maven.runtime_3.9.900.20240824-1409\jars\plexus-build-api-0.0.7.jar
2025-02-09 01:10:43,575 [Worker-17: Launching Celebrateit-backend (9)] INFO  o.eclipse.m2e.core.internal.Bundles - 	Entry: D:\sts-4.26.0.RELEASE\plugins\org.eclipse.m2e.maven.runtime_3.9.900.20240824-1409\jars\plexus-build-api-1.2.0.jar
2025-02-09 01:10:43,575 [Worker-17: Launching Celebrateit-backend (9)] INFO  o.eclipse.m2e.core.internal.Bundles - 	Entry: D:\sts-4.26.0.RELEASE\plugins\org.eclipse.m2e.maven.runtime_3.9.900.20240824-1409\jars\plexus-cipher-2.0.jar
2025-02-09 01:10:43,575 [Worker-17: Launching Celebrateit-backend (9)] INFO  o.eclipse.m2e.core.internal.Bundles - 	Entry: D:\sts-4.26.0.RELEASE\plugins\org.eclipse.m2e.maven.runtime_3.9.900.20240824-1409\jars\plexus-classworlds-2.8.0.jar
2025-02-09 01:10:43,575 [Worker-17: Launching Celebrateit-backend (9)] INFO  o.eclipse.m2e.core.internal.Bundles - 	Entry: D:\sts-4.26.0.RELEASE\plugins\org.eclipse.m2e.maven.runtime_3.9.900.20240824-1409\jars\plexus-component-annotations-2.1.0.jar
2025-02-09 01:10:43,575 [Worker-17: Launching Celebrateit-backend (9)] INFO  o.eclipse.m2e.core.internal.Bundles - 	Entry: D:\sts-4.26.0.RELEASE\plugins\org.eclipse.m2e.maven.runtime_3.9.900.20240824-1409\jars\plexus-interpolation-1.27.jar
2025-02-09 01:10:43,575 [Worker-17: Launching Celebrateit-backend (9)] INFO  o.eclipse.m2e.core.internal.Bundles - 	Entry: D:\sts-4.26.0.RELEASE\plugins\org.eclipse.m2e.maven.runtime_3.9.900.20240824-1409\jars\plexus-sec-dispatcher-2.0.jar
2025-02-09 01:10:43,575 [Worker-17: Launching Celebrateit-backend (9)] INFO  o.eclipse.m2e.core.internal.Bundles - 	Entry: D:\sts-4.26.0.RELEASE\plugins\org.eclipse.m2e.maven.runtime_3.9.900.20240824-1409\jars\plexus-utils-3.5.1.jar
2025-02-09 01:10:43,575 [Worker-17: Launching Celebrateit-backend (9)] INFO  o.eclipse.m2e.core.internal.Bundles - 	Entry: D:\sts-4.26.0.RELEASE\plugins\org.eclipse.m2e.maven.runtime_3.9.900.20240824-1409\jars\plexus-xml-3.0.1.jar
2025-02-09 01:10:43,575 [Worker-17: Launching Celebrateit-backend (9)] INFO  o.eclipse.m2e.core.internal.Bundles - 	Entry: D:\sts-4.26.0.RELEASE\plugins\org.eclipse.m2e.maven.runtime_3.9.900.20240824-1409\jars\wagon-file-3.5.3.jar
2025-02-09 01:10:43,575 [Worker-17: Launching Celebrateit-backend (9)] INFO  o.eclipse.m2e.core.internal.Bundles - 	Entry: D:\sts-4.26.0.RELEASE\plugins\org.eclipse.m2e.maven.runtime_3.9.900.20240824-1409\jars\wagon-http-3.5.3.jar
2025-02-09 01:10:43,575 [Worker-17: Launching Celebrateit-backend (9)] INFO  o.eclipse.m2e.core.internal.Bundles - 	Entry: D:\sts-4.26.0.RELEASE\plugins\org.eclipse.m2e.maven.runtime_3.9.900.20240824-1409\jars\wagon-http-shared-3.5.3.jar
2025-02-09 01:10:43,575 [Worker-17: Launching Celebrateit-backend (9)] INFO  o.eclipse.m2e.core.internal.Bundles - 	Entry: D:\sts-4.26.0.RELEASE\plugins\org.eclipse.m2e.maven.runtime_3.9.900.20240824-1409\jars\wagon-provider-api-3.5.3.jar
2025-02-09 01:10:43,575 [Worker-17: Launching Celebrateit-backend (9)] INFO  o.eclipse.m2e.core.internal.Bundles - getClasspathEntries(Bundle=com.google.guava_33.3.0.jre [29])
2025-02-09 01:10:43,576 [Worker-17: Launching Celebrateit-backend (9)] INFO  o.eclipse.m2e.core.internal.Bundles - 	Entry: D:\sts-4.26.0.RELEASE\plugins\com.google.guava_33.3.0.jre.jar
2025-02-09 01:10:43,576 [Worker-17: Launching Celebrateit-backend (9)] INFO  o.eclipse.m2e.core.internal.Bundles - getClasspathEntries(Bundle=slf4j.api_2.0.16 [592])
2025-02-09 01:10:43,576 [Worker-17: Launching Celebrateit-backend (9)] INFO  o.eclipse.m2e.core.internal.Bundles - 	Entry: D:\sts-4.26.0.RELEASE\plugins\slf4j.api_2.0.16.jar
2025-02-09 01:10:43,576 [Worker-17: Launching Celebrateit-backend (9)] INFO  o.eclipse.m2e.core.internal.Bundles - getClasspathEntries(Bundle=jakarta.inject.jakarta.inject-api_1.0.5 [45])
2025-02-09 01:10:43,576 [Worker-17: Launching Celebrateit-backend (9)] INFO  o.eclipse.m2e.core.internal.Bundles - 	Entry: D:\sts-4.26.0.RELEASE\plugins\jakarta.inject.jakarta.inject-api_1.0.5.jar
2025-02-09 01:10:43,577 [Worker-17: Launching Celebrateit-backend (9)] INFO  o.eclipse.m2e.core.internal.Bundles - getClasspathEntries(Bundle=jakarta.annotation-api_1.3.5 [41])
2025-02-09 01:10:43,577 [Worker-17: Launching Celebrateit-backend (9)] INFO  o.eclipse.m2e.core.internal.Bundles - 	Entry: D:\sts-4.26.0.RELEASE\plugins\jakarta.annotation-api_1.3.5.jar
2025-02-09 01:10:43,578 [Worker-17: Launching Celebrateit-backend (9)] INFO  o.eclipse.m2e.core.internal.Bundles - getClasspathEntries(Bundle=org.apache.commons.cli_1.9.0 [77])
2025-02-09 01:10:43,579 [Worker-17: Launching Celebrateit-backend (9)] INFO  o.eclipse.m2e.core.internal.Bundles - 	Entry: D:\sts-4.26.0.RELEASE\plugins\org.apache.commons.cli_1.9.0.jar
2025-02-09 01:10:43,579 [Worker-17: Launching Celebrateit-backend (9)] INFO  o.eclipse.m2e.core.internal.Bundles - getClasspathEntries(Bundle=org.apache.commons.commons-codec_1.16.0 [80])
2025-02-09 01:10:43,579 [Worker-17: Launching Celebrateit-backend (9)] INFO  o.eclipse.m2e.core.internal.Bundles - 	Entry: D:\sts-4.26.0.RELEASE\plugins\org.apache.commons.commons-codec_1.16.0.jar
2025-02-09 01:10:43,579 [Worker-17: Launching Celebrateit-backend (9)] INFO  o.eclipse.m2e.core.internal.Bundles - getClasspathEntries(Bundle=com.google.guava.failureaccess_1.0.2 [30])
2025-02-09 01:10:43,579 [Worker-17: Launching Celebrateit-backend (9)] INFO  o.eclipse.m2e.core.internal.Bundles - 	Entry: D:\sts-4.26.0.RELEASE\plugins\com.google.guava.failureaccess_1.0.2.jar
2025-02-09 01:10:43,582 [Worker-17: Launching Celebrateit-backend (9)] INFO  o.e.m.i.launch.MavenLaunchDelegate - Run build in "C:\Users\Samruddhi\OneDrive\Desktop\cdac-project\Celebrateit-backend\Celebrateit-backend":
2025-02-09 01:10:43,582 [Worker-17: Launching Celebrateit-backend (9)] INFO  o.e.m.i.launch.MavenLaunchDelegate -  mvn  -B -Dstyle.color=always clean compile
2025-02-09 01:11:38,666 [Worker-25: Building] INFO  o.a.m.s.f.DefaultMavenResourcesFiltering - Copying 1 resource from src\main\resources to target\classes
2025-02-09 01:11:38,670 [Worker-25: Building] INFO  o.a.m.s.f.DefaultMavenResourcesFiltering - Copying 0 resource from src\main\resources to target\classes
2025-02-09 01:11:38,674 [Worker-25: Building] INFO  o.a.m.s.f.DefaultMavenResourcesFiltering - skip non existing resourceDirectory C:\Users\Samruddhi\OneDrive\Desktop\cdac-project\Celebrateit-backend\Celebrateit-backend\src\test\resources
2025-02-09 01:12:27,944 [Worker-17: Building] INFO  o.a.m.s.f.DefaultMavenResourcesFiltering - Copying 1 resource from src\main\resources to target\classes
2025-02-09 01:12:27,948 [Worker-17: Building] INFO  o.a.m.s.f.DefaultMavenResourcesFiltering - Copying 0 resource from src\main\resources to target\classes
2025-02-09 01:12:27,950 [Worker-17: Building] INFO  o.a.m.s.f.DefaultMavenResourcesFiltering - skip non existing resourceDirectory C:\Users\Samruddhi\OneDrive\Desktop\cdac-project\Celebrateit-backend\Celebrateit-backend\src\test\resources
2025-02-09 01:14:45,539 [Worker-25: Building] INFO  o.a.m.s.f.DefaultMavenResourcesFiltering - Copying 1 resource from src\main\resources to target\classes
2025-02-09 01:14:45,544 [Worker-25: Building] INFO  o.a.m.s.f.DefaultMavenResourcesFiltering - Copying 0 resource from src\main\resources to target\classes
2025-02-09 01:14:45,546 [Worker-25: Building] INFO  o.a.m.s.f.DefaultMavenResourcesFiltering - skip non existing resourceDirectory C:\Users\Samruddhi\OneDrive\Desktop\cdac-project\Celebrateit-backend\Celebrateit-backend\src\test\resources
2025-02-09 01:15:28,505 [Worker-29: Building] INFO  o.a.m.s.f.DefaultMavenResourcesFiltering - Copying 1 resource from src\main\resources to target\classes
2025-02-09 01:15:28,516 [Worker-29: Building] INFO  o.a.m.s.f.DefaultMavenResourcesFiltering - Copying 0 resource from src\main\resources to target\classes
2025-02-09 01:15:28,520 [Worker-29: Building] INFO  o.a.m.s.f.DefaultMavenResourcesFiltering - skip non existing resourceDirectory C:\Users\Samruddhi\OneDrive\Desktop\cdac-project\Celebrateit-backend\Celebrateit-backend\src\test\resources
2025-02-09 01:15:38,842 [Worker-25: Building] INFO  o.a.m.s.f.DefaultMavenResourcesFiltering - Copying 1 resource from src\main\resources to target\classes
2025-02-09 01:15:38,850 [Worker-25: Building] INFO  o.a.m.s.f.DefaultMavenResourcesFiltering - Copying 0 resource from src\main\resources to target\classes
2025-02-09 01:15:38,854 [Worker-25: Building] INFO  o.a.m.s.f.DefaultMavenResourcesFiltering - skip non existing resourceDirectory C:\Users\Samruddhi\OneDrive\Desktop\cdac-project\Celebrateit-backend\Celebrateit-backend\src\test\resources
2025-02-09 01:17:50,050 [Worker-17: Building] INFO  o.a.m.s.f.DefaultMavenResourcesFiltering - Copying 1 resource from src\main\resources to target\classes
2025-02-09 01:17:50,054 [Worker-17: Building] INFO  o.a.m.s.f.DefaultMavenResourcesFiltering - Copying 0 resource from src\main\resources to target\classes
2025-02-09 01:17:50,056 [Worker-17: Building] INFO  o.a.m.s.f.DefaultMavenResourcesFiltering - skip non existing resourceDirectory C:\Users\Samruddhi\OneDrive\Desktop\cdac-project\Celebrateit-backend\Celebrateit-backend\src\test\resources
2025-02-09 01:20:14,847 [Worker-25: Building] INFO  o.a.m.s.f.DefaultMavenResourcesFiltering - Copying 1 resource from src\main\resources to target\classes
2025-02-09 01:20:14,859 [Worker-25: Building] INFO  o.a.m.s.f.DefaultMavenResourcesFiltering - Copying 0 resource from src\main\resources to target\classes
2025-02-09 01:20:14,864 [Worker-25: Building] INFO  o.a.m.s.f.DefaultMavenResourcesFiltering - skip non existing resourceDirectory C:\Users\Samruddhi\OneDrive\Desktop\cdac-project\Celebrateit-backend\Celebrateit-backend\src\test\resources
2025-02-09 01:24:59,418 [Worker-36: Building] INFO  o.a.m.s.f.DefaultMavenResourcesFiltering - Copying 1 resource from src\main\resources to target\classes
2025-02-09 01:24:59,427 [Worker-36: Building] INFO  o.a.m.s.f.DefaultMavenResourcesFiltering - Copying 0 resource from src\main\resources to target\classes
2025-02-09 01:24:59,431 [Worker-36: Building] INFO  o.a.m.s.f.DefaultMavenResourcesFiltering - skip non existing resourceDirectory C:\Users\Samruddhi\OneDrive\Desktop\cdac-project\Celebrateit-backend\Celebrateit-backend\src\test\resources
2025-02-09 01:26:50,640 [Worker-38: Building] INFO  o.a.m.s.f.DefaultMavenResourcesFiltering - Copying 1 resource from src\main\resources to target\classes
2025-02-09 01:26:50,648 [Worker-38: Building] INFO  o.a.m.s.f.DefaultMavenResourcesFiltering - Copying 0 resource from src\main\resources to target\classes
2025-02-09 01:26:50,652 [Worker-38: Building] INFO  o.a.m.s.f.DefaultMavenResourcesFiltering - skip non existing resourceDirectory C:\Users\Samruddhi\OneDrive\Desktop\cdac-project\Celebrateit-backend\Celebrateit-backend\src\test\resources
2025-02-09 01:34:48,332 [Worker-37: Building] INFO  o.a.m.s.f.DefaultMavenResourcesFiltering - Copying 1 resource from src\main\resources to target\classes
2025-02-09 01:34:48,339 [Worker-37: Building] INFO  o.a.m.s.f.DefaultMavenResourcesFiltering - Copying 0 resource from src\main\resources to target\classes
2025-02-09 01:34:48,341 [Worker-37: Building] INFO  o.a.m.s.f.DefaultMavenResourcesFiltering - skip non existing resourceDirectory C:\Users\Samruddhi\OneDrive\Desktop\cdac-project\Celebrateit-backend\Celebrateit-backend\src\test\resources
2025-02-09 01:35:07,605 [Worker-43: Building] INFO  o.a.m.s.f.DefaultMavenResourcesFiltering - Copying 1 resource from src\main\resources to target\classes
2025-02-09 01:35:07,611 [Worker-43: Building] INFO  o.a.m.s.f.DefaultMavenResourcesFiltering - Copying 0 resource from src\main\resources to target\classes
2025-02-09 01:35:07,613 [Worker-43: Building] INFO  o.a.m.s.f.DefaultMavenResourcesFiltering - skip non existing resourceDirectory C:\Users\Samruddhi\OneDrive\Desktop\cdac-project\Celebrateit-backend\Celebrateit-backend\src\test\resources
2025-02-09 01:35:27,966 [Worker-44: Building] INFO  o.a.m.s.f.DefaultMavenResourcesFiltering - Copying 1 resource from src\main\resources to target\classes
2025-02-09 01:35:27,979 [Worker-44: Building] INFO  o.a.m.s.f.DefaultMavenResourcesFiltering - Copying 0 resource from src\main\resources to target\classes
2025-02-09 01:35:27,981 [Worker-44: Building] INFO  o.a.m.s.f.DefaultMavenResourcesFiltering - skip non existing resourceDirectory C:\Users\Samruddhi\OneDrive\Desktop\cdac-project\Celebrateit-backend\Celebrateit-backend\src\test\resources
2025-02-09 01:35:37,801 [Worker-42: Building] INFO  o.a.m.s.f.DefaultMavenResourcesFiltering - Copying 1 resource from src\main\resources to target\classes
2025-02-09 01:35:37,804 [Worker-42: Building] INFO  o.a.m.s.f.DefaultMavenResourcesFiltering - Copying 0 resource from src\main\resources to target\classes
2025-02-09 01:35:37,806 [Worker-42: Building] INFO  o.a.m.s.f.DefaultMavenResourcesFiltering - skip non existing resourceDirectory C:\Users\Samruddhi\OneDrive\Desktop\cdac-project\Celebrateit-backend\Celebrateit-backend\src\test\resources
2025-02-09 01:35:54,151 [main] INFO  o.e.m2e.actions.ExecutePomAction - Creating new launch configuration
2025-02-09 01:36:04,632 [Worker-26: Launching Celebrateit-backend (11)] INFO  o.eclipse.m2e.core.internal.Bundles - getClasspathEntries(Bundle=org.eclipse.m2e.maven.runtime_3.9.900.20240824-1409 [359])
2025-02-09 01:36:04,633 [Worker-26: Launching Celebrateit-backend (11)] INFO  o.eclipse.m2e.core.internal.Bundles - 	Entry: D:\sts-4.26.0.RELEASE\plugins\org.eclipse.m2e.maven.runtime_3.9.900.20240824-1409
2025-02-09 01:36:04,633 [Worker-26: Launching Celebrateit-backend (11)] INFO  o.eclipse.m2e.core.internal.Bundles - 	Entry: D:\sts-4.26.0.RELEASE\plugins\org.eclipse.m2e.maven.runtime_3.9.900.20240824-1409\jars\aopalliance-1.0.jar
2025-02-09 01:36:04,633 [Worker-26: Launching Celebrateit-backend (11)] INFO  o.eclipse.m2e.core.internal.Bundles - 	Entry: D:\sts-4.26.0.RELEASE\plugins\org.eclipse.m2e.maven.runtime_3.9.900.20240824-1409\jars\guice-5.1.0.jar
2025-02-09 01:36:04,633 [Worker-26: Launching Celebrateit-backend (11)] INFO  o.eclipse.m2e.core.internal.Bundles - 	Entry: D:\sts-4.26.0.RELEASE\plugins\org.eclipse.m2e.maven.runtime_3.9.900.20240824-1409\jars\httpclient-4.5.14.jar
2025-02-09 01:36:04,633 [Worker-26: Launching Celebrateit-backend (11)] INFO  o.eclipse.m2e.core.internal.Bundles - 	Entry: D:\sts-4.26.0.RELEASE\plugins\org.eclipse.m2e.maven.runtime_3.9.900.20240824-1409\jars\httpcore-4.4.16.jar
2025-02-09 01:36:04,633 [Worker-26: Launching Celebrateit-backend (11)] INFO  o.eclipse.m2e.core.internal.Bundles - 	Entry: D:\sts-4.26.0.RELEASE\plugins\org.eclipse.m2e.maven.runtime_3.9.900.20240824-1409\jars\jansi-2.4.1.jar
2025-02-09 01:36:04,633 [Worker-26: Launching Celebrateit-backend (11)] INFO  o.eclipse.m2e.core.internal.Bundles - 	Entry: D:\sts-4.26.0.RELEASE\plugins\org.eclipse.m2e.maven.runtime_3.9.900.20240824-1409\jars\jcl-over-slf4j-1.7.36.jar
2025-02-09 01:36:04,633 [Worker-26: Launching Celebrateit-backend (11)] INFO  o.eclipse.m2e.core.internal.Bundles - 	Entry: D:\sts-4.26.0.RELEASE\plugins\org.eclipse.m2e.maven.runtime_3.9.900.20240824-1409\jars\maven-artifact-3.9.9.jar
2025-02-09 01:36:04,633 [Worker-26: Launching Celebrateit-backend (11)] INFO  o.eclipse.m2e.core.internal.Bundles - 	Entry: D:\sts-4.26.0.RELEASE\plugins\org.eclipse.m2e.maven.runtime_3.9.900.20240824-1409\jars\maven-builder-support-3.9.9.jar
2025-02-09 01:36:04,633 [Worker-26: Launching Celebrateit-backend (11)] INFO  o.eclipse.m2e.core.internal.Bundles - 	Entry: D:\sts-4.26.0.RELEASE\plugins\org.eclipse.m2e.maven.runtime_3.9.900.20240824-1409\jars\maven-compat-3.9.9.jar
2025-02-09 01:36:04,633 [Worker-26: Launching Celebrateit-backend (11)] INFO  o.eclipse.m2e.core.internal.Bundles - 	Entry: D:\sts-4.26.0.RELEASE\plugins\org.eclipse.m2e.maven.runtime_3.9.900.20240824-1409\jars\maven-core-3.9.9.jar
2025-02-09 01:36:04,633 [Worker-26: Launching Celebrateit-backend (11)] INFO  o.eclipse.m2e.core.internal.Bundles - 	Entry: D:\sts-4.26.0.RELEASE\plugins\org.eclipse.m2e.maven.runtime_3.9.900.20240824-1409\jars\maven-embedder-3.9.9.jar
2025-02-09 01:36:04,633 [Worker-26: Launching Celebrateit-backend (11)] INFO  o.eclipse.m2e.core.internal.Bundles - 	Entry: D:\sts-4.26.0.RELEASE\plugins\org.eclipse.m2e.maven.runtime_3.9.900.20240824-1409\jars\maven-model-3.9.9.jar
2025-02-09 01:36:04,633 [Worker-26: Launching Celebrateit-backend (11)] INFO  o.eclipse.m2e.core.internal.Bundles - 	Entry: D:\sts-4.26.0.RELEASE\plugins\org.eclipse.m2e.maven.runtime_3.9.900.20240824-1409\jars\maven-model-builder-3.9.9.jar
2025-02-09 01:36:04,633 [Worker-26: Launching Celebrateit-backend (11)] INFO  o.eclipse.m2e.core.internal.Bundles - 	Entry: D:\sts-4.26.0.RELEASE\plugins\org.eclipse.m2e.maven.runtime_3.9.900.20240824-1409\jars\maven-plugin-api-3.9.9.jar
2025-02-09 01:36:04,633 [Worker-26: Launching Celebrateit-backend (11)] INFO  o.eclipse.m2e.core.internal.Bundles - 	Entry: D:\sts-4.26.0.RELEASE\plugins\org.eclipse.m2e.maven.runtime_3.9.900.20240824-1409\jars\maven-repository-metadata-3.9.9.jar
2025-02-09 01:36:04,633 [Worker-26: Launching Celebrateit-backend (11)] INFO  o.eclipse.m2e.core.internal.Bundles - 	Entry: D:\sts-4.26.0.RELEASE\plugins\org.eclipse.m2e.maven.runtime_3.9.900.20240824-1409\jars\maven-resolver-api-1.9.22.jar
2025-02-09 01:36:04,633 [Worker-26: Launching Celebrateit-backend (11)] INFO  o.eclipse.m2e.core.internal.Bundles - 	Entry: D:\sts-4.26.0.RELEASE\plugins\org.eclipse.m2e.maven.runtime_3.9.900.20240824-1409\jars\maven-resolver-connector-basic-1.9.22.jar
2025-02-09 01:36:04,633 [Worker-26: Launching Celebrateit-backend (11)] INFO  o.eclipse.m2e.core.internal.Bundles - 	Entry: D:\sts-4.26.0.RELEASE\plugins\org.eclipse.m2e.maven.runtime_3.9.900.20240824-1409\jars\maven-resolver-impl-1.9.22.jar
2025-02-09 01:36:04,633 [Worker-26: Launching Celebrateit-backend (11)] INFO  o.eclipse.m2e.core.internal.Bundles - 	Entry: D:\sts-4.26.0.RELEASE\plugins\org.eclipse.m2e.maven.runtime_3.9.900.20240824-1409\jars\maven-resolver-named-locks-1.9.22.jar
2025-02-09 01:36:04,633 [Worker-26: Launching Celebrateit-backend (11)] INFO  o.eclipse.m2e.core.internal.Bundles - 	Entry: D:\sts-4.26.0.RELEASE\plugins\org.eclipse.m2e.maven.runtime_3.9.900.20240824-1409\jars\maven-resolver-provider-3.9.9.jar
2025-02-09 01:36:04,634 [Worker-26: Launching Celebrateit-backend (11)] INFO  o.eclipse.m2e.core.internal.Bundles - 	Entry: D:\sts-4.26.0.RELEASE\plugins\org.eclipse.m2e.maven.runtime_3.9.900.20240824-1409\jars\maven-resolver-spi-1.9.22.jar
2025-02-09 01:36:04,634 [Worker-26: Launching Celebrateit-backend (11)] INFO  o.eclipse.m2e.core.internal.Bundles - 	Entry: D:\sts-4.26.0.RELEASE\plugins\org.eclipse.m2e.maven.runtime_3.9.900.20240824-1409\jars\maven-resolver-transport-file-1.9.22.jar
2025-02-09 01:36:04,634 [Worker-26: Launching Celebrateit-backend (11)] INFO  o.eclipse.m2e.core.internal.Bundles - 	Entry: D:\sts-4.26.0.RELEASE\plugins\org.eclipse.m2e.maven.runtime_3.9.900.20240824-1409\jars\maven-resolver-transport-http-1.9.22.jar
2025-02-09 01:36:04,634 [Worker-26: Launching Celebrateit-backend (11)] INFO  o.eclipse.m2e.core.internal.Bundles - 	Entry: D:\sts-4.26.0.RELEASE\plugins\org.eclipse.m2e.maven.runtime_3.9.900.20240824-1409\jars\maven-resolver-transport-wagon-1.9.22.jar
2025-02-09 01:36:04,634 [Worker-26: Launching Celebrateit-backend (11)] INFO  o.eclipse.m2e.core.internal.Bundles - 	Entry: D:\sts-4.26.0.RELEASE\plugins\org.eclipse.m2e.maven.runtime_3.9.900.20240824-1409\jars\maven-resolver-util-1.9.22.jar
2025-02-09 01:36:04,634 [Worker-26: Launching Celebrateit-backend (11)] INFO  o.eclipse.m2e.core.internal.Bundles - 	Entry: D:\sts-4.26.0.RELEASE\plugins\org.eclipse.m2e.maven.runtime_3.9.900.20240824-1409\jars\maven-settings-3.9.9.jar
2025-02-09 01:36:04,634 [Worker-26: Launching Celebrateit-backend (11)] INFO  o.eclipse.m2e.core.internal.Bundles - 	Entry: D:\sts-4.26.0.RELEASE\plugins\org.eclipse.m2e.maven.runtime_3.9.900.20240824-1409\jars\maven-settings-builder-3.9.9.jar
2025-02-09 01:36:04,634 [Worker-26: Launching Celebrateit-backend (11)] INFO  o.eclipse.m2e.core.internal.Bundles - 	Entry: D:\sts-4.26.0.RELEASE\plugins\org.eclipse.m2e.maven.runtime_3.9.900.20240824-1409\jars\maven-shared-utils-3.4.2.jar
2025-02-09 01:36:04,634 [Worker-26: Launching Celebrateit-backend (11)] INFO  o.eclipse.m2e.core.internal.Bundles - 	Entry: D:\sts-4.26.0.RELEASE\plugins\org.eclipse.m2e.maven.runtime_3.9.900.20240824-1409\jars\org.eclipse.sisu.inject-0.9.0.M3.jar
2025-02-09 01:36:04,634 [Worker-26: Launching Celebrateit-backend (11)] INFO  o.eclipse.m2e.core.internal.Bundles - 	Entry: D:\sts-4.26.0.RELEASE\plugins\org.eclipse.m2e.maven.runtime_3.9.900.20240824-1409\jars\org.eclipse.sisu.plexus-0.9.0.M3.jar
2025-02-09 01:36:04,634 [Worker-26: Launching Celebrateit-backend (11)] INFO  o.eclipse.m2e.core.internal.Bundles - 	Entry: D:\sts-4.26.0.RELEASE\plugins\org.eclipse.m2e.maven.runtime_3.9.900.20240824-1409\jars\plexus-build-api-0.0.7.jar
2025-02-09 01:36:04,634 [Worker-26: Launching Celebrateit-backend (11)] INFO  o.eclipse.m2e.core.internal.Bundles - 	Entry: D:\sts-4.26.0.RELEASE\plugins\org.eclipse.m2e.maven.runtime_3.9.900.20240824-1409\jars\plexus-build-api-1.2.0.jar
2025-02-09 01:36:04,634 [Worker-26: Launching Celebrateit-backend (11)] INFO  o.eclipse.m2e.core.internal.Bundles - 	Entry: D:\sts-4.26.0.RELEASE\plugins\org.eclipse.m2e.maven.runtime_3.9.900.20240824-1409\jars\plexus-cipher-2.0.jar
2025-02-09 01:36:04,634 [Worker-26: Launching Celebrateit-backend (11)] INFO  o.eclipse.m2e.core.internal.Bundles - 	Entry: D:\sts-4.26.0.RELEASE\plugins\org.eclipse.m2e.maven.runtime_3.9.900.20240824-1409\jars\plexus-classworlds-2.8.0.jar
2025-02-09 01:36:04,634 [Worker-26: Launching Celebrateit-backend (11)] INFO  o.eclipse.m2e.core.internal.Bundles - 	Entry: D:\sts-4.26.0.RELEASE\plugins\org.eclipse.m2e.maven.runtime_3.9.900.20240824-1409\jars\plexus-component-annotations-2.1.0.jar
2025-02-09 01:36:04,634 [Worker-26: Launching Celebrateit-backend (11)] INFO  o.eclipse.m2e.core.internal.Bundles - 	Entry: D:\sts-4.26.0.RELEASE\plugins\org.eclipse.m2e.maven.runtime_3.9.900.20240824-1409\jars\plexus-interpolation-1.27.jar
2025-02-09 01:36:04,634 [Worker-26: Launching Celebrateit-backend (11)] INFO  o.eclipse.m2e.core.internal.Bundles - 	Entry: D:\sts-4.26.0.RELEASE\plugins\org.eclipse.m2e.maven.runtime_3.9.900.20240824-1409\jars\plexus-sec-dispatcher-2.0.jar
2025-02-09 01:36:04,634 [Worker-26: Launching Celebrateit-backend (11)] INFO  o.eclipse.m2e.core.internal.Bundles - 	Entry: D:\sts-4.26.0.RELEASE\plugins\org.eclipse.m2e.maven.runtime_3.9.900.20240824-1409\jars\plexus-utils-3.5.1.jar
2025-02-09 01:36:04,634 [Worker-26: Launching Celebrateit-backend (11)] INFO  o.eclipse.m2e.core.internal.Bundles - 	Entry: D:\sts-4.26.0.RELEASE\plugins\org.eclipse.m2e.maven.runtime_3.9.900.20240824-1409\jars\plexus-xml-3.0.1.jar
2025-02-09 01:36:04,634 [Worker-26: Launching Celebrateit-backend (11)] INFO  o.eclipse.m2e.core.internal.Bundles - 	Entry: D:\sts-4.26.0.RELEASE\plugins\org.eclipse.m2e.maven.runtime_3.9.900.20240824-1409\jars\wagon-file-3.5.3.jar
2025-02-09 01:36:04,634 [Worker-26: Launching Celebrateit-backend (11)] INFO  o.eclipse.m2e.core.internal.Bundles - 	Entry: D:\sts-4.26.0.RELEASE\plugins\org.eclipse.m2e.maven.runtime_3.9.900.20240824-1409\jars\wagon-http-3.5.3.jar
2025-02-09 01:36:04,634 [Worker-26: Launching Celebrateit-backend (11)] INFO  o.eclipse.m2e.core.internal.Bundles - 	Entry: D:\sts-4.26.0.RELEASE\plugins\org.eclipse.m2e.maven.runtime_3.9.900.20240824-1409\jars\wagon-http-shared-3.5.3.jar
2025-02-09 01:36:04,634 [Worker-26: Launching Celebrateit-backend (11)] INFO  o.eclipse.m2e.core.internal.Bundles - 	Entry: D:\sts-4.26.0.RELEASE\plugins\org.eclipse.m2e.maven.runtime_3.9.900.20240824-1409\jars\wagon-provider-api-3.5.3.jar
2025-02-09 01:36:04,634 [Worker-26: Launching Celebrateit-backend (11)] INFO  o.eclipse.m2e.core.internal.Bundles - getClasspathEntries(Bundle=com.google.guava_33.3.0.jre [29])
2025-02-09 01:36:04,634 [Worker-26: Launching Celebrateit-backend (11)] INFO  o.eclipse.m2e.core.internal.Bundles - 	Entry: D:\sts-4.26.0.RELEASE\plugins\com.google.guava_33.3.0.jre.jar
2025-02-09 01:36:04,634 [Worker-26: Launching Celebrateit-backend (11)] INFO  o.eclipse.m2e.core.internal.Bundles - getClasspathEntries(Bundle=slf4j.api_2.0.16 [592])
2025-02-09 01:36:04,634 [Worker-26: Launching Celebrateit-backend (11)] INFO  o.eclipse.m2e.core.internal.Bundles - 	Entry: D:\sts-4.26.0.RELEASE\plugins\slf4j.api_2.0.16.jar
2025-02-09 01:36:04,634 [Worker-26: Launching Celebrateit-backend (11)] INFO  o.eclipse.m2e.core.internal.Bundles - getClasspathEntries(Bundle=jakarta.inject.jakarta.inject-api_1.0.5 [45])
2025-02-09 01:36:04,635 [Worker-26: Launching Celebrateit-backend (11)] INFO  o.eclipse.m2e.core.internal.Bundles - 	Entry: D:\sts-4.26.0.RELEASE\plugins\jakarta.inject.jakarta.inject-api_1.0.5.jar
2025-02-09 01:36:04,635 [Worker-26: Launching Celebrateit-backend (11)] INFO  o.eclipse.m2e.core.internal.Bundles - getClasspathEntries(Bundle=jakarta.annotation-api_1.3.5 [41])
2025-02-09 01:36:04,635 [Worker-26: Launching Celebrateit-backend (11)] INFO  o.eclipse.m2e.core.internal.Bundles - 	Entry: D:\sts-4.26.0.RELEASE\plugins\jakarta.annotation-api_1.3.5.jar
2025-02-09 01:36:04,635 [Worker-26: Launching Celebrateit-backend (11)] INFO  o.eclipse.m2e.core.internal.Bundles - getClasspathEntries(Bundle=org.apache.commons.cli_1.9.0 [77])
2025-02-09 01:36:04,635 [Worker-26: Launching Celebrateit-backend (11)] INFO  o.eclipse.m2e.core.internal.Bundles - 	Entry: D:\sts-4.26.0.RELEASE\plugins\org.apache.commons.cli_1.9.0.jar
2025-02-09 01:36:04,635 [Worker-26: Launching Celebrateit-backend (11)] INFO  o.eclipse.m2e.core.internal.Bundles - getClasspathEntries(Bundle=org.apache.commons.commons-codec_1.16.0 [80])
2025-02-09 01:36:04,635 [Worker-26: Launching Celebrateit-backend (11)] INFO  o.eclipse.m2e.core.internal.Bundles - 	Entry: D:\sts-4.26.0.RELEASE\plugins\org.apache.commons.commons-codec_1.16.0.jar
2025-02-09 01:36:04,635 [Worker-26: Launching Celebrateit-backend (11)] INFO  o.eclipse.m2e.core.internal.Bundles - getClasspathEntries(Bundle=com.google.guava.failureaccess_1.0.2 [30])
2025-02-09 01:36:04,635 [Worker-26: Launching Celebrateit-backend (11)] INFO  o.eclipse.m2e.core.internal.Bundles - 	Entry: D:\sts-4.26.0.RELEASE\plugins\com.google.guava.failureaccess_1.0.2.jar
2025-02-09 01:36:04,636 [Worker-26: Launching Celebrateit-backend (11)] INFO  o.e.m.i.launch.MavenLaunchDelegate - Run build in "C:\Users\Samruddhi\OneDrive\Desktop\cdac-project\Celebrateit-backend\Celebrateit-backend":
2025-02-09 01:36:04,636 [Worker-26: Launching Celebrateit-backend (11)] INFO  o.e.m.i.launch.MavenLaunchDelegate -  mvn  -B -Dstyle.color=always clean compile
2025-02-09 01:38:03,650 [Worker-40: Building] INFO  o.a.m.s.f.DefaultMavenResourcesFiltering - Copying 1 resource from src\main\resources to target\classes
2025-02-09 01:38:03,656 [Worker-40: Building] INFO  o.a.m.s.f.DefaultMavenResourcesFiltering - Copying 0 resource from src\main\resources to target\classes
2025-02-09 01:38:03,660 [Worker-40: Building] INFO  o.a.m.s.f.DefaultMavenResourcesFiltering - skip non existing resourceDirectory C:\Users\Samruddhi\OneDrive\Desktop\cdac-project\Celebrateit-backend\Celebrateit-backend\src\test\resources
2025-02-09 01:50:01,475 [Worker-50: Building] INFO  o.a.m.s.f.DefaultMavenResourcesFiltering - Copying 1 resource from src\main\resources to target\classes
2025-02-09 01:50:01,481 [Worker-50: Building] INFO  o.a.m.s.f.DefaultMavenResourcesFiltering - Copying 0 resource from src\main\resources to target\classes
2025-02-09 01:50:01,483 [Worker-50: Building] INFO  o.a.m.s.f.DefaultMavenResourcesFiltering - skip non existing resourceDirectory C:\Users\Samruddhi\OneDrive\Desktop\cdac-project\Celebrateit-backend\Celebrateit-backend\src\test\resources
2025-02-09 01:50:39,055 [Worker-40: Building] INFO  o.a.m.s.f.DefaultMavenResourcesFiltering - Copying 1 resource from src\main\resources to target\classes
2025-02-09 01:50:39,061 [Worker-40: Building] INFO  o.a.m.s.f.DefaultMavenResourcesFiltering - Copying 0 resource from src\main\resources to target\classes
2025-02-09 01:50:39,062 [Worker-40: Building] INFO  o.a.m.s.f.DefaultMavenResourcesFiltering - skip non existing resourceDirectory C:\Users\Samruddhi\OneDrive\Desktop\cdac-project\Celebrateit-backend\Celebrateit-backend\src\test\resources
2025-02-09 01:51:33,484 [Worker-40: Building] INFO  o.a.m.s.f.DefaultMavenResourcesFiltering - Copying 1 resource from src\main\resources to target\classes
2025-02-09 01:51:33,492 [Worker-40: Building] INFO  o.a.m.s.f.DefaultMavenResourcesFiltering - Copying 0 resource from src\main\resources to target\classes
2025-02-09 01:51:33,497 [Worker-40: Building] INFO  o.a.m.s.f.DefaultMavenResourcesFiltering - skip non existing resourceDirectory C:\Users\Samruddhi\OneDrive\Desktop\cdac-project\Celebrateit-backend\Celebrateit-backend\src\test\resources
2025-02-09 01:52:44,871 [Worker-51: Building] INFO  o.a.m.s.f.DefaultMavenResourcesFiltering - Copying 1 resource from src\main\resources to target\classes
2025-02-09 01:52:44,874 [Worker-51: Building] INFO  o.a.m.s.f.DefaultMavenResourcesFiltering - Copying 0 resource from src\main\resources to target\classes
2025-02-09 01:52:44,877 [Worker-51: Building] INFO  o.a.m.s.f.DefaultMavenResourcesFiltering - skip non existing resourceDirectory C:\Users\Samruddhi\OneDrive\Desktop\cdac-project\Celebrateit-backend\Celebrateit-backend\src\test\resources
2025-02-09 01:53:22,871 [Worker-40: Building] INFO  o.a.m.s.f.DefaultMavenResourcesFiltering - Copying 1 resource from src\main\resources to target\classes
2025-02-09 01:53:22,875 [Worker-40: Building] INFO  o.a.m.s.f.DefaultMavenResourcesFiltering - Copying 0 resource from src\main\resources to target\classes
2025-02-09 01:53:22,878 [Worker-40: Building] INFO  o.a.m.s.f.DefaultMavenResourcesFiltering - skip non existing resourceDirectory C:\Users\Samruddhi\OneDrive\Desktop\cdac-project\Celebrateit-backend\Celebrateit-backend\src\test\resources
2025-02-09 01:53:41,155 [Worker-52: Building] INFO  o.a.m.s.f.DefaultMavenResourcesFiltering - Copying 0 resource from src\main\resources to target\classes
2025-02-09 01:53:41,157 [Worker-52: Building] INFO  o.a.m.s.f.DefaultMavenResourcesFiltering - Copying 0 resource from src\main\resources to target\classes
2025-02-09 01:53:41,159 [Worker-52: Building] INFO  o.a.m.s.f.DefaultMavenResourcesFiltering - skip non existing resourceDirectory C:\Users\Samruddhi\OneDrive\Desktop\cdac-project\Celebrateit-backend\Celebrateit-backend\src\test\resources
2025-02-09 01:54:10,502 [Worker-50: Building] INFO  o.a.m.s.f.DefaultMavenResourcesFiltering - Copying 1 resource from src\main\resources to target\classes
2025-02-09 01:54:10,508 [Worker-50: Building] INFO  o.a.m.s.f.DefaultMavenResourcesFiltering - Copying 0 resource from src\main\resources to target\classes
2025-02-09 01:54:10,510 [Worker-50: Building] INFO  o.a.m.s.f.DefaultMavenResourcesFiltering - skip non existing resourceDirectory C:\Users\Samruddhi\OneDrive\Desktop\cdac-project\Celebrateit-backend\Celebrateit-backend\src\test\resources
2025-02-09 01:55:28,801 [Worker-51: Building] INFO  o.a.m.s.f.DefaultMavenResourcesFiltering - Copying 1 resource from src\main\resources to target\classes
2025-02-09 01:55:28,804 [Worker-51: Building] INFO  o.a.m.s.f.DefaultMavenResourcesFiltering - Copying 0 resource from src\main\resources to target\classes
2025-02-09 01:55:28,806 [Worker-51: Building] INFO  o.a.m.s.f.DefaultMavenResourcesFiltering - skip non existing resourceDirectory C:\Users\Samruddhi\OneDrive\Desktop\cdac-project\Celebrateit-backend\Celebrateit-backend\src\test\resources
2025-02-09 01:55:45,576 [Worker-51: Building] INFO  o.a.m.s.f.DefaultMavenResourcesFiltering - Copying 1 resource from src\main\resources to target\classes
2025-02-09 01:55:45,579 [Worker-51: Building] INFO  o.a.m.s.f.DefaultMavenResourcesFiltering - Copying 0 resource from src\main\resources to target\classes
2025-02-09 01:55:45,581 [Worker-51: Building] INFO  o.a.m.s.f.DefaultMavenResourcesFiltering - skip non existing resourceDirectory C:\Users\Samruddhi\OneDrive\Desktop\cdac-project\Celebrateit-backend\Celebrateit-backend\src\test\resources
2025-02-09 01:56:01,651 [Worker-54: Building] INFO  o.a.m.s.f.DefaultMavenResourcesFiltering - Copying 1 resource from src\main\resources to target\classes
2025-02-09 01:56:01,655 [Worker-54: Building] INFO  o.a.m.s.f.DefaultMavenResourcesFiltering - Copying 0 resource from src\main\resources to target\classes
2025-02-09 01:56:01,656 [Worker-54: Building] INFO  o.a.m.s.f.DefaultMavenResourcesFiltering - skip non existing resourceDirectory C:\Users\Samruddhi\OneDrive\Desktop\cdac-project\Celebrateit-backend\Celebrateit-backend\src\test\resources
2025-02-09 01:56:24,327 [Worker-53: Launching Celebrateit-backend (9)] INFO  o.eclipse.m2e.core.internal.Bundles - getClasspathEntries(Bundle=org.eclipse.m2e.maven.runtime_3.9.900.20240824-1409 [359])
2025-02-09 01:56:24,328 [Worker-53: Launching Celebrateit-backend (9)] INFO  o.eclipse.m2e.core.internal.Bundles - 	Entry: D:\sts-4.26.0.RELEASE\plugins\org.eclipse.m2e.maven.runtime_3.9.900.20240824-1409
2025-02-09 01:56:24,328 [Worker-53: Launching Celebrateit-backend (9)] INFO  o.eclipse.m2e.core.internal.Bundles - 	Entry: D:\sts-4.26.0.RELEASE\plugins\org.eclipse.m2e.maven.runtime_3.9.900.20240824-1409\jars\aopalliance-1.0.jar
2025-02-09 01:56:24,328 [Worker-53: Launching Celebrateit-backend (9)] INFO  o.eclipse.m2e.core.internal.Bundles - 	Entry: D:\sts-4.26.0.RELEASE\plugins\org.eclipse.m2e.maven.runtime_3.9.900.20240824-1409\jars\guice-5.1.0.jar
2025-02-09 01:56:24,328 [Worker-53: Launching Celebrateit-backend (9)] INFO  o.eclipse.m2e.core.internal.Bundles - 	Entry: D:\sts-4.26.0.RELEASE\plugins\org.eclipse.m2e.maven.runtime_3.9.900.20240824-1409\jars\httpclient-4.5.14.jar
2025-02-09 01:56:24,328 [Worker-53: Launching Celebrateit-backend (9)] INFO  o.eclipse.m2e.core.internal.Bundles - 	Entry: D:\sts-4.26.0.RELEASE\plugins\org.eclipse.m2e.maven.runtime_3.9.900.20240824-1409\jars\httpcore-4.4.16.jar
2025-02-09 01:56:24,328 [Worker-53: Launching Celebrateit-backend (9)] INFO  o.eclipse.m2e.core.internal.Bundles - 	Entry: D:\sts-4.26.0.RELEASE\plugins\org.eclipse.m2e.maven.runtime_3.9.900.20240824-1409\jars\jansi-2.4.1.jar
2025-02-09 01:56:24,328 [Worker-53: Launching Celebrateit-backend (9)] INFO  o.eclipse.m2e.core.internal.Bundles - 	Entry: D:\sts-4.26.0.RELEASE\plugins\org.eclipse.m2e.maven.runtime_3.9.900.20240824-1409\jars\jcl-over-slf4j-1.7.36.jar
2025-02-09 01:56:24,328 [Worker-53: Launching Celebrateit-backend (9)] INFO  o.eclipse.m2e.core.internal.Bundles - 	Entry: D:\sts-4.26.0.RELEASE\plugins\org.eclipse.m2e.maven.runtime_3.9.900.20240824-1409\jars\maven-artifact-3.9.9.jar
2025-02-09 01:56:24,328 [Worker-53: Launching Celebrateit-backend (9)] INFO  o.eclipse.m2e.core.internal.Bundles - 	Entry: D:\sts-4.26.0.RELEASE\plugins\org.eclipse.m2e.maven.runtime_3.9.900.20240824-1409\jars\maven-builder-support-3.9.9.jar
2025-02-09 01:56:24,328 [Worker-53: Launching Celebrateit-backend (9)] INFO  o.eclipse.m2e.core.internal.Bundles - 	Entry: D:\sts-4.26.0.RELEASE\plugins\org.eclipse.m2e.maven.runtime_3.9.900.20240824-1409\jars\maven-compat-3.9.9.jar
2025-02-09 01:56:24,328 [Worker-53: Launching Celebrateit-backend (9)] INFO  o.eclipse.m2e.core.internal.Bundles - 	Entry: D:\sts-4.26.0.RELEASE\plugins\org.eclipse.m2e.maven.runtime_3.9.900.20240824-1409\jars\maven-core-3.9.9.jar
2025-02-09 01:56:24,328 [Worker-53: Launching Celebrateit-backend (9)] INFO  o.eclipse.m2e.core.internal.Bundles - 	Entry: D:\sts-4.26.0.RELEASE\plugins\org.eclipse.m2e.maven.runtime_3.9.900.20240824-1409\jars\maven-embedder-3.9.9.jar
2025-02-09 01:56:24,328 [Worker-53: Launching Celebrateit-backend (9)] INFO  o.eclipse.m2e.core.internal.Bundles - 	Entry: D:\sts-4.26.0.RELEASE\plugins\org.eclipse.m2e.maven.runtime_3.9.900.20240824-1409\jars\maven-model-3.9.9.jar
2025-02-09 01:56:24,328 [Worker-53: Launching Celebrateit-backend (9)] INFO  o.eclipse.m2e.core.internal.Bundles - 	Entry: D:\sts-4.26.0.RELEASE\plugins\org.eclipse.m2e.maven.runtime_3.9.900.20240824-1409\jars\maven-model-builder-3.9.9.jar
2025-02-09 01:56:24,328 [Worker-53: Launching Celebrateit-backend (9)] INFO  o.eclipse.m2e.core.internal.Bundles - 	Entry: D:\sts-4.26.0.RELEASE\plugins\org.eclipse.m2e.maven.runtime_3.9.900.20240824-1409\jars\maven-plugin-api-3.9.9.jar
2025-02-09 01:56:24,328 [Worker-53: Launching Celebrateit-backend (9)] INFO  o.eclipse.m2e.core.internal.Bundles - 	Entry: D:\sts-4.26.0.RELEASE\plugins\org.eclipse.m2e.maven.runtime_3.9.900.20240824-1409\jars\maven-repository-metadata-3.9.9.jar
2025-02-09 01:56:24,328 [Worker-53: Launching Celebrateit-backend (9)] INFO  o.eclipse.m2e.core.internal.Bundles - 	Entry: D:\sts-4.26.0.RELEASE\plugins\org.eclipse.m2e.maven.runtime_3.9.900.20240824-1409\jars\maven-resolver-api-1.9.22.jar
2025-02-09 01:56:24,328 [Worker-53: Launching Celebrateit-backend (9)] INFO  o.eclipse.m2e.core.internal.Bundles - 	Entry: D:\sts-4.26.0.RELEASE\plugins\org.eclipse.m2e.maven.runtime_3.9.900.20240824-1409\jars\maven-resolver-connector-basic-1.9.22.jar
2025-02-09 01:56:24,328 [Worker-53: Launching Celebrateit-backend (9)] INFO  o.eclipse.m2e.core.internal.Bundles - 	Entry: D:\sts-4.26.0.RELEASE\plugins\org.eclipse.m2e.maven.runtime_3.9.900.20240824-1409\jars\maven-resolver-impl-1.9.22.jar
2025-02-09 01:56:24,328 [Worker-53: Launching Celebrateit-backend (9)] INFO  o.eclipse.m2e.core.internal.Bundles - 	Entry: D:\sts-4.26.0.RELEASE\plugins\org.eclipse.m2e.maven.runtime_3.9.900.20240824-1409\jars\maven-resolver-named-locks-1.9.22.jar
2025-02-09 01:56:24,328 [Worker-53: Launching Celebrateit-backend (9)] INFO  o.eclipse.m2e.core.internal.Bundles - 	Entry: D:\sts-4.26.0.RELEASE\plugins\org.eclipse.m2e.maven.runtime_3.9.900.20240824-1409\jars\maven-resolver-provider-3.9.9.jar
2025-02-09 01:56:24,328 [Worker-53: Launching Celebrateit-backend (9)] INFO  o.eclipse.m2e.core.internal.Bundles - 	Entry: D:\sts-4.26.0.RELEASE\plugins\org.eclipse.m2e.maven.runtime_3.9.900.20240824-1409\jars\maven-resolver-spi-1.9.22.jar
2025-02-09 01:56:24,328 [Worker-53: Launching Celebrateit-backend (9)] INFO  o.eclipse.m2e.core.internal.Bundles - 	Entry: D:\sts-4.26.0.RELEASE\plugins\org.eclipse.m2e.maven.runtime_3.9.900.20240824-1409\jars\maven-resolver-transport-file-1.9.22.jar
2025-02-09 01:56:24,328 [Worker-53: Launching Celebrateit-backend (9)] INFO  o.eclipse.m2e.core.internal.Bundles - 	Entry: D:\sts-4.26.0.RELEASE\plugins\org.eclipse.m2e.maven.runtime_3.9.900.20240824-1409\jars\maven-resolver-transport-http-1.9.22.jar
2025-02-09 01:56:24,328 [Worker-53: Launching Celebrateit-backend (9)] INFO  o.eclipse.m2e.core.internal.Bundles - 	Entry: D:\sts-4.26.0.RELEASE\plugins\org.eclipse.m2e.maven.runtime_3.9.900.20240824-1409\jars\maven-resolver-transport-wagon-1.9.22.jar
2025-02-09 01:56:24,328 [Worker-53: Launching Celebrateit-backend (9)] INFO  o.eclipse.m2e.core.internal.Bundles - 	Entry: D:\sts-4.26.0.RELEASE\plugins\org.eclipse.m2e.maven.runtime_3.9.900.20240824-1409\jars\maven-resolver-util-1.9.22.jar
2025-02-09 01:56:24,329 [Worker-53: Launching Celebrateit-backend (9)] INFO  o.eclipse.m2e.core.internal.Bundles - 	Entry: D:\sts-4.26.0.RELEASE\plugins\org.eclipse.m2e.maven.runtime_3.9.900.20240824-1409\jars\maven-settings-3.9.9.jar
2025-02-09 01:56:24,329 [Worker-53: Launching Celebrateit-backend (9)] INFO  o.eclipse.m2e.core.internal.Bundles - 	Entry: D:\sts-4.26.0.RELEASE\plugins\org.eclipse.m2e.maven.runtime_3.9.900.20240824-1409\jars\maven-settings-builder-3.9.9.jar
2025-02-09 01:56:24,329 [Worker-53: Launching Celebrateit-backend (9)] INFO  o.eclipse.m2e.core.internal.Bundles - 	Entry: D:\sts-4.26.0.RELEASE\plugins\org.eclipse.m2e.maven.runtime_3.9.900.20240824-1409\jars\maven-shared-utils-3.4.2.jar
2025-02-09 01:56:24,329 [Worker-53: Launching Celebrateit-backend (9)] INFO  o.eclipse.m2e.core.internal.Bundles - 	Entry: D:\sts-4.26.0.RELEASE\plugins\org.eclipse.m2e.maven.runtime_3.9.900.20240824-1409\jars\org.eclipse.sisu.inject-0.9.0.M3.jar
2025-02-09 01:56:24,329 [Worker-53: Launching Celebrateit-backend (9)] INFO  o.eclipse.m2e.core.internal.Bundles - 	Entry: D:\sts-4.26.0.RELEASE\plugins\org.eclipse.m2e.maven.runtime_3.9.900.20240824-1409\jars\org.eclipse.sisu.plexus-0.9.0.M3.jar
2025-02-09 01:56:24,329 [Worker-53: Launching Celebrateit-backend (9)] INFO  o.eclipse.m2e.core.internal.Bundles - 	Entry: D:\sts-4.26.0.RELEASE\plugins\org.eclipse.m2e.maven.runtime_3.9.900.20240824-1409\jars\plexus-build-api-0.0.7.jar
2025-02-09 01:56:24,329 [Worker-53: Launching Celebrateit-backend (9)] INFO  o.eclipse.m2e.core.internal.Bundles - 	Entry: D:\sts-4.26.0.RELEASE\plugins\org.eclipse.m2e.maven.runtime_3.9.900.20240824-1409\jars\plexus-build-api-1.2.0.jar
2025-02-09 01:56:24,329 [Worker-53: Launching Celebrateit-backend (9)] INFO  o.eclipse.m2e.core.internal.Bundles - 	Entry: D:\sts-4.26.0.RELEASE\plugins\org.eclipse.m2e.maven.runtime_3.9.900.20240824-1409\jars\plexus-cipher-2.0.jar
2025-02-09 01:56:24,329 [Worker-53: Launching Celebrateit-backend (9)] INFO  o.eclipse.m2e.core.internal.Bundles - 	Entry: D:\sts-4.26.0.RELEASE\plugins\org.eclipse.m2e.maven.runtime_3.9.900.20240824-1409\jars\plexus-classworlds-2.8.0.jar
2025-02-09 01:56:24,329 [Worker-53: Launching Celebrateit-backend (9)] INFO  o.eclipse.m2e.core.internal.Bundles - 	Entry: D:\sts-4.26.0.RELEASE\plugins\org.eclipse.m2e.maven.runtime_3.9.900.20240824-1409\jars\plexus-component-annotations-2.1.0.jar
2025-02-09 01:56:24,329 [Worker-53: Launching Celebrateit-backend (9)] INFO  o.eclipse.m2e.core.internal.Bundles - 	Entry: D:\sts-4.26.0.RELEASE\plugins\org.eclipse.m2e.maven.runtime_3.9.900.20240824-1409\jars\plexus-interpolation-1.27.jar
2025-02-09 01:56:24,329 [Worker-53: Launching Celebrateit-backend (9)] INFO  o.eclipse.m2e.core.internal.Bundles - 	Entry: D:\sts-4.26.0.RELEASE\plugins\org.eclipse.m2e.maven.runtime_3.9.900.20240824-1409\jars\plexus-sec-dispatcher-2.0.jar
2025-02-09 01:56:24,329 [Worker-53: Launching Celebrateit-backend (9)] INFO  o.eclipse.m2e.core.internal.Bundles - 	Entry: D:\sts-4.26.0.RELEASE\plugins\org.eclipse.m2e.maven.runtime_3.9.900.20240824-1409\jars\plexus-utils-3.5.1.jar
2025-02-09 01:56:24,329 [Worker-53: Launching Celebrateit-backend (9)] INFO  o.eclipse.m2e.core.internal.Bundles - 	Entry: D:\sts-4.26.0.RELEASE\plugins\org.eclipse.m2e.maven.runtime_3.9.900.20240824-1409\jars\plexus-xml-3.0.1.jar
2025-02-09 01:56:24,329 [Worker-53: Launching Celebrateit-backend (9)] INFO  o.eclipse.m2e.core.internal.Bundles - 	Entry: D:\sts-4.26.0.RELEASE\plugins\org.eclipse.m2e.maven.runtime_3.9.900.20240824-1409\jars\wagon-file-3.5.3.jar
2025-02-09 01:56:24,329 [Worker-53: Launching Celebrateit-backend (9)] INFO  o.eclipse.m2e.core.internal.Bundles - 	Entry: D:\sts-4.26.0.RELEASE\plugins\org.eclipse.m2e.maven.runtime_3.9.900.20240824-1409\jars\wagon-http-3.5.3.jar
2025-02-09 01:56:24,329 [Worker-53: Launching Celebrateit-backend (9)] INFO  o.eclipse.m2e.core.internal.Bundles - 	Entry: D:\sts-4.26.0.RELEASE\plugins\org.eclipse.m2e.maven.runtime_3.9.900.20240824-1409\jars\wagon-http-shared-3.5.3.jar
2025-02-09 01:56:24,329 [Worker-53: Launching Celebrateit-backend (9)] INFO  o.eclipse.m2e.core.internal.Bundles - 	Entry: D:\sts-4.26.0.RELEASE\plugins\org.eclipse.m2e.maven.runtime_3.9.900.20240824-1409\jars\wagon-provider-api-3.5.3.jar
2025-02-09 01:56:24,329 [Worker-53: Launching Celebrateit-backend (9)] INFO  o.eclipse.m2e.core.internal.Bundles - getClasspathEntries(Bundle=com.google.guava_33.3.0.jre [29])
2025-02-09 01:56:24,330 [Worker-53: Launching Celebrateit-backend (9)] INFO  o.eclipse.m2e.core.internal.Bundles - 	Entry: D:\sts-4.26.0.RELEASE\plugins\com.google.guava_33.3.0.jre.jar
2025-02-09 01:56:24,330 [Worker-53: Launching Celebrateit-backend (9)] INFO  o.eclipse.m2e.core.internal.Bundles - getClasspathEntries(Bundle=slf4j.api_2.0.16 [592])
2025-02-09 01:56:24,330 [Worker-53: Launching Celebrateit-backend (9)] INFO  o.eclipse.m2e.core.internal.Bundles - 	Entry: D:\sts-4.26.0.RELEASE\plugins\slf4j.api_2.0.16.jar
2025-02-09 01:56:24,330 [Worker-53: Launching Celebrateit-backend (9)] INFO  o.eclipse.m2e.core.internal.Bundles - getClasspathEntries(Bundle=jakarta.inject.jakarta.inject-api_1.0.5 [45])
2025-02-09 01:56:24,330 [Worker-53: Launching Celebrateit-backend (9)] INFO  o.eclipse.m2e.core.internal.Bundles - 	Entry: D:\sts-4.26.0.RELEASE\plugins\jakarta.inject.jakarta.inject-api_1.0.5.jar
2025-02-09 01:56:24,330 [Worker-53: Launching Celebrateit-backend (9)] INFO  o.eclipse.m2e.core.internal.Bundles - getClasspathEntries(Bundle=jakarta.annotation-api_1.3.5 [41])
2025-02-09 01:56:24,330 [Worker-53: Launching Celebrateit-backend (9)] INFO  o.eclipse.m2e.core.internal.Bundles - 	Entry: D:\sts-4.26.0.RELEASE\plugins\jakarta.annotation-api_1.3.5.jar
2025-02-09 01:56:24,330 [Worker-53: Launching Celebrateit-backend (9)] INFO  o.eclipse.m2e.core.internal.Bundles - getClasspathEntries(Bundle=org.apache.commons.cli_1.9.0 [77])
2025-02-09 01:56:24,332 [Worker-53: Launching Celebrateit-backend (9)] INFO  o.eclipse.m2e.core.internal.Bundles - 	Entry: D:\sts-4.26.0.RELEASE\plugins\org.apache.commons.cli_1.9.0.jar
2025-02-09 01:56:24,332 [Worker-53: Launching Celebrateit-backend (9)] INFO  o.eclipse.m2e.core.internal.Bundles - getClasspathEntries(Bundle=org.apache.commons.commons-codec_1.16.0 [80])
2025-02-09 01:56:24,332 [Worker-53: Launching Celebrateit-backend (9)] INFO  o.eclipse.m2e.core.internal.Bundles - 	Entry: D:\sts-4.26.0.RELEASE\plugins\org.apache.commons.commons-codec_1.16.0.jar
2025-02-09 01:56:24,332 [Worker-53: Launching Celebrateit-backend (9)] INFO  o.eclipse.m2e.core.internal.Bundles - getClasspathEntries(Bundle=com.google.guava.failureaccess_1.0.2 [30])
2025-02-09 01:56:24,332 [Worker-53: Launching Celebrateit-backend (9)] INFO  o.eclipse.m2e.core.internal.Bundles - 	Entry: D:\sts-4.26.0.RELEASE\plugins\com.google.guava.failureaccess_1.0.2.jar
2025-02-09 01:56:24,334 [Worker-53: Launching Celebrateit-backend (9)] INFO  o.e.m.i.launch.MavenLaunchDelegate - Run build in "C:\Users\Samruddhi\OneDrive\Desktop\cdac-project\Celebrateit-backend\Celebrateit-backend":
2025-02-09 01:56:24,334 [Worker-53: Launching Celebrateit-backend (9)] INFO  o.e.m.i.launch.MavenLaunchDelegate -  mvn  -B -Dstyle.color=always clean compile
2025-02-09 01:56:24,481 [Worker-54: Building] INFO  o.a.m.s.f.DefaultMavenResourcesFiltering - Copying 1 resource from src\main\resources to target\classes
2025-02-09 01:56:24,484 [Worker-54: Building] INFO  o.a.m.s.f.DefaultMavenResourcesFiltering - Copying 0 resource from src\main\resources to target\classes
2025-02-09 01:56:24,486 [Worker-54: Building] INFO  o.a.m.s.f.DefaultMavenResourcesFiltering - skip non existing resourceDirectory C:\Users\Samruddhi\OneDrive\Desktop\cdac-project\Celebrateit-backend\Celebrateit-backend\src\test\resources
2025-02-09 01:56:46,233 [Worker-49: Launching Celebrateit-backend (9)] INFO  o.eclipse.m2e.core.internal.Bundles - getClasspathEntries(Bundle=org.eclipse.m2e.maven.runtime_3.9.900.20240824-1409 [359])
2025-02-09 01:56:46,234 [Worker-49: Launching Celebrateit-backend (9)] INFO  o.eclipse.m2e.core.internal.Bundles - 	Entry: D:\sts-4.26.0.RELEASE\plugins\org.eclipse.m2e.maven.runtime_3.9.900.20240824-1409
2025-02-09 01:56:46,234 [Worker-49: Launching Celebrateit-backend (9)] INFO  o.eclipse.m2e.core.internal.Bundles - 	Entry: D:\sts-4.26.0.RELEASE\plugins\org.eclipse.m2e.maven.runtime_3.9.900.20240824-1409\jars\aopalliance-1.0.jar
2025-02-09 01:56:46,234 [Worker-49: Launching Celebrateit-backend (9)] INFO  o.eclipse.m2e.core.internal.Bundles - 	Entry: D:\sts-4.26.0.RELEASE\plugins\org.eclipse.m2e.maven.runtime_3.9.900.20240824-1409\jars\guice-5.1.0.jar
2025-02-09 01:56:46,235 [Worker-49: Launching Celebrateit-backend (9)] INFO  o.eclipse.m2e.core.internal.Bundles - 	Entry: D:\sts-4.26.0.RELEASE\plugins\org.eclipse.m2e.maven.runtime_3.9.900.20240824-1409\jars\httpclient-4.5.14.jar
2025-02-09 01:56:46,235 [Worker-49: Launching Celebrateit-backend (9)] INFO  o.eclipse.m2e.core.internal.Bundles - 	Entry: D:\sts-4.26.0.RELEASE\plugins\org.eclipse.m2e.maven.runtime_3.9.900.20240824-1409\jars\httpcore-4.4.16.jar
2025-02-09 01:56:46,235 [Worker-49: Launching Celebrateit-backend (9)] INFO  o.eclipse.m2e.core.internal.Bundles - 	Entry: D:\sts-4.26.0.RELEASE\plugins\org.eclipse.m2e.maven.runtime_3.9.900.20240824-1409\jars\jansi-2.4.1.jar
2025-02-09 01:56:46,235 [Worker-49: Launching Celebrateit-backend (9)] INFO  o.eclipse.m2e.core.internal.Bundles - 	Entry: D:\sts-4.26.0.RELEASE\plugins\org.eclipse.m2e.maven.runtime_3.9.900.20240824-1409\jars\jcl-over-slf4j-1.7.36.jar
2025-02-09 01:56:46,235 [Worker-49: Launching Celebrateit-backend (9)] INFO  o.eclipse.m2e.core.internal.Bundles - 	Entry: D:\sts-4.26.0.RELEASE\plugins\org.eclipse.m2e.maven.runtime_3.9.900.20240824-1409\jars\maven-artifact-3.9.9.jar
2025-02-09 01:56:46,235 [Worker-49: Launching Celebrateit-backend (9)] INFO  o.eclipse.m2e.core.internal.Bundles - 	Entry: D:\sts-4.26.0.RELEASE\plugins\org.eclipse.m2e.maven.runtime_3.9.900.20240824-1409\jars\maven-builder-support-3.9.9.jar
2025-02-09 01:56:46,235 [Worker-49: Launching Celebrateit-backend (9)] INFO  o.eclipse.m2e.core.internal.Bundles - 	Entry: D:\sts-4.26.0.RELEASE\plugins\org.eclipse.m2e.maven.runtime_3.9.900.20240824-1409\jars\maven-compat-3.9.9.jar
2025-02-09 01:56:46,235 [Worker-49: Launching Celebrateit-backend (9)] INFO  o.eclipse.m2e.core.internal.Bundles - 	Entry: D:\sts-4.26.0.RELEASE\plugins\org.eclipse.m2e.maven.runtime_3.9.900.20240824-1409\jars\maven-core-3.9.9.jar
2025-02-09 01:56:46,235 [Worker-49: Launching Celebrateit-backend (9)] INFO  o.eclipse.m2e.core.internal.Bundles - 	Entry: D:\sts-4.26.0.RELEASE\plugins\org.eclipse.m2e.maven.runtime_3.9.900.20240824-1409\jars\maven-embedder-3.9.9.jar
2025-02-09 01:56:46,235 [Worker-49: Launching Celebrateit-backend (9)] INFO  o.eclipse.m2e.core.internal.Bundles - 	Entry: D:\sts-4.26.0.RELEASE\plugins\org.eclipse.m2e.maven.runtime_3.9.900.20240824-1409\jars\maven-model-3.9.9.jar
2025-02-09 01:56:46,235 [Worker-49: Launching Celebrateit-backend (9)] INFO  o.eclipse.m2e.core.internal.Bundles - 	Entry: D:\sts-4.26.0.RELEASE\plugins\org.eclipse.m2e.maven.runtime_3.9.900.20240824-1409\jars\maven-model-builder-3.9.9.jar
2025-02-09 01:56:46,235 [Worker-49: Launching Celebrateit-backend (9)] INFO  o.eclipse.m2e.core.internal.Bundles - 	Entry: D:\sts-4.26.0.RELEASE\plugins\org.eclipse.m2e.maven.runtime_3.9.900.20240824-1409\jars\maven-plugin-api-3.9.9.jar
2025-02-09 01:56:46,235 [Worker-49: Launching Celebrateit-backend (9)] INFO  o.eclipse.m2e.core.internal.Bundles - 	Entry: D:\sts-4.26.0.RELEASE\plugins\org.eclipse.m2e.maven.runtime_3.9.900.20240824-1409\jars\maven-repository-metadata-3.9.9.jar
2025-02-09 01:56:46,235 [Worker-49: Launching Celebrateit-backend (9)] INFO  o.eclipse.m2e.core.internal.Bundles - 	Entry: D:\sts-4.26.0.RELEASE\plugins\org.eclipse.m2e.maven.runtime_3.9.900.20240824-1409\jars\maven-resolver-api-1.9.22.jar
2025-02-09 01:56:46,235 [Worker-49: Launching Celebrateit-backend (9)] INFO  o.eclipse.m2e.core.internal.Bundles - 	Entry: D:\sts-4.26.0.RELEASE\plugins\org.eclipse.m2e.maven.runtime_3.9.900.20240824-1409\jars\maven-resolver-connector-basic-1.9.22.jar
2025-02-09 01:56:46,235 [Worker-49: Launching Celebrateit-backend (9)] INFO  o.eclipse.m2e.core.internal.Bundles - 	Entry: D:\sts-4.26.0.RELEASE\plugins\org.eclipse.m2e.maven.runtime_3.9.900.20240824-1409\jars\maven-resolver-impl-1.9.22.jar
2025-02-09 01:56:46,235 [Worker-49: Launching Celebrateit-backend (9)] INFO  o.eclipse.m2e.core.internal.Bundles - 	Entry: D:\sts-4.26.0.RELEASE\plugins\org.eclipse.m2e.maven.runtime_3.9.900.20240824-1409\jars\maven-resolver-named-locks-1.9.22.jar
2025-02-09 01:56:46,235 [Worker-49: Launching Celebrateit-backend (9)] INFO  o.eclipse.m2e.core.internal.Bundles - 	Entry: D:\sts-4.26.0.RELEASE\plugins\org.eclipse.m2e.maven.runtime_3.9.900.20240824-1409\jars\maven-resolver-provider-3.9.9.jar
2025-02-09 01:56:46,235 [Worker-49: Launching Celebrateit-backend (9)] INFO  o.eclipse.m2e.core.internal.Bundles - 	Entry: D:\sts-4.26.0.RELEASE\plugins\org.eclipse.m2e.maven.runtime_3.9.900.20240824-1409\jars\maven-resolver-spi-1.9.22.jar
2025-02-09 01:56:46,235 [Worker-49: Launching Celebrateit-backend (9)] INFO  o.eclipse.m2e.core.internal.Bundles - 	Entry: D:\sts-4.26.0.RELEASE\plugins\org.eclipse.m2e.maven.runtime_3.9.900.20240824-1409\jars\maven-resolver-transport-file-1.9.22.jar
2025-02-09 01:56:46,235 [Worker-49: Launching Celebrateit-backend (9)] INFO  o.eclipse.m2e.core.internal.Bundles - 	Entry: D:\sts-4.26.0.RELEASE\plugins\org.eclipse.m2e.maven.runtime_3.9.900.20240824-1409\jars\maven-resolver-transport-http-1.9.22.jar
2025-02-09 01:56:46,235 [Worker-49: Launching Celebrateit-backend (9)] INFO  o.eclipse.m2e.core.internal.Bundles - 	Entry: D:\sts-4.26.0.RELEASE\plugins\org.eclipse.m2e.maven.runtime_3.9.900.20240824-1409\jars\maven-resolver-transport-wagon-1.9.22.jar
2025-02-09 01:56:46,236 [Worker-49: Launching Celebrateit-backend (9)] INFO  o.eclipse.m2e.core.internal.Bundles - 	Entry: D:\sts-4.26.0.RELEASE\plugins\org.eclipse.m2e.maven.runtime_3.9.900.20240824-1409\jars\maven-resolver-util-1.9.22.jar
2025-02-09 01:56:46,236 [Worker-49: Launching Celebrateit-backend (9)] INFO  o.eclipse.m2e.core.internal.Bundles - 	Entry: D:\sts-4.26.0.RELEASE\plugins\org.eclipse.m2e.maven.runtime_3.9.900.20240824-1409\jars\maven-settings-3.9.9.jar
2025-02-09 01:56:46,236 [Worker-49: Launching Celebrateit-backend (9)] INFO  o.eclipse.m2e.core.internal.Bundles - 	Entry: D:\sts-4.26.0.RELEASE\plugins\org.eclipse.m2e.maven.runtime_3.9.900.20240824-1409\jars\maven-settings-builder-3.9.9.jar
2025-02-09 01:56:46,236 [Worker-49: Launching Celebrateit-backend (9)] INFO  o.eclipse.m2e.core.internal.Bundles - 	Entry: D:\sts-4.26.0.RELEASE\plugins\org.eclipse.m2e.maven.runtime_3.9.900.20240824-1409\jars\maven-shared-utils-3.4.2.jar
2025-02-09 01:56:46,236 [Worker-49: Launching Celebrateit-backend (9)] INFO  o.eclipse.m2e.core.internal.Bundles - 	Entry: D:\sts-4.26.0.RELEASE\plugins\org.eclipse.m2e.maven.runtime_3.9.900.20240824-1409\jars\org.eclipse.sisu.inject-0.9.0.M3.jar
2025-02-09 01:56:46,236 [Worker-49: Launching Celebrateit-backend (9)] INFO  o.eclipse.m2e.core.internal.Bundles - 	Entry: D:\sts-4.26.0.RELEASE\plugins\org.eclipse.m2e.maven.runtime_3.9.900.20240824-1409\jars\org.eclipse.sisu.plexus-0.9.0.M3.jar
2025-02-09 01:56:46,236 [Worker-49: Launching Celebrateit-backend (9)] INFO  o.eclipse.m2e.core.internal.Bundles - 	Entry: D:\sts-4.26.0.RELEASE\plugins\org.eclipse.m2e.maven.runtime_3.9.900.20240824-1409\jars\plexus-build-api-0.0.7.jar
2025-02-09 01:56:46,236 [Worker-49: Launching Celebrateit-backend (9)] INFO  o.eclipse.m2e.core.internal.Bundles - 	Entry: D:\sts-4.26.0.RELEASE\plugins\org.eclipse.m2e.maven.runtime_3.9.900.20240824-1409\jars\plexus-build-api-1.2.0.jar
2025-02-09 01:56:46,236 [Worker-49: Launching Celebrateit-backend (9)] INFO  o.eclipse.m2e.core.internal.Bundles - 	Entry: D:\sts-4.26.0.RELEASE\plugins\org.eclipse.m2e.maven.runtime_3.9.900.20240824-1409\jars\plexus-cipher-2.0.jar
2025-02-09 01:56:46,236 [Worker-49: Launching Celebrateit-backend (9)] INFO  o.eclipse.m2e.core.internal.Bundles - 	Entry: D:\sts-4.26.0.RELEASE\plugins\org.eclipse.m2e.maven.runtime_3.9.900.20240824-1409\jars\plexus-classworlds-2.8.0.jar
2025-02-09 01:56:46,236 [Worker-49: Launching Celebrateit-backend (9)] INFO  o.eclipse.m2e.core.internal.Bundles - 	Entry: D:\sts-4.26.0.RELEASE\plugins\org.eclipse.m2e.maven.runtime_3.9.900.20240824-1409\jars\plexus-component-annotations-2.1.0.jar
2025-02-09 01:56:46,236 [Worker-49: Launching Celebrateit-backend (9)] INFO  o.eclipse.m2e.core.internal.Bundles - 	Entry: D:\sts-4.26.0.RELEASE\plugins\org.eclipse.m2e.maven.runtime_3.9.900.20240824-1409\jars\plexus-interpolation-1.27.jar
2025-02-09 01:56:46,236 [Worker-49: Launching Celebrateit-backend (9)] INFO  o.eclipse.m2e.core.internal.Bundles - 	Entry: D:\sts-4.26.0.RELEASE\plugins\org.eclipse.m2e.maven.runtime_3.9.900.20240824-1409\jars\plexus-sec-dispatcher-2.0.jar
2025-02-09 01:56:46,236 [Worker-49: Launching Celebrateit-backend (9)] INFO  o.eclipse.m2e.core.internal.Bundles - 	Entry: D:\sts-4.26.0.RELEASE\plugins\org.eclipse.m2e.maven.runtime_3.9.900.20240824-1409\jars\plexus-utils-3.5.1.jar
2025-02-09 01:56:46,236 [Worker-49: Launching Celebrateit-backend (9)] INFO  o.eclipse.m2e.core.internal.Bundles - 	Entry: D:\sts-4.26.0.RELEASE\plugins\org.eclipse.m2e.maven.runtime_3.9.900.20240824-1409\jars\plexus-xml-3.0.1.jar
2025-02-09 01:56:46,236 [Worker-49: Launching Celebrateit-backend (9)] INFO  o.eclipse.m2e.core.internal.Bundles - 	Entry: D:\sts-4.26.0.RELEASE\plugins\org.eclipse.m2e.maven.runtime_3.9.900.20240824-1409\jars\wagon-file-3.5.3.jar
2025-02-09 01:56:46,236 [Worker-49: Launching Celebrateit-backend (9)] INFO  o.eclipse.m2e.core.internal.Bundles - 	Entry: D:\sts-4.26.0.RELEASE\plugins\org.eclipse.m2e.maven.runtime_3.9.900.20240824-1409\jars\wagon-http-3.5.3.jar
2025-02-09 01:56:46,236 [Worker-49: Launching Celebrateit-backend (9)] INFO  o.eclipse.m2e.core.internal.Bundles - 	Entry: D:\sts-4.26.0.RELEASE\plugins\org.eclipse.m2e.maven.runtime_3.9.900.20240824-1409\jars\wagon-http-shared-3.5.3.jar
2025-02-09 01:56:46,236 [Worker-49: Launching Celebrateit-backend (9)] INFO  o.eclipse.m2e.core.internal.Bundles - 	Entry: D:\sts-4.26.0.RELEASE\plugins\org.eclipse.m2e.maven.runtime_3.9.900.20240824-1409\jars\wagon-provider-api-3.5.3.jar
2025-02-09 01:56:46,236 [Worker-49: Launching Celebrateit-backend (9)] INFO  o.eclipse.m2e.core.internal.Bundles - getClasspathEntries(Bundle=com.google.guava_33.3.0.jre [29])
2025-02-09 01:56:46,237 [Worker-49: Launching Celebrateit-backend (9)] INFO  o.eclipse.m2e.core.internal.Bundles - 	Entry: D:\sts-4.26.0.RELEASE\plugins\com.google.guava_33.3.0.jre.jar
2025-02-09 01:56:46,237 [Worker-49: Launching Celebrateit-backend (9)] INFO  o.eclipse.m2e.core.internal.Bundles - getClasspathEntries(Bundle=slf4j.api_2.0.16 [592])
2025-02-09 01:56:46,237 [Worker-49: Launching Celebrateit-backend (9)] INFO  o.eclipse.m2e.core.internal.Bundles - 	Entry: D:\sts-4.26.0.RELEASE\plugins\slf4j.api_2.0.16.jar
2025-02-09 01:56:46,237 [Worker-49: Launching Celebrateit-backend (9)] INFO  o.eclipse.m2e.core.internal.Bundles - getClasspathEntries(Bundle=jakarta.inject.jakarta.inject-api_1.0.5 [45])
2025-02-09 01:56:46,237 [Worker-49: Launching Celebrateit-backend (9)] INFO  o.eclipse.m2e.core.internal.Bundles - 	Entry: D:\sts-4.26.0.RELEASE\plugins\jakarta.inject.jakarta.inject-api_1.0.5.jar
2025-02-09 01:56:46,237 [Worker-49: Launching Celebrateit-backend (9)] INFO  o.eclipse.m2e.core.internal.Bundles - getClasspathEntries(Bundle=jakarta.annotation-api_1.3.5 [41])
2025-02-09 01:56:46,237 [Worker-49: Launching Celebrateit-backend (9)] INFO  o.eclipse.m2e.core.internal.Bundles - 	Entry: D:\sts-4.26.0.RELEASE\plugins\jakarta.annotation-api_1.3.5.jar
2025-02-09 01:56:46,237 [Worker-49: Launching Celebrateit-backend (9)] INFO  o.eclipse.m2e.core.internal.Bundles - getClasspathEntries(Bundle=org.apache.commons.cli_1.9.0 [77])
2025-02-09 01:56:46,237 [Worker-49: Launching Celebrateit-backend (9)] INFO  o.eclipse.m2e.core.internal.Bundles - 	Entry: D:\sts-4.26.0.RELEASE\plugins\org.apache.commons.cli_1.9.0.jar
2025-02-09 01:56:46,237 [Worker-49: Launching Celebrateit-backend (9)] INFO  o.eclipse.m2e.core.internal.Bundles - getClasspathEntries(Bundle=org.apache.commons.commons-codec_1.16.0 [80])
2025-02-09 01:56:46,237 [Worker-49: Launching Celebrateit-backend (9)] INFO  o.eclipse.m2e.core.internal.Bundles - 	Entry: D:\sts-4.26.0.RELEASE\plugins\org.apache.commons.commons-codec_1.16.0.jar
2025-02-09 01:56:46,237 [Worker-49: Launching Celebrateit-backend (9)] INFO  o.eclipse.m2e.core.internal.Bundles - getClasspathEntries(Bundle=com.google.guava.failureaccess_1.0.2 [30])
2025-02-09 01:56:46,237 [Worker-49: Launching Celebrateit-backend (9)] INFO  o.eclipse.m2e.core.internal.Bundles - 	Entry: D:\sts-4.26.0.RELEASE\plugins\com.google.guava.failureaccess_1.0.2.jar
2025-02-09 01:56:46,238 [Worker-49: Launching Celebrateit-backend (9)] INFO  o.e.m.i.launch.MavenLaunchDelegate - Run build in "C:\Users\Samruddhi\OneDrive\Desktop\cdac-project\Celebrateit-backend\Celebrateit-backend":
2025-02-09 01:56:46,238 [Worker-49: Launching Celebrateit-backend (9)] INFO  o.e.m.i.launch.MavenLaunchDelegate -  mvn  -B -Dstyle.color=always clean compile
2025-02-09 01:57:01,834 [Worker-54: Building] INFO  o.a.m.s.f.DefaultMavenResourcesFiltering - Copying 1 resource from src\main\resources to target\classes
2025-02-09 01:57:01,838 [Worker-54: Building] INFO  o.a.m.s.f.DefaultMavenResourcesFiltering - Copying 0 resource from src\main\resources to target\classes
2025-02-09 01:57:01,841 [Worker-54: Building] INFO  o.a.m.s.f.DefaultMavenResourcesFiltering - skip non existing resourceDirectory C:\Users\Samruddhi\OneDrive\Desktop\cdac-project\Celebrateit-backend\Celebrateit-backend\src\test\resources
2025-02-09 01:57:50,184 [Worker-40: Building] INFO  o.a.m.s.f.DefaultMavenResourcesFiltering - Copying 1 resource from src\main\resources to target\classes
2025-02-09 01:57:50,188 [Worker-40: Building] INFO  o.a.m.s.f.DefaultMavenResourcesFiltering - Copying 0 resource from src\main\resources to target\classes
2025-02-09 01:57:50,189 [Worker-40: Building] INFO  o.a.m.s.f.DefaultMavenResourcesFiltering - skip non existing resourceDirectory C:\Users\Samruddhi\OneDrive\Desktop\cdac-project\Celebrateit-backend\Celebrateit-backend\src\test\resources
2025-02-09 01:57:57,224 [Worker-51: Launching Celebrateit-backend (9)] INFO  o.eclipse.m2e.core.internal.Bundles - getClasspathEntries(Bundle=org.eclipse.m2e.maven.runtime_3.9.900.20240824-1409 [359])
2025-02-09 01:57:57,224 [Worker-51: Launching Celebrateit-backend (9)] INFO  o.eclipse.m2e.core.internal.Bundles - 	Entry: D:\sts-4.26.0.RELEASE\plugins\org.eclipse.m2e.maven.runtime_3.9.900.20240824-1409
2025-02-09 01:57:57,224 [Worker-51: Launching Celebrateit-backend (9)] INFO  o.eclipse.m2e.core.internal.Bundles - 	Entry: D:\sts-4.26.0.RELEASE\plugins\org.eclipse.m2e.maven.runtime_3.9.900.20240824-1409\jars\aopalliance-1.0.jar
2025-02-09 01:57:57,224 [Worker-51: Launching Celebrateit-backend (9)] INFO  o.eclipse.m2e.core.internal.Bundles - 	Entry: D:\sts-4.26.0.RELEASE\plugins\org.eclipse.m2e.maven.runtime_3.9.900.20240824-1409\jars\guice-5.1.0.jar
2025-02-09 01:57:57,224 [Worker-51: Launching Celebrateit-backend (9)] INFO  o.eclipse.m2e.core.internal.Bundles - 	Entry: D:\sts-4.26.0.RELEASE\plugins\org.eclipse.m2e.maven.runtime_3.9.900.20240824-1409\jars\httpclient-4.5.14.jar
2025-02-09 01:57:57,224 [Worker-51: Launching Celebrateit-backend (9)] INFO  o.eclipse.m2e.core.internal.Bundles - 	Entry: D:\sts-4.26.0.RELEASE\plugins\org.eclipse.m2e.maven.runtime_3.9.900.20240824-1409\jars\httpcore-4.4.16.jar
2025-02-09 01:57:57,224 [Worker-51: Launching Celebrateit-backend (9)] INFO  o.eclipse.m2e.core.internal.Bundles - 	Entry: D:\sts-4.26.0.RELEASE\plugins\org.eclipse.m2e.maven.runtime_3.9.900.20240824-1409\jars\jansi-2.4.1.jar
2025-02-09 01:57:57,224 [Worker-51: Launching Celebrateit-backend (9)] INFO  o.eclipse.m2e.core.internal.Bundles - 	Entry: D:\sts-4.26.0.RELEASE\plugins\org.eclipse.m2e.maven.runtime_3.9.900.20240824-1409\jars\jcl-over-slf4j-1.7.36.jar
2025-02-09 01:57:57,224 [Worker-51: Launching Celebrateit-backend (9)] INFO  o.eclipse.m2e.core.internal.Bundles - 	Entry: D:\sts-4.26.0.RELEASE\plugins\org.eclipse.m2e.maven.runtime_3.9.900.20240824-1409\jars\maven-artifact-3.9.9.jar
2025-02-09 01:57:57,224 [Worker-51: Launching Celebrateit-backend (9)] INFO  o.eclipse.m2e.core.internal.Bundles - 	Entry: D:\sts-4.26.0.RELEASE\plugins\org.eclipse.m2e.maven.runtime_3.9.900.20240824-1409\jars\maven-builder-support-3.9.9.jar
2025-02-09 01:57:57,224 [Worker-51: Launching Celebrateit-backend (9)] INFO  o.eclipse.m2e.core.internal.Bundles - 	Entry: D:\sts-4.26.0.RELEASE\plugins\org.eclipse.m2e.maven.runtime_3.9.900.20240824-1409\jars\maven-compat-3.9.9.jar
2025-02-09 01:57:57,224 [Worker-51: Launching Celebrateit-backend (9)] INFO  o.eclipse.m2e.core.internal.Bundles - 	Entry: D:\sts-4.26.0.RELEASE\plugins\org.eclipse.m2e.maven.runtime_3.9.900.20240824-1409\jars\maven-core-3.9.9.jar
2025-02-09 01:57:57,224 [Worker-51: Launching Celebrateit-backend (9)] INFO  o.eclipse.m2e.core.internal.Bundles - 	Entry: D:\sts-4.26.0.RELEASE\plugins\org.eclipse.m2e.maven.runtime_3.9.900.20240824-1409\jars\maven-embedder-3.9.9.jar
2025-02-09 01:57:57,224 [Worker-51: Launching Celebrateit-backend (9)] INFO  o.eclipse.m2e.core.internal.Bundles - 	Entry: D:\sts-4.26.0.RELEASE\plugins\org.eclipse.m2e.maven.runtime_3.9.900.20240824-1409\jars\maven-model-3.9.9.jar
2025-02-09 01:57:57,224 [Worker-51: Launching Celebrateit-backend (9)] INFO  o.eclipse.m2e.core.internal.Bundles - 	Entry: D:\sts-4.26.0.RELEASE\plugins\org.eclipse.m2e.maven.runtime_3.9.900.20240824-1409\jars\maven-model-builder-3.9.9.jar
2025-02-09 01:57:57,224 [Worker-51: Launching Celebrateit-backend (9)] INFO  o.eclipse.m2e.core.internal.Bundles - 	Entry: D:\sts-4.26.0.RELEASE\plugins\org.eclipse.m2e.maven.runtime_3.9.900.20240824-1409\jars\maven-plugin-api-3.9.9.jar
2025-02-09 01:57:57,224 [Worker-51: Launching Celebrateit-backend (9)] INFO  o.eclipse.m2e.core.internal.Bundles - 	Entry: D:\sts-4.26.0.RELEASE\plugins\org.eclipse.m2e.maven.runtime_3.9.900.20240824-1409\jars\maven-repository-metadata-3.9.9.jar
2025-02-09 01:57:57,225 [Worker-51: Launching Celebrateit-backend (9)] INFO  o.eclipse.m2e.core.internal.Bundles - 	Entry: D:\sts-4.26.0.RELEASE\plugins\org.eclipse.m2e.maven.runtime_3.9.900.20240824-1409\jars\maven-resolver-api-1.9.22.jar
2025-02-09 01:57:57,225 [Worker-51: Launching Celebrateit-backend (9)] INFO  o.eclipse.m2e.core.internal.Bundles - 	Entry: D:\sts-4.26.0.RELEASE\plugins\org.eclipse.m2e.maven.runtime_3.9.900.20240824-1409\jars\maven-resolver-connector-basic-1.9.22.jar
2025-02-09 01:57:57,225 [Worker-51: Launching Celebrateit-backend (9)] INFO  o.eclipse.m2e.core.internal.Bundles - 	Entry: D:\sts-4.26.0.RELEASE\plugins\org.eclipse.m2e.maven.runtime_3.9.900.20240824-1409\jars\maven-resolver-impl-1.9.22.jar
2025-02-09 01:57:57,225 [Worker-51: Launching Celebrateit-backend (9)] INFO  o.eclipse.m2e.core.internal.Bundles - 	Entry: D:\sts-4.26.0.RELEASE\plugins\org.eclipse.m2e.maven.runtime_3.9.900.20240824-1409\jars\maven-resolver-named-locks-1.9.22.jar
2025-02-09 01:57:57,225 [Worker-51: Launching Celebrateit-backend (9)] INFO  o.eclipse.m2e.core.internal.Bundles - 	Entry: D:\sts-4.26.0.RELEASE\plugins\org.eclipse.m2e.maven.runtime_3.9.900.20240824-1409\jars\maven-resolver-provider-3.9.9.jar
2025-02-09 01:57:57,225 [Worker-51: Launching Celebrateit-backend (9)] INFO  o.eclipse.m2e.core.internal.Bundles - 	Entry: D:\sts-4.26.0.RELEASE\plugins\org.eclipse.m2e.maven.runtime_3.9.900.20240824-1409\jars\maven-resolver-spi-1.9.22.jar
2025-02-09 01:57:57,225 [Worker-51: Launching Celebrateit-backend (9)] INFO  o.eclipse.m2e.core.internal.Bundles - 	Entry: D:\sts-4.26.0.RELEASE\plugins\org.eclipse.m2e.maven.runtime_3.9.900.20240824-1409\jars\maven-resolver-transport-file-1.9.22.jar
2025-02-09 01:57:57,225 [Worker-51: Launching Celebrateit-backend (9)] INFO  o.eclipse.m2e.core.internal.Bundles - 	Entry: D:\sts-4.26.0.RELEASE\plugins\org.eclipse.m2e.maven.runtime_3.9.900.20240824-1409\jars\maven-resolver-transport-http-1.9.22.jar
2025-02-09 01:57:57,225 [Worker-51: Launching Celebrateit-backend (9)] INFO  o.eclipse.m2e.core.internal.Bundles - 	Entry: D:\sts-4.26.0.RELEASE\plugins\org.eclipse.m2e.maven.runtime_3.9.900.20240824-1409\jars\maven-resolver-transport-wagon-1.9.22.jar
2025-02-09 01:57:57,225 [Worker-51: Launching Celebrateit-backend (9)] INFO  o.eclipse.m2e.core.internal.Bundles - 	Entry: D:\sts-4.26.0.RELEASE\plugins\org.eclipse.m2e.maven.runtime_3.9.900.20240824-1409\jars\maven-resolver-util-1.9.22.jar
2025-02-09 01:57:57,225 [Worker-51: Launching Celebrateit-backend (9)] INFO  o.eclipse.m2e.core.internal.Bundles - 	Entry: D:\sts-4.26.0.RELEASE\plugins\org.eclipse.m2e.maven.runtime_3.9.900.20240824-1409\jars\maven-settings-3.9.9.jar
2025-02-09 01:57:57,225 [Worker-51: Launching Celebrateit-backend (9)] INFO  o.eclipse.m2e.core.internal.Bundles - 	Entry: D:\sts-4.26.0.RELEASE\plugins\org.eclipse.m2e.maven.runtime_3.9.900.20240824-1409\jars\maven-settings-builder-3.9.9.jar
2025-02-09 01:57:57,225 [Worker-51: Launching Celebrateit-backend (9)] INFO  o.eclipse.m2e.core.internal.Bundles - 	Entry: D:\sts-4.26.0.RELEASE\plugins\org.eclipse.m2e.maven.runtime_3.9.900.20240824-1409\jars\maven-shared-utils-3.4.2.jar
2025-02-09 01:57:57,225 [Worker-51: Launching Celebrateit-backend (9)] INFO  o.eclipse.m2e.core.internal.Bundles - 	Entry: D:\sts-4.26.0.RELEASE\plugins\org.eclipse.m2e.maven.runtime_3.9.900.20240824-1409\jars\org.eclipse.sisu.inject-0.9.0.M3.jar
2025-02-09 01:57:57,225 [Worker-51: Launching Celebrateit-backend (9)] INFO  o.eclipse.m2e.core.internal.Bundles - 	Entry: D:\sts-4.26.0.RELEASE\plugins\org.eclipse.m2e.maven.runtime_3.9.900.20240824-1409\jars\org.eclipse.sisu.plexus-0.9.0.M3.jar
2025-02-09 01:57:57,225 [Worker-51: Launching Celebrateit-backend (9)] INFO  o.eclipse.m2e.core.internal.Bundles - 	Entry: D:\sts-4.26.0.RELEASE\plugins\org.eclipse.m2e.maven.runtime_3.9.900.20240824-1409\jars\plexus-build-api-0.0.7.jar
2025-02-09 01:57:57,225 [Worker-51: Launching Celebrateit-backend (9)] INFO  o.eclipse.m2e.core.internal.Bundles - 	Entry: D:\sts-4.26.0.RELEASE\plugins\org.eclipse.m2e.maven.runtime_3.9.900.20240824-1409\jars\plexus-build-api-1.2.0.jar
2025-02-09 01:57:57,225 [Worker-51: Launching Celebrateit-backend (9)] INFO  o.eclipse.m2e.core.internal.Bundles - 	Entry: D:\sts-4.26.0.RELEASE\plugins\org.eclipse.m2e.maven.runtime_3.9.900.20240824-1409\jars\plexus-cipher-2.0.jar
2025-02-09 01:57:57,225 [Worker-51: Launching Celebrateit-backend (9)] INFO  o.eclipse.m2e.core.internal.Bundles - 	Entry: D:\sts-4.26.0.RELEASE\plugins\org.eclipse.m2e.maven.runtime_3.9.900.20240824-1409\jars\plexus-classworlds-2.8.0.jar
2025-02-09 01:57:57,225 [Worker-51: Launching Celebrateit-backend (9)] INFO  o.eclipse.m2e.core.internal.Bundles - 	Entry: D:\sts-4.26.0.RELEASE\plugins\org.eclipse.m2e.maven.runtime_3.9.900.20240824-1409\jars\plexus-component-annotations-2.1.0.jar
2025-02-09 01:57:57,225 [Worker-51: Launching Celebrateit-backend (9)] INFO  o.eclipse.m2e.core.internal.Bundles - 	Entry: D:\sts-4.26.0.RELEASE\plugins\org.eclipse.m2e.maven.runtime_3.9.900.20240824-1409\jars\plexus-interpolation-1.27.jar
2025-02-09 01:57:57,225 [Worker-51: Launching Celebrateit-backend (9)] INFO  o.eclipse.m2e.core.internal.Bundles - 	Entry: D:\sts-4.26.0.RELEASE\plugins\org.eclipse.m2e.maven.runtime_3.9.900.20240824-1409\jars\plexus-sec-dispatcher-2.0.jar
2025-02-09 01:57:57,225 [Worker-51: Launching Celebrateit-backend (9)] INFO  o.eclipse.m2e.core.internal.Bundles - 	Entry: D:\sts-4.26.0.RELEASE\plugins\org.eclipse.m2e.maven.runtime_3.9.900.20240824-1409\jars\plexus-utils-3.5.1.jar
2025-02-09 01:57:57,225 [Worker-51: Launching Celebrateit-backend (9)] INFO  o.eclipse.m2e.core.internal.Bundles - 	Entry: D:\sts-4.26.0.RELEASE\plugins\org.eclipse.m2e.maven.runtime_3.9.900.20240824-1409\jars\plexus-xml-3.0.1.jar
2025-02-09 01:57:57,225 [Worker-51: Launching Celebrateit-backend (9)] INFO  o.eclipse.m2e.core.internal.Bundles - 	Entry: D:\sts-4.26.0.RELEASE\plugins\org.eclipse.m2e.maven.runtime_3.9.900.20240824-1409\jars\wagon-file-3.5.3.jar
2025-02-09 01:57:57,225 [Worker-51: Launching Celebrateit-backend (9)] INFO  o.eclipse.m2e.core.internal.Bundles - 	Entry: D:\sts-4.26.0.RELEASE\plugins\org.eclipse.m2e.maven.runtime_3.9.900.20240824-1409\jars\wagon-http-3.5.3.jar
2025-02-09 01:57:57,225 [Worker-51: Launching Celebrateit-backend (9)] INFO  o.eclipse.m2e.core.internal.Bundles - 	Entry: D:\sts-4.26.0.RELEASE\plugins\org.eclipse.m2e.maven.runtime_3.9.900.20240824-1409\jars\wagon-http-shared-3.5.3.jar
2025-02-09 01:57:57,225 [Worker-51: Launching Celebrateit-backend (9)] INFO  o.eclipse.m2e.core.internal.Bundles - 	Entry: D:\sts-4.26.0.RELEASE\plugins\org.eclipse.m2e.maven.runtime_3.9.900.20240824-1409\jars\wagon-provider-api-3.5.3.jar
2025-02-09 01:57:57,225 [Worker-51: Launching Celebrateit-backend (9)] INFO  o.eclipse.m2e.core.internal.Bundles - getClasspathEntries(Bundle=com.google.guava_33.3.0.jre [29])
2025-02-09 01:57:57,226 [Worker-51: Launching Celebrateit-backend (9)] INFO  o.eclipse.m2e.core.internal.Bundles - 	Entry: D:\sts-4.26.0.RELEASE\plugins\com.google.guava_33.3.0.jre.jar
2025-02-09 01:57:57,226 [Worker-51: Launching Celebrateit-backend (9)] INFO  o.eclipse.m2e.core.internal.Bundles - getClasspathEntries(Bundle=slf4j.api_2.0.16 [592])
2025-02-09 01:57:57,226 [Worker-51: Launching Celebrateit-backend (9)] INFO  o.eclipse.m2e.core.internal.Bundles - 	Entry: D:\sts-4.26.0.RELEASE\plugins\slf4j.api_2.0.16.jar
2025-02-09 01:57:57,226 [Worker-51: Launching Celebrateit-backend (9)] INFO  o.eclipse.m2e.core.internal.Bundles - getClasspathEntries(Bundle=jakarta.inject.jakarta.inject-api_1.0.5 [45])
2025-02-09 01:57:57,226 [Worker-51: Launching Celebrateit-backend (9)] INFO  o.eclipse.m2e.core.internal.Bundles - 	Entry: D:\sts-4.26.0.RELEASE\plugins\jakarta.inject.jakarta.inject-api_1.0.5.jar
2025-02-09 01:57:57,226 [Worker-51: Launching Celebrateit-backend (9)] INFO  o.eclipse.m2e.core.internal.Bundles - getClasspathEntries(Bundle=jakarta.annotation-api_1.3.5 [41])
2025-02-09 01:57:57,226 [Worker-51: Launching Celebrateit-backend (9)] INFO  o.eclipse.m2e.core.internal.Bundles - 	Entry: D:\sts-4.26.0.RELEASE\plugins\jakarta.annotation-api_1.3.5.jar
2025-02-09 01:57:57,226 [Worker-51: Launching Celebrateit-backend (9)] INFO  o.eclipse.m2e.core.internal.Bundles - getClasspathEntries(Bundle=org.apache.commons.cli_1.9.0 [77])
2025-02-09 01:57:57,226 [Worker-51: Launching Celebrateit-backend (9)] INFO  o.eclipse.m2e.core.internal.Bundles - 	Entry: D:\sts-4.26.0.RELEASE\plugins\org.apache.commons.cli_1.9.0.jar
2025-02-09 01:57:57,226 [Worker-51: Launching Celebrateit-backend (9)] INFO  o.eclipse.m2e.core.internal.Bundles - getClasspathEntries(Bundle=org.apache.commons.commons-codec_1.16.0 [80])
2025-02-09 01:57:57,226 [Worker-51: Launching Celebrateit-backend (9)] INFO  o.eclipse.m2e.core.internal.Bundles - 	Entry: D:\sts-4.26.0.RELEASE\plugins\org.apache.commons.commons-codec_1.16.0.jar
2025-02-09 01:57:57,226 [Worker-51: Launching Celebrateit-backend (9)] INFO  o.eclipse.m2e.core.internal.Bundles - getClasspathEntries(Bundle=com.google.guava.failureaccess_1.0.2 [30])
2025-02-09 01:57:57,226 [Worker-51: Launching Celebrateit-backend (9)] INFO  o.eclipse.m2e.core.internal.Bundles - 	Entry: D:\sts-4.26.0.RELEASE\plugins\com.google.guava.failureaccess_1.0.2.jar
2025-02-09 01:57:57,228 [Worker-51: Launching Celebrateit-backend (9)] INFO  o.e.m.i.launch.MavenLaunchDelegate - Run build in "C:\Users\Samruddhi\OneDrive\Desktop\cdac-project\Celebrateit-backend\Celebrateit-backend":
2025-02-09 01:57:57,228 [Worker-51: Launching Celebrateit-backend (9)] INFO  o.e.m.i.launch.MavenLaunchDelegate -  mvn  -B -Dstyle.color=always clean compile
2025-02-09 01:58:17,739 [Worker-40: Launching Celebrateit-backend (11)] INFO  o.eclipse.m2e.core.internal.Bundles - getClasspathEntries(Bundle=org.eclipse.m2e.maven.runtime_3.9.900.20240824-1409 [359])
2025-02-09 01:58:17,739 [Worker-40: Launching Celebrateit-backend (11)] INFO  o.eclipse.m2e.core.internal.Bundles - 	Entry: D:\sts-4.26.0.RELEASE\plugins\org.eclipse.m2e.maven.runtime_3.9.900.20240824-1409
2025-02-09 01:58:17,739 [Worker-40: Launching Celebrateit-backend (11)] INFO  o.eclipse.m2e.core.internal.Bundles - 	Entry: D:\sts-4.26.0.RELEASE\plugins\org.eclipse.m2e.maven.runtime_3.9.900.20240824-1409\jars\aopalliance-1.0.jar
2025-02-09 01:58:17,740 [Worker-40: Launching Celebrateit-backend (11)] INFO  o.eclipse.m2e.core.internal.Bundles - 	Entry: D:\sts-4.26.0.RELEASE\plugins\org.eclipse.m2e.maven.runtime_3.9.900.20240824-1409\jars\guice-5.1.0.jar
2025-02-09 01:58:17,740 [Worker-40: Launching Celebrateit-backend (11)] INFO  o.eclipse.m2e.core.internal.Bundles - 	Entry: D:\sts-4.26.0.RELEASE\plugins\org.eclipse.m2e.maven.runtime_3.9.900.20240824-1409\jars\httpclient-4.5.14.jar
2025-02-09 01:58:17,740 [Worker-40: Launching Celebrateit-backend (11)] INFO  o.eclipse.m2e.core.internal.Bundles - 	Entry: D:\sts-4.26.0.RELEASE\plugins\org.eclipse.m2e.maven.runtime_3.9.900.20240824-1409\jars\httpcore-4.4.16.jar
2025-02-09 01:58:17,740 [Worker-40: Launching Celebrateit-backend (11)] INFO  o.eclipse.m2e.core.internal.Bundles - 	Entry: D:\sts-4.26.0.RELEASE\plugins\org.eclipse.m2e.maven.runtime_3.9.900.20240824-1409\jars\jansi-2.4.1.jar
2025-02-09 01:58:17,740 [Worker-40: Launching Celebrateit-backend (11)] INFO  o.eclipse.m2e.core.internal.Bundles - 	Entry: D:\sts-4.26.0.RELEASE\plugins\org.eclipse.m2e.maven.runtime_3.9.900.20240824-1409\jars\jcl-over-slf4j-1.7.36.jar
2025-02-09 01:58:17,740 [Worker-40: Launching Celebrateit-backend (11)] INFO  o.eclipse.m2e.core.internal.Bundles - 	Entry: D:\sts-4.26.0.RELEASE\plugins\org.eclipse.m2e.maven.runtime_3.9.900.20240824-1409\jars\maven-artifact-3.9.9.jar
2025-02-09 01:58:17,740 [Worker-40: Launching Celebrateit-backend (11)] INFO  o.eclipse.m2e.core.internal.Bundles - 	Entry: D:\sts-4.26.0.RELEASE\plugins\org.eclipse.m2e.maven.runtime_3.9.900.20240824-1409\jars\maven-builder-support-3.9.9.jar
2025-02-09 01:58:17,740 [Worker-40: Launching Celebrateit-backend (11)] INFO  o.eclipse.m2e.core.internal.Bundles - 	Entry: D:\sts-4.26.0.RELEASE\plugins\org.eclipse.m2e.maven.runtime_3.9.900.20240824-1409\jars\maven-compat-3.9.9.jar
2025-02-09 01:58:17,740 [Worker-40: Launching Celebrateit-backend (11)] INFO  o.eclipse.m2e.core.internal.Bundles - 	Entry: D:\sts-4.26.0.RELEASE\plugins\org.eclipse.m2e.maven.runtime_3.9.900.20240824-1409\jars\maven-core-3.9.9.jar
2025-02-09 01:58:17,740 [Worker-40: Launching Celebrateit-backend (11)] INFO  o.eclipse.m2e.core.internal.Bundles - 	Entry: D:\sts-4.26.0.RELEASE\plugins\org.eclipse.m2e.maven.runtime_3.9.900.20240824-1409\jars\maven-embedder-3.9.9.jar
2025-02-09 01:58:17,740 [Worker-40: Launching Celebrateit-backend (11)] INFO  o.eclipse.m2e.core.internal.Bundles - 	Entry: D:\sts-4.26.0.RELEASE\plugins\org.eclipse.m2e.maven.runtime_3.9.900.20240824-1409\jars\maven-model-3.9.9.jar
2025-02-09 01:58:17,740 [Worker-40: Launching Celebrateit-backend (11)] INFO  o.eclipse.m2e.core.internal.Bundles - 	Entry: D:\sts-4.26.0.RELEASE\plugins\org.eclipse.m2e.maven.runtime_3.9.900.20240824-1409\jars\maven-model-builder-3.9.9.jar
2025-02-09 01:58:17,740 [Worker-40: Launching Celebrateit-backend (11)] INFO  o.eclipse.m2e.core.internal.Bundles - 	Entry: D:\sts-4.26.0.RELEASE\plugins\org.eclipse.m2e.maven.runtime_3.9.900.20240824-1409\jars\maven-plugin-api-3.9.9.jar
2025-02-09 01:58:17,740 [Worker-40: Launching Celebrateit-backend (11)] INFO  o.eclipse.m2e.core.internal.Bundles - 	Entry: D:\sts-4.26.0.RELEASE\plugins\org.eclipse.m2e.maven.runtime_3.9.900.20240824-1409\jars\maven-repository-metadata-3.9.9.jar
2025-02-09 01:58:17,740 [Worker-40: Launching Celebrateit-backend (11)] INFO  o.eclipse.m2e.core.internal.Bundles - 	Entry: D:\sts-4.26.0.RELEASE\plugins\org.eclipse.m2e.maven.runtime_3.9.900.20240824-1409\jars\maven-resolver-api-1.9.22.jar
2025-02-09 01:58:17,740 [Worker-40: Launching Celebrateit-backend (11)] INFO  o.eclipse.m2e.core.internal.Bundles - 	Entry: D:\sts-4.26.0.RELEASE\plugins\org.eclipse.m2e.maven.runtime_3.9.900.20240824-1409\jars\maven-resolver-connector-basic-1.9.22.jar
2025-02-09 01:58:17,740 [Worker-40: Launching Celebrateit-backend (11)] INFO  o.eclipse.m2e.core.internal.Bundles - 	Entry: D:\sts-4.26.0.RELEASE\plugins\org.eclipse.m2e.maven.runtime_3.9.900.20240824-1409\jars\maven-resolver-impl-1.9.22.jar
2025-02-09 01:58:17,740 [Worker-40: Launching Celebrateit-backend (11)] INFO  o.eclipse.m2e.core.internal.Bundles - 	Entry: D:\sts-4.26.0.RELEASE\plugins\org.eclipse.m2e.maven.runtime_3.9.900.20240824-1409\jars\maven-resolver-named-locks-1.9.22.jar
2025-02-09 01:58:17,740 [Worker-40: Launching Celebrateit-backend (11)] INFO  o.eclipse.m2e.core.internal.Bundles - 	Entry: D:\sts-4.26.0.RELEASE\plugins\org.eclipse.m2e.maven.runtime_3.9.900.20240824-1409\jars\maven-resolver-provider-3.9.9.jar
2025-02-09 01:58:17,740 [Worker-40: Launching Celebrateit-backend (11)] INFO  o.eclipse.m2e.core.internal.Bundles - 	Entry: D:\sts-4.26.0.RELEASE\plugins\org.eclipse.m2e.maven.runtime_3.9.900.20240824-1409\jars\maven-resolver-spi-1.9.22.jar
2025-02-09 01:58:17,740 [Worker-40: Launching Celebrateit-backend (11)] INFO  o.eclipse.m2e.core.internal.Bundles - 	Entry: D:\sts-4.26.0.RELEASE\plugins\org.eclipse.m2e.maven.runtime_3.9.900.20240824-1409\jars\maven-resolver-transport-file-1.9.22.jar
2025-02-09 01:58:17,740 [Worker-40: Launching Celebrateit-backend (11)] INFO  o.eclipse.m2e.core.internal.Bundles - 	Entry: D:\sts-4.26.0.RELEASE\plugins\org.eclipse.m2e.maven.runtime_3.9.900.20240824-1409\jars\maven-resolver-transport-http-1.9.22.jar
2025-02-09 01:58:17,741 [Worker-40: Launching Celebrateit-backend (11)] INFO  o.eclipse.m2e.core.internal.Bundles - 	Entry: D:\sts-4.26.0.RELEASE\plugins\org.eclipse.m2e.maven.runtime_3.9.900.20240824-1409\jars\maven-resolver-transport-wagon-1.9.22.jar
2025-02-09 01:58:17,741 [Worker-40: Launching Celebrateit-backend (11)] INFO  o.eclipse.m2e.core.internal.Bundles - 	Entry: D:\sts-4.26.0.RELEASE\plugins\org.eclipse.m2e.maven.runtime_3.9.900.20240824-1409\jars\maven-resolver-util-1.9.22.jar
2025-02-09 01:58:17,741 [Worker-40: Launching Celebrateit-backend (11)] INFO  o.eclipse.m2e.core.internal.Bundles - 	Entry: D:\sts-4.26.0.RELEASE\plugins\org.eclipse.m2e.maven.runtime_3.9.900.20240824-1409\jars\maven-settings-3.9.9.jar
2025-02-09 01:58:17,741 [Worker-40: Launching Celebrateit-backend (11)] INFO  o.eclipse.m2e.core.internal.Bundles - 	Entry: D:\sts-4.26.0.RELEASE\plugins\org.eclipse.m2e.maven.runtime_3.9.900.20240824-1409\jars\maven-settings-builder-3.9.9.jar
2025-02-09 01:58:17,741 [Worker-40: Launching Celebrateit-backend (11)] INFO  o.eclipse.m2e.core.internal.Bundles - 	Entry: D:\sts-4.26.0.RELEASE\plugins\org.eclipse.m2e.maven.runtime_3.9.900.20240824-1409\jars\maven-shared-utils-3.4.2.jar
2025-02-09 01:58:17,741 [Worker-40: Launching Celebrateit-backend (11)] INFO  o.eclipse.m2e.core.internal.Bundles - 	Entry: D:\sts-4.26.0.RELEASE\plugins\org.eclipse.m2e.maven.runtime_3.9.900.20240824-1409\jars\org.eclipse.sisu.inject-0.9.0.M3.jar
2025-02-09 01:58:17,741 [Worker-40: Launching Celebrateit-backend (11)] INFO  o.eclipse.m2e.core.internal.Bundles - 	Entry: D:\sts-4.26.0.RELEASE\plugins\org.eclipse.m2e.maven.runtime_3.9.900.20240824-1409\jars\org.eclipse.sisu.plexus-0.9.0.M3.jar
2025-02-09 01:58:17,741 [Worker-40: Launching Celebrateit-backend (11)] INFO  o.eclipse.m2e.core.internal.Bundles - 	Entry: D:\sts-4.26.0.RELEASE\plugins\org.eclipse.m2e.maven.runtime_3.9.900.20240824-1409\jars\plexus-build-api-0.0.7.jar
2025-02-09 01:58:17,741 [Worker-40: Launching Celebrateit-backend (11)] INFO  o.eclipse.m2e.core.internal.Bundles - 	Entry: D:\sts-4.26.0.RELEASE\plugins\org.eclipse.m2e.maven.runtime_3.9.900.20240824-1409\jars\plexus-build-api-1.2.0.jar
2025-02-09 01:58:17,741 [Worker-40: Launching Celebrateit-backend (11)] INFO  o.eclipse.m2e.core.internal.Bundles - 	Entry: D:\sts-4.26.0.RELEASE\plugins\org.eclipse.m2e.maven.runtime_3.9.900.20240824-1409\jars\plexus-cipher-2.0.jar
2025-02-09 01:58:17,741 [Worker-40: Launching Celebrateit-backend (11)] INFO  o.eclipse.m2e.core.internal.Bundles - 	Entry: D:\sts-4.26.0.RELEASE\plugins\org.eclipse.m2e.maven.runtime_3.9.900.20240824-1409\jars\plexus-classworlds-2.8.0.jar
2025-02-09 01:58:17,741 [Worker-40: Launching Celebrateit-backend (11)] INFO  o.eclipse.m2e.core.internal.Bundles - 	Entry: D:\sts-4.26.0.RELEASE\plugins\org.eclipse.m2e.maven.runtime_3.9.900.20240824-1409\jars\plexus-component-annotations-2.1.0.jar
2025-02-09 01:58:17,741 [Worker-40: Launching Celebrateit-backend (11)] INFO  o.eclipse.m2e.core.internal.Bundles - 	Entry: D:\sts-4.26.0.RELEASE\plugins\org.eclipse.m2e.maven.runtime_3.9.900.20240824-1409\jars\plexus-interpolation-1.27.jar
2025-02-09 01:58:17,741 [Worker-40: Launching Celebrateit-backend (11)] INFO  o.eclipse.m2e.core.internal.Bundles - 	Entry: D:\sts-4.26.0.RELEASE\plugins\org.eclipse.m2e.maven.runtime_3.9.900.20240824-1409\jars\plexus-sec-dispatcher-2.0.jar
2025-02-09 01:58:17,741 [Worker-40: Launching Celebrateit-backend (11)] INFO  o.eclipse.m2e.core.internal.Bundles - 	Entry: D:\sts-4.26.0.RELEASE\plugins\org.eclipse.m2e.maven.runtime_3.9.900.20240824-1409\jars\plexus-utils-3.5.1.jar
2025-02-09 01:58:17,741 [Worker-40: Launching Celebrateit-backend (11)] INFO  o.eclipse.m2e.core.internal.Bundles - 	Entry: D:\sts-4.26.0.RELEASE\plugins\org.eclipse.m2e.maven.runtime_3.9.900.20240824-1409\jars\plexus-xml-3.0.1.jar
2025-02-09 01:58:17,742 [Worker-40: Launching Celebrateit-backend (11)] INFO  o.eclipse.m2e.core.internal.Bundles - 	Entry: D:\sts-4.26.0.RELEASE\plugins\org.eclipse.m2e.maven.runtime_3.9.900.20240824-1409\jars\wagon-file-3.5.3.jar
2025-02-09 01:58:17,742 [Worker-40: Launching Celebrateit-backend (11)] INFO  o.eclipse.m2e.core.internal.Bundles - 	Entry: D:\sts-4.26.0.RELEASE\plugins\org.eclipse.m2e.maven.runtime_3.9.900.20240824-1409\jars\wagon-http-3.5.3.jar
2025-02-09 01:58:17,742 [Worker-40: Launching Celebrateit-backend (11)] INFO  o.eclipse.m2e.core.internal.Bundles - 	Entry: D:\sts-4.26.0.RELEASE\plugins\org.eclipse.m2e.maven.runtime_3.9.900.20240824-1409\jars\wagon-http-shared-3.5.3.jar
2025-02-09 01:58:17,742 [Worker-40: Launching Celebrateit-backend (11)] INFO  o.eclipse.m2e.core.internal.Bundles - 	Entry: D:\sts-4.26.0.RELEASE\plugins\org.eclipse.m2e.maven.runtime_3.9.900.20240824-1409\jars\wagon-provider-api-3.5.3.jar
2025-02-09 01:58:17,742 [Worker-40: Launching Celebrateit-backend (11)] INFO  o.eclipse.m2e.core.internal.Bundles - getClasspathEntries(Bundle=com.google.guava_33.3.0.jre [29])
2025-02-09 01:58:17,742 [Worker-40: Launching Celebrateit-backend (11)] INFO  o.eclipse.m2e.core.internal.Bundles - 	Entry: D:\sts-4.26.0.RELEASE\plugins\com.google.guava_33.3.0.jre.jar
2025-02-09 01:58:17,742 [Worker-40: Launching Celebrateit-backend (11)] INFO  o.eclipse.m2e.core.internal.Bundles - getClasspathEntries(Bundle=slf4j.api_2.0.16 [592])
2025-02-09 01:58:17,742 [Worker-40: Launching Celebrateit-backend (11)] INFO  o.eclipse.m2e.core.internal.Bundles - 	Entry: D:\sts-4.26.0.RELEASE\plugins\slf4j.api_2.0.16.jar
2025-02-09 01:58:17,742 [Worker-40: Launching Celebrateit-backend (11)] INFO  o.eclipse.m2e.core.internal.Bundles - getClasspathEntries(Bundle=jakarta.inject.jakarta.inject-api_1.0.5 [45])
2025-02-09 01:58:17,742 [Worker-40: Launching Celebrateit-backend (11)] INFO  o.eclipse.m2e.core.internal.Bundles - 	Entry: D:\sts-4.26.0.RELEASE\plugins\jakarta.inject.jakarta.inject-api_1.0.5.jar
2025-02-09 01:58:17,742 [Worker-40: Launching Celebrateit-backend (11)] INFO  o.eclipse.m2e.core.internal.Bundles - getClasspathEntries(Bundle=jakarta.annotation-api_1.3.5 [41])
2025-02-09 01:58:17,742 [Worker-40: Launching Celebrateit-backend (11)] INFO  o.eclipse.m2e.core.internal.Bundles - 	Entry: D:\sts-4.26.0.RELEASE\plugins\jakarta.annotation-api_1.3.5.jar
2025-02-09 01:58:17,742 [Worker-40: Launching Celebrateit-backend (11)] INFO  o.eclipse.m2e.core.internal.Bundles - getClasspathEntries(Bundle=org.apache.commons.cli_1.9.0 [77])
2025-02-09 01:58:17,742 [Worker-40: Launching Celebrateit-backend (11)] INFO  o.eclipse.m2e.core.internal.Bundles - 	Entry: D:\sts-4.26.0.RELEASE\plugins\org.apache.commons.cli_1.9.0.jar
2025-02-09 01:58:17,742 [Worker-40: Launching Celebrateit-backend (11)] INFO  o.eclipse.m2e.core.internal.Bundles - getClasspathEntries(Bundle=org.apache.commons.commons-codec_1.16.0 [80])
2025-02-09 01:58:17,742 [Worker-40: Launching Celebrateit-backend (11)] INFO  o.eclipse.m2e.core.internal.Bundles - 	Entry: D:\sts-4.26.0.RELEASE\plugins\org.apache.commons.commons-codec_1.16.0.jar
2025-02-09 01:58:17,742 [Worker-40: Launching Celebrateit-backend (11)] INFO  o.eclipse.m2e.core.internal.Bundles - getClasspathEntries(Bundle=com.google.guava.failureaccess_1.0.2 [30])
2025-02-09 01:58:17,743 [Worker-40: Launching Celebrateit-backend (11)] INFO  o.eclipse.m2e.core.internal.Bundles - 	Entry: D:\sts-4.26.0.RELEASE\plugins\com.google.guava.failureaccess_1.0.2.jar
2025-02-09 01:58:17,743 [Worker-40: Launching Celebrateit-backend (11)] INFO  o.e.m.i.launch.MavenLaunchDelegate - Run build in "C:\Users\Samruddhi\OneDrive\Desktop\cdac-project\Celebrateit-backend\Celebrateit-backend":
2025-02-09 01:58:17,744 [Worker-40: Launching Celebrateit-backend (11)] INFO  o.e.m.i.launch.MavenLaunchDelegate -  mvn  -B -Dstyle.color=always clean compile
2025-02-09 01:58:31,953 [Worker-51: Building] INFO  o.a.m.s.f.DefaultMavenResourcesFiltering - Copying 1 resource from src\main\resources to target\classes
2025-02-09 01:58:31,958 [Worker-51: Building] INFO  o.a.m.s.f.DefaultMavenResourcesFiltering - Copying 0 resource from src\main\resources to target\classes
2025-02-09 01:58:31,962 [Worker-51: Building] INFO  o.a.m.s.f.DefaultMavenResourcesFiltering - skip non existing resourceDirectory C:\Users\Samruddhi\OneDrive\Desktop\cdac-project\Celebrateit-backend\Celebrateit-backend\src\test\resources
2025-02-09 01:58:45,023 [Worker-53: Building] INFO  o.a.m.s.f.DefaultMavenResourcesFiltering - Copying 1 resource from src\main\resources to target\classes
2025-02-09 01:58:45,026 [Worker-53: Building] INFO  o.a.m.s.f.DefaultMavenResourcesFiltering - Copying 0 resource from src\main\resources to target\classes
2025-02-09 01:58:45,030 [Worker-53: Building] INFO  o.a.m.s.f.DefaultMavenResourcesFiltering - skip non existing resourceDirectory C:\Users\Samruddhi\OneDrive\Desktop\cdac-project\Celebrateit-backend\Celebrateit-backend\src\test\resources
2025-02-09 01:59:25,525 [Worker-53: Building] INFO  o.a.m.s.f.DefaultMavenResourcesFiltering - Copying 1 resource from src\main\resources to target\classes
2025-02-09 01:59:25,531 [Worker-53: Building] INFO  o.a.m.s.f.DefaultMavenResourcesFiltering - Copying 0 resource from src\main\resources to target\classes
2025-02-09 01:59:25,533 [Worker-53: Building] INFO  o.a.m.s.f.DefaultMavenResourcesFiltering - skip non existing resourceDirectory C:\Users\Samruddhi\OneDrive\Desktop\cdac-project\Celebrateit-backend\Celebrateit-backend\src\test\resources
2025-02-09 02:00:12,721 [Worker-50: Building] INFO  o.a.m.s.f.DefaultMavenResourcesFiltering - Copying 1 resource from src\main\resources to target\classes
2025-02-09 02:00:12,724 [Worker-50: Building] INFO  o.a.m.s.f.DefaultMavenResourcesFiltering - Copying 0 resource from src\main\resources to target\classes
2025-02-09 02:00:12,726 [Worker-50: Building] INFO  o.a.m.s.f.DefaultMavenResourcesFiltering - skip non existing resourceDirectory C:\Users\Samruddhi\OneDrive\Desktop\cdac-project\Celebrateit-backend\Celebrateit-backend\src\test\resources
2025-02-09 02:00:40,776 [Worker-53: Building] INFO  o.a.m.s.f.DefaultMavenResourcesFiltering - Copying 1 resource from src\main\resources to target\classes
2025-02-09 02:00:40,780 [Worker-53: Building] INFO  o.a.m.s.f.DefaultMavenResourcesFiltering - Copying 0 resource from src\main\resources to target\classes
2025-02-09 02:00:40,782 [Worker-53: Building] INFO  o.a.m.s.f.DefaultMavenResourcesFiltering - skip non existing resourceDirectory C:\Users\Samruddhi\OneDrive\Desktop\cdac-project\Celebrateit-backend\Celebrateit-backend\src\test\resources
2025-02-09 02:01:09,209 [Worker-51: Building] INFO  o.a.m.s.f.DefaultMavenResourcesFiltering - Copying 1 resource from src\main\resources to target\classes
2025-02-09 02:01:09,212 [Worker-51: Building] INFO  o.a.m.s.f.DefaultMavenResourcesFiltering - Copying 0 resource from src\main\resources to target\classes
2025-02-09 02:01:09,215 [Worker-51: Building] INFO  o.a.m.s.f.DefaultMavenResourcesFiltering - skip non existing resourceDirectory C:\Users\Samruddhi\OneDrive\Desktop\cdac-project\Celebrateit-backend\Celebrateit-backend\src\test\resources
2025-02-09 02:01:27,240 [main] INFO  o.e.m2e.actions.ExecutePomAction - Creating new launch configuration
2025-02-09 02:01:34,266 [Worker-49: Launching Celebrateit-backend (12)] INFO  o.eclipse.m2e.core.internal.Bundles - getClasspathEntries(Bundle=org.eclipse.m2e.maven.runtime_3.9.900.20240824-1409 [359])
2025-02-09 02:01:34,266 [Worker-49: Launching Celebrateit-backend (12)] INFO  o.eclipse.m2e.core.internal.Bundles - 	Entry: D:\sts-4.26.0.RELEASE\plugins\org.eclipse.m2e.maven.runtime_3.9.900.20240824-1409
2025-02-09 02:01:34,266 [Worker-49: Launching Celebrateit-backend (12)] INFO  o.eclipse.m2e.core.internal.Bundles - 	Entry: D:\sts-4.26.0.RELEASE\plugins\org.eclipse.m2e.maven.runtime_3.9.900.20240824-1409\jars\aopalliance-1.0.jar
2025-02-09 02:01:34,266 [Worker-49: Launching Celebrateit-backend (12)] INFO  o.eclipse.m2e.core.internal.Bundles - 	Entry: D:\sts-4.26.0.RELEASE\plugins\org.eclipse.m2e.maven.runtime_3.9.900.20240824-1409\jars\guice-5.1.0.jar
2025-02-09 02:01:34,266 [Worker-49: Launching Celebrateit-backend (12)] INFO  o.eclipse.m2e.core.internal.Bundles - 	Entry: D:\sts-4.26.0.RELEASE\plugins\org.eclipse.m2e.maven.runtime_3.9.900.20240824-1409\jars\httpclient-4.5.14.jar
2025-02-09 02:01:34,268 [Worker-49: Launching Celebrateit-backend (12)] INFO  o.eclipse.m2e.core.internal.Bundles - 	Entry: D:\sts-4.26.0.RELEASE\plugins\org.eclipse.m2e.maven.runtime_3.9.900.20240824-1409\jars\httpcore-4.4.16.jar
2025-02-09 02:01:34,268 [Worker-49: Launching Celebrateit-backend (12)] INFO  o.eclipse.m2e.core.internal.Bundles - 	Entry: D:\sts-4.26.0.RELEASE\plugins\org.eclipse.m2e.maven.runtime_3.9.900.20240824-1409\jars\jansi-2.4.1.jar
2025-02-09 02:01:34,268 [Worker-49: Launching Celebrateit-backend (12)] INFO  o.eclipse.m2e.core.internal.Bundles - 	Entry: D:\sts-4.26.0.RELEASE\plugins\org.eclipse.m2e.maven.runtime_3.9.900.20240824-1409\jars\jcl-over-slf4j-1.7.36.jar
2025-02-09 02:01:34,268 [Worker-49: Launching Celebrateit-backend (12)] INFO  o.eclipse.m2e.core.internal.Bundles - 	Entry: D:\sts-4.26.0.RELEASE\plugins\org.eclipse.m2e.maven.runtime_3.9.900.20240824-1409\jars\maven-artifact-3.9.9.jar
2025-02-09 02:01:34,268 [Worker-49: Launching Celebrateit-backend (12)] INFO  o.eclipse.m2e.core.internal.Bundles - 	Entry: D:\sts-4.26.0.RELEASE\plugins\org.eclipse.m2e.maven.runtime_3.9.900.20240824-1409\jars\maven-builder-support-3.9.9.jar
2025-02-09 02:01:34,268 [Worker-49: Launching Celebrateit-backend (12)] INFO  o.eclipse.m2e.core.internal.Bundles - 	Entry: D:\sts-4.26.0.RELEASE\plugins\org.eclipse.m2e.maven.runtime_3.9.900.20240824-1409\jars\maven-compat-3.9.9.jar
2025-02-09 02:01:34,268 [Worker-49: Launching Celebrateit-backend (12)] INFO  o.eclipse.m2e.core.internal.Bundles - 	Entry: D:\sts-4.26.0.RELEASE\plugins\org.eclipse.m2e.maven.runtime_3.9.900.20240824-1409\jars\maven-core-3.9.9.jar
2025-02-09 02:01:34,268 [Worker-49: Launching Celebrateit-backend (12)] INFO  o.eclipse.m2e.core.internal.Bundles - 	Entry: D:\sts-4.26.0.RELEASE\plugins\org.eclipse.m2e.maven.runtime_3.9.900.20240824-1409\jars\maven-embedder-3.9.9.jar
2025-02-09 02:01:34,268 [Worker-49: Launching Celebrateit-backend (12)] INFO  o.eclipse.m2e.core.internal.Bundles - 	Entry: D:\sts-4.26.0.RELEASE\plugins\org.eclipse.m2e.maven.runtime_3.9.900.20240824-1409\jars\maven-model-3.9.9.jar
2025-02-09 02:01:34,268 [Worker-49: Launching Celebrateit-backend (12)] INFO  o.eclipse.m2e.core.internal.Bundles - 	Entry: D:\sts-4.26.0.RELEASE\plugins\org.eclipse.m2e.maven.runtime_3.9.900.20240824-1409\jars\maven-model-builder-3.9.9.jar
2025-02-09 02:01:34,268 [Worker-49: Launching Celebrateit-backend (12)] INFO  o.eclipse.m2e.core.internal.Bundles - 	Entry: D:\sts-4.26.0.RELEASE\plugins\org.eclipse.m2e.maven.runtime_3.9.900.20240824-1409\jars\maven-plugin-api-3.9.9.jar
2025-02-09 02:01:34,268 [Worker-49: Launching Celebrateit-backend (12)] INFO  o.eclipse.m2e.core.internal.Bundles - 	Entry: D:\sts-4.26.0.RELEASE\plugins\org.eclipse.m2e.maven.runtime_3.9.900.20240824-1409\jars\maven-repository-metadata-3.9.9.jar
2025-02-09 02:01:34,268 [Worker-49: Launching Celebrateit-backend (12)] INFO  o.eclipse.m2e.core.internal.Bundles - 	Entry: D:\sts-4.26.0.RELEASE\plugins\org.eclipse.m2e.maven.runtime_3.9.900.20240824-1409\jars\maven-resolver-api-1.9.22.jar
2025-02-09 02:01:34,268 [Worker-49: Launching Celebrateit-backend (12)] INFO  o.eclipse.m2e.core.internal.Bundles - 	Entry: D:\sts-4.26.0.RELEASE\plugins\org.eclipse.m2e.maven.runtime_3.9.900.20240824-1409\jars\maven-resolver-connector-basic-1.9.22.jar
2025-02-09 02:01:34,268 [Worker-49: Launching Celebrateit-backend (12)] INFO  o.eclipse.m2e.core.internal.Bundles - 	Entry: D:\sts-4.26.0.RELEASE\plugins\org.eclipse.m2e.maven.runtime_3.9.900.20240824-1409\jars\maven-resolver-impl-1.9.22.jar
2025-02-09 02:01:34,268 [Worker-49: Launching Celebrateit-backend (12)] INFO  o.eclipse.m2e.core.internal.Bundles - 	Entry: D:\sts-4.26.0.RELEASE\plugins\org.eclipse.m2e.maven.runtime_3.9.900.20240824-1409\jars\maven-resolver-named-locks-1.9.22.jar
2025-02-09 02:01:34,268 [Worker-49: Launching Celebrateit-backend (12)] INFO  o.eclipse.m2e.core.internal.Bundles - 	Entry: D:\sts-4.26.0.RELEASE\plugins\org.eclipse.m2e.maven.runtime_3.9.900.20240824-1409\jars\maven-resolver-provider-3.9.9.jar
2025-02-09 02:01:34,268 [Worker-49: Launching Celebrateit-backend (12)] INFO  o.eclipse.m2e.core.internal.Bundles - 	Entry: D:\sts-4.26.0.RELEASE\plugins\org.eclipse.m2e.maven.runtime_3.9.900.20240824-1409\jars\maven-resolver-spi-1.9.22.jar
2025-02-09 02:01:34,268 [Worker-49: Launching Celebrateit-backend (12)] INFO  o.eclipse.m2e.core.internal.Bundles - 	Entry: D:\sts-4.26.0.RELEASE\plugins\org.eclipse.m2e.maven.runtime_3.9.900.20240824-1409\jars\maven-resolver-transport-file-1.9.22.jar
2025-02-09 02:01:34,268 [Worker-49: Launching Celebrateit-backend (12)] INFO  o.eclipse.m2e.core.internal.Bundles - 	Entry: D:\sts-4.26.0.RELEASE\plugins\org.eclipse.m2e.maven.runtime_3.9.900.20240824-1409\jars\maven-resolver-transport-http-1.9.22.jar
2025-02-09 02:01:34,268 [Worker-49: Launching Celebrateit-backend (12)] INFO  o.eclipse.m2e.core.internal.Bundles - 	Entry: D:\sts-4.26.0.RELEASE\plugins\org.eclipse.m2e.maven.runtime_3.9.900.20240824-1409\jars\maven-resolver-transport-wagon-1.9.22.jar
2025-02-09 02:01:34,268 [Worker-49: Launching Celebrateit-backend (12)] INFO  o.eclipse.m2e.core.internal.Bundles - 	Entry: D:\sts-4.26.0.RELEASE\plugins\org.eclipse.m2e.maven.runtime_3.9.900.20240824-1409\jars\maven-resolver-util-1.9.22.jar
2025-02-09 02:01:34,268 [Worker-49: Launching Celebrateit-backend (12)] INFO  o.eclipse.m2e.core.internal.Bundles - 	Entry: D:\sts-4.26.0.RELEASE\plugins\org.eclipse.m2e.maven.runtime_3.9.900.20240824-1409\jars\maven-settings-3.9.9.jar
2025-02-09 02:01:34,268 [Worker-49: Launching Celebrateit-backend (12)] INFO  o.eclipse.m2e.core.internal.Bundles - 	Entry: D:\sts-4.26.0.RELEASE\plugins\org.eclipse.m2e.maven.runtime_3.9.900.20240824-1409\jars\maven-settings-builder-3.9.9.jar
2025-02-09 02:01:34,268 [Worker-49: Launching Celebrateit-backend (12)] INFO  o.eclipse.m2e.core.internal.Bundles - 	Entry: D:\sts-4.26.0.RELEASE\plugins\org.eclipse.m2e.maven.runtime_3.9.900.20240824-1409\jars\maven-shared-utils-3.4.2.jar
2025-02-09 02:01:34,268 [Worker-49: Launching Celebrateit-backend (12)] INFO  o.eclipse.m2e.core.internal.Bundles - 	Entry: D:\sts-4.26.0.RELEASE\plugins\org.eclipse.m2e.maven.runtime_3.9.900.20240824-1409\jars\org.eclipse.sisu.inject-0.9.0.M3.jar
2025-02-09 02:01:34,268 [Worker-49: Launching Celebrateit-backend (12)] INFO  o.eclipse.m2e.core.internal.Bundles - 	Entry: D:\sts-4.26.0.RELEASE\plugins\org.eclipse.m2e.maven.runtime_3.9.900.20240824-1409\jars\org.eclipse.sisu.plexus-0.9.0.M3.jar
2025-02-09 02:01:34,268 [Worker-49: Launching Celebrateit-backend (12)] INFO  o.eclipse.m2e.core.internal.Bundles - 	Entry: D:\sts-4.26.0.RELEASE\plugins\org.eclipse.m2e.maven.runtime_3.9.900.20240824-1409\jars\plexus-build-api-0.0.7.jar
2025-02-09 02:01:34,268 [Worker-49: Launching Celebrateit-backend (12)] INFO  o.eclipse.m2e.core.internal.Bundles - 	Entry: D:\sts-4.26.0.RELEASE\plugins\org.eclipse.m2e.maven.runtime_3.9.900.20240824-1409\jars\plexus-build-api-1.2.0.jar
2025-02-09 02:01:34,268 [Worker-49: Launching Celebrateit-backend (12)] INFO  o.eclipse.m2e.core.internal.Bundles - 	Entry: D:\sts-4.26.0.RELEASE\plugins\org.eclipse.m2e.maven.runtime_3.9.900.20240824-1409\jars\plexus-cipher-2.0.jar
2025-02-09 02:01:34,268 [Worker-49: Launching Celebrateit-backend (12)] INFO  o.eclipse.m2e.core.internal.Bundles - 	Entry: D:\sts-4.26.0.RELEASE\plugins\org.eclipse.m2e.maven.runtime_3.9.900.20240824-1409\jars\plexus-classworlds-2.8.0.jar
2025-02-09 02:01:34,268 [Worker-49: Launching Celebrateit-backend (12)] INFO  o.eclipse.m2e.core.internal.Bundles - 	Entry: D:\sts-4.26.0.RELEASE\plugins\org.eclipse.m2e.maven.runtime_3.9.900.20240824-1409\jars\plexus-component-annotations-2.1.0.jar
2025-02-09 02:01:34,268 [Worker-49: Launching Celebrateit-backend (12)] INFO  o.eclipse.m2e.core.internal.Bundles - 	Entry: D:\sts-4.26.0.RELEASE\plugins\org.eclipse.m2e.maven.runtime_3.9.900.20240824-1409\jars\plexus-interpolation-1.27.jar
2025-02-09 02:01:34,268 [Worker-49: Launching Celebrateit-backend (12)] INFO  o.eclipse.m2e.core.internal.Bundles - 	Entry: D:\sts-4.26.0.RELEASE\plugins\org.eclipse.m2e.maven.runtime_3.9.900.20240824-1409\jars\plexus-sec-dispatcher-2.0.jar
2025-02-09 02:01:34,268 [Worker-49: Launching Celebrateit-backend (12)] INFO  o.eclipse.m2e.core.internal.Bundles - 	Entry: D:\sts-4.26.0.RELEASE\plugins\org.eclipse.m2e.maven.runtime_3.9.900.20240824-1409\jars\plexus-utils-3.5.1.jar
2025-02-09 02:01:34,268 [Worker-49: Launching Celebrateit-backend (12)] INFO  o.eclipse.m2e.core.internal.Bundles - 	Entry: D:\sts-4.26.0.RELEASE\plugins\org.eclipse.m2e.maven.runtime_3.9.900.20240824-1409\jars\plexus-xml-3.0.1.jar
2025-02-09 02:01:34,268 [Worker-49: Launching Celebrateit-backend (12)] INFO  o.eclipse.m2e.core.internal.Bundles - 	Entry: D:\sts-4.26.0.RELEASE\plugins\org.eclipse.m2e.maven.runtime_3.9.900.20240824-1409\jars\wagon-file-3.5.3.jar
2025-02-09 02:01:34,268 [Worker-49: Launching Celebrateit-backend (12)] INFO  o.eclipse.m2e.core.internal.Bundles - 	Entry: D:\sts-4.26.0.RELEASE\plugins\org.eclipse.m2e.maven.runtime_3.9.900.20240824-1409\jars\wagon-http-3.5.3.jar
2025-02-09 02:01:34,268 [Worker-49: Launching Celebrateit-backend (12)] INFO  o.eclipse.m2e.core.internal.Bundles - 	Entry: D:\sts-4.26.0.RELEASE\plugins\org.eclipse.m2e.maven.runtime_3.9.900.20240824-1409\jars\wagon-http-shared-3.5.3.jar
2025-02-09 02:01:34,268 [Worker-49: Launching Celebrateit-backend (12)] INFO  o.eclipse.m2e.core.internal.Bundles - 	Entry: D:\sts-4.26.0.RELEASE\plugins\org.eclipse.m2e.maven.runtime_3.9.900.20240824-1409\jars\wagon-provider-api-3.5.3.jar
2025-02-09 02:01:34,268 [Worker-49: Launching Celebrateit-backend (12)] INFO  o.eclipse.m2e.core.internal.Bundles - getClasspathEntries(Bundle=com.google.guava_33.3.0.jre [29])
2025-02-09 02:01:34,269 [Worker-49: Launching Celebrateit-backend (12)] INFO  o.eclipse.m2e.core.internal.Bundles - 	Entry: D:\sts-4.26.0.RELEASE\plugins\com.google.guava_33.3.0.jre.jar
2025-02-09 02:01:34,269 [Worker-49: Launching Celebrateit-backend (12)] INFO  o.eclipse.m2e.core.internal.Bundles - getClasspathEntries(Bundle=slf4j.api_2.0.16 [592])
2025-02-09 02:01:34,269 [Worker-49: Launching Celebrateit-backend (12)] INFO  o.eclipse.m2e.core.internal.Bundles - 	Entry: D:\sts-4.26.0.RELEASE\plugins\slf4j.api_2.0.16.jar
2025-02-09 02:01:34,269 [Worker-49: Launching Celebrateit-backend (12)] INFO  o.eclipse.m2e.core.internal.Bundles - getClasspathEntries(Bundle=jakarta.inject.jakarta.inject-api_1.0.5 [45])
2025-02-09 02:01:34,269 [Worker-49: Launching Celebrateit-backend (12)] INFO  o.eclipse.m2e.core.internal.Bundles - 	Entry: D:\sts-4.26.0.RELEASE\plugins\jakarta.inject.jakarta.inject-api_1.0.5.jar
2025-02-09 02:01:34,269 [Worker-49: Launching Celebrateit-backend (12)] INFO  o.eclipse.m2e.core.internal.Bundles - getClasspathEntries(Bundle=jakarta.annotation-api_1.3.5 [41])
2025-02-09 02:01:34,269 [Worker-49: Launching Celebrateit-backend (12)] INFO  o.eclipse.m2e.core.internal.Bundles - 	Entry: D:\sts-4.26.0.RELEASE\plugins\jakarta.annotation-api_1.3.5.jar
2025-02-09 02:01:34,269 [Worker-49: Launching Celebrateit-backend (12)] INFO  o.eclipse.m2e.core.internal.Bundles - getClasspathEntries(Bundle=org.apache.commons.cli_1.9.0 [77])
2025-02-09 02:01:34,269 [Worker-49: Launching Celebrateit-backend (12)] INFO  o.eclipse.m2e.core.internal.Bundles - 	Entry: D:\sts-4.26.0.RELEASE\plugins\org.apache.commons.cli_1.9.0.jar
2025-02-09 02:01:34,269 [Worker-49: Launching Celebrateit-backend (12)] INFO  o.eclipse.m2e.core.internal.Bundles - getClasspathEntries(Bundle=org.apache.commons.commons-codec_1.16.0 [80])
2025-02-09 02:01:34,269 [Worker-49: Launching Celebrateit-backend (12)] INFO  o.eclipse.m2e.core.internal.Bundles - 	Entry: D:\sts-4.26.0.RELEASE\plugins\org.apache.commons.commons-codec_1.16.0.jar
2025-02-09 02:01:34,269 [Worker-49: Launching Celebrateit-backend (12)] INFO  o.eclipse.m2e.core.internal.Bundles - getClasspathEntries(Bundle=com.google.guava.failureaccess_1.0.2 [30])
2025-02-09 02:01:34,269 [Worker-49: Launching Celebrateit-backend (12)] INFO  o.eclipse.m2e.core.internal.Bundles - 	Entry: D:\sts-4.26.0.RELEASE\plugins\com.google.guava.failureaccess_1.0.2.jar
2025-02-09 02:01:34,270 [Worker-49: Launching Celebrateit-backend (12)] INFO  o.e.m.i.launch.MavenLaunchDelegate - Run build in "C:\Users\Samruddhi\OneDrive\Desktop\cdac-project\Celebrateit-backend\Celebrateit-backend":
2025-02-09 02:01:34,270 [Worker-49: Launching Celebrateit-backend (12)] INFO  o.e.m.i.launch.MavenLaunchDelegate -  mvn  -B -Dstyle.color=always clean compile
2025-02-09 02:04:26,293 [Worker-54: Building] INFO  o.a.m.s.f.DefaultMavenResourcesFiltering - Copying 1 resource from src\main\resources to target\classes
2025-02-09 02:04:26,299 [Worker-54: Building] INFO  o.a.m.s.f.DefaultMavenResourcesFiltering - Copying 0 resource from src\main\resources to target\classes
2025-02-09 02:04:26,301 [Worker-54: Building] INFO  o.a.m.s.f.DefaultMavenResourcesFiltering - skip non existing resourceDirectory C:\Users\Samruddhi\OneDrive\Desktop\cdac-project\Celebrateit-backend\Celebrateit-backend\src\test\resources
2025-02-09 02:05:57,883 [Worker-55: Building] INFO  o.a.m.s.f.DefaultMavenResourcesFiltering - Copying 1 resource from src\main\resources to target\classes
2025-02-09 02:05:57,888 [Worker-55: Building] INFO  o.a.m.s.f.DefaultMavenResourcesFiltering - Copying 0 resource from src\main\resources to target\classes
2025-02-09 02:05:57,890 [Worker-55: Building] INFO  o.a.m.s.f.DefaultMavenResourcesFiltering - skip non existing resourceDirectory C:\Users\Samruddhi\OneDrive\Desktop\cdac-project\Celebrateit-backend\Celebrateit-backend\src\test\resources
2025-02-09 02:08:45,013 [Worker-54: Building] INFO  o.a.m.s.f.DefaultMavenResourcesFiltering - Copying 1 resource from src\main\resources to target\classes
2025-02-09 02:08:45,017 [Worker-54: Building] INFO  o.a.m.s.f.DefaultMavenResourcesFiltering - Copying 0 resource from src\main\resources to target\classes
2025-02-09 02:08:45,018 [Worker-54: Building] INFO  o.a.m.s.f.DefaultMavenResourcesFiltering - skip non existing resourceDirectory C:\Users\Samruddhi\OneDrive\Desktop\cdac-project\Celebrateit-backend\Celebrateit-backend\src\test\resources
2025-02-09 02:10:55,510 [Worker-59: Building] INFO  o.a.m.s.f.DefaultMavenResourcesFiltering - Copying 1 resource from src\main\resources to target\classes
2025-02-09 02:10:55,516 [Worker-59: Building] INFO  o.a.m.s.f.DefaultMavenResourcesFiltering - Copying 0 resource from src\main\resources to target\classes
2025-02-09 02:10:55,518 [Worker-59: Building] INFO  o.a.m.s.f.DefaultMavenResourcesFiltering - skip non existing resourceDirectory C:\Users\Samruddhi\OneDrive\Desktop\cdac-project\Celebrateit-backend\Celebrateit-backend\src\test\resources
2025-02-09 02:11:42,058 [Worker-54: Building] INFO  o.a.m.s.f.DefaultMavenResourcesFiltering - Copying 1 resource from src\main\resources to target\classes
2025-02-09 02:11:42,063 [Worker-54: Building] INFO  o.a.m.s.f.DefaultMavenResourcesFiltering - Copying 0 resource from src\main\resources to target\classes
2025-02-09 02:11:42,065 [Worker-54: Building] INFO  o.a.m.s.f.DefaultMavenResourcesFiltering - skip non existing resourceDirectory C:\Users\Samruddhi\OneDrive\Desktop\cdac-project\Celebrateit-backend\Celebrateit-backend\src\test\resources
2025-02-09 02:12:17,261 [Worker-58: Building] INFO  o.a.m.s.f.DefaultMavenResourcesFiltering - Copying 1 resource from src\main\resources to target\classes
2025-02-09 02:12:17,264 [Worker-58: Building] INFO  o.a.m.s.f.DefaultMavenResourcesFiltering - Copying 0 resource from src\main\resources to target\classes
2025-02-09 02:12:17,266 [Worker-58: Building] INFO  o.a.m.s.f.DefaultMavenResourcesFiltering - skip non existing resourceDirectory C:\Users\Samruddhi\OneDrive\Desktop\cdac-project\Celebrateit-backend\Celebrateit-backend\src\test\resources
2025-02-09 02:14:04,848 [Worker-61: Building] INFO  o.a.m.s.f.DefaultMavenResourcesFiltering - Copying 1 resource from src\main\resources to target\classes
2025-02-09 02:14:04,864 [Worker-61: Building] INFO  o.a.m.s.f.DefaultMavenResourcesFiltering - Copying 0 resource from src\main\resources to target\classes
2025-02-09 02:14:04,867 [Worker-61: Building] INFO  o.a.m.s.f.DefaultMavenResourcesFiltering - skip non existing resourceDirectory C:\Users\Samruddhi\OneDrive\Desktop\cdac-project\Celebrateit-backend\Celebrateit-backend\src\test\resources
2025-02-09 10:06:21,801 [Worker-8: Loading available Gradle versions] INFO  o.e.b.c.i.u.g.PublishedGradleVersions - Gradle version information cache is up-to-date. Trying to read.
2025-02-09 10:14:05,510 [Worker-16: Launching Celebrateit-backend (10)] INFO  o.eclipse.m2e.core.internal.Bundles - getClasspathEntries(Bundle=org.eclipse.m2e.maven.runtime_3.9.900.20240824-1409 [359])
2025-02-09 10:14:05,513 [Worker-16: Launching Celebrateit-backend (10)] INFO  o.eclipse.m2e.core.internal.Bundles - 	Entry: D:\sts-4.26.0.RELEASE\plugins\org.eclipse.m2e.maven.runtime_3.9.900.20240824-1409
2025-02-09 10:14:05,514 [Worker-16: Launching Celebrateit-backend (10)] INFO  o.eclipse.m2e.core.internal.Bundles - 	Entry: D:\sts-4.26.0.RELEASE\plugins\org.eclipse.m2e.maven.runtime_3.9.900.20240824-1409\jars\aopalliance-1.0.jar
2025-02-09 10:14:05,514 [Worker-16: Launching Celebrateit-backend (10)] INFO  o.eclipse.m2e.core.internal.Bundles - 	Entry: D:\sts-4.26.0.RELEASE\plugins\org.eclipse.m2e.maven.runtime_3.9.900.20240824-1409\jars\guice-5.1.0.jar
2025-02-09 10:14:05,514 [Worker-16: Launching Celebrateit-backend (10)] INFO  o.eclipse.m2e.core.internal.Bundles - 	Entry: D:\sts-4.26.0.RELEASE\plugins\org.eclipse.m2e.maven.runtime_3.9.900.20240824-1409\jars\httpclient-4.5.14.jar
2025-02-09 10:14:05,514 [Worker-16: Launching Celebrateit-backend (10)] INFO  o.eclipse.m2e.core.internal.Bundles - 	Entry: D:\sts-4.26.0.RELEASE\plugins\org.eclipse.m2e.maven.runtime_3.9.900.20240824-1409\jars\httpcore-4.4.16.jar
2025-02-09 10:14:05,514 [Worker-16: Launching Celebrateit-backend (10)] INFO  o.eclipse.m2e.core.internal.Bundles - 	Entry: D:\sts-4.26.0.RELEASE\plugins\org.eclipse.m2e.maven.runtime_3.9.900.20240824-1409\jars\jansi-2.4.1.jar
2025-02-09 10:14:05,514 [Worker-16: Launching Celebrateit-backend (10)] INFO  o.eclipse.m2e.core.internal.Bundles - 	Entry: D:\sts-4.26.0.RELEASE\plugins\org.eclipse.m2e.maven.runtime_3.9.900.20240824-1409\jars\jcl-over-slf4j-1.7.36.jar
2025-02-09 10:14:05,514 [Worker-16: Launching Celebrateit-backend (10)] INFO  o.eclipse.m2e.core.internal.Bundles - 	Entry: D:\sts-4.26.0.RELEASE\plugins\org.eclipse.m2e.maven.runtime_3.9.900.20240824-1409\jars\maven-artifact-3.9.9.jar
2025-02-09 10:14:05,514 [Worker-16: Launching Celebrateit-backend (10)] INFO  o.eclipse.m2e.core.internal.Bundles - 	Entry: D:\sts-4.26.0.RELEASE\plugins\org.eclipse.m2e.maven.runtime_3.9.900.20240824-1409\jars\maven-builder-support-3.9.9.jar
2025-02-09 10:14:05,514 [Worker-16: Launching Celebrateit-backend (10)] INFO  o.eclipse.m2e.core.internal.Bundles - 	Entry: D:\sts-4.26.0.RELEASE\plugins\org.eclipse.m2e.maven.runtime_3.9.900.20240824-1409\jars\maven-compat-3.9.9.jar
2025-02-09 10:14:05,514 [Worker-16: Launching Celebrateit-backend (10)] INFO  o.eclipse.m2e.core.internal.Bundles - 	Entry: D:\sts-4.26.0.RELEASE\plugins\org.eclipse.m2e.maven.runtime_3.9.900.20240824-1409\jars\maven-core-3.9.9.jar
2025-02-09 10:14:05,514 [Worker-16: Launching Celebrateit-backend (10)] INFO  o.eclipse.m2e.core.internal.Bundles - 	Entry: D:\sts-4.26.0.RELEASE\plugins\org.eclipse.m2e.maven.runtime_3.9.900.20240824-1409\jars\maven-embedder-3.9.9.jar
2025-02-09 10:14:05,514 [Worker-16: Launching Celebrateit-backend (10)] INFO  o.eclipse.m2e.core.internal.Bundles - 	Entry: D:\sts-4.26.0.RELEASE\plugins\org.eclipse.m2e.maven.runtime_3.9.900.20240824-1409\jars\maven-model-3.9.9.jar
2025-02-09 10:14:05,514 [Worker-16: Launching Celebrateit-backend (10)] INFO  o.eclipse.m2e.core.internal.Bundles - 	Entry: D:\sts-4.26.0.RELEASE\plugins\org.eclipse.m2e.maven.runtime_3.9.900.20240824-1409\jars\maven-model-builder-3.9.9.jar
2025-02-09 10:14:05,514 [Worker-16: Launching Celebrateit-backend (10)] INFO  o.eclipse.m2e.core.internal.Bundles - 	Entry: D:\sts-4.26.0.RELEASE\plugins\org.eclipse.m2e.maven.runtime_3.9.900.20240824-1409\jars\maven-plugin-api-3.9.9.jar
2025-02-09 10:14:05,514 [Worker-16: Launching Celebrateit-backend (10)] INFO  o.eclipse.m2e.core.internal.Bundles - 	Entry: D:\sts-4.26.0.RELEASE\plugins\org.eclipse.m2e.maven.runtime_3.9.900.20240824-1409\jars\maven-repository-metadata-3.9.9.jar
2025-02-09 10:14:05,514 [Worker-16: Launching Celebrateit-backend (10)] INFO  o.eclipse.m2e.core.internal.Bundles - 	Entry: D:\sts-4.26.0.RELEASE\plugins\org.eclipse.m2e.maven.runtime_3.9.900.20240824-1409\jars\maven-resolver-api-1.9.22.jar
2025-02-09 10:14:05,514 [Worker-16: Launching Celebrateit-backend (10)] INFO  o.eclipse.m2e.core.internal.Bundles - 	Entry: D:\sts-4.26.0.RELEASE\plugins\org.eclipse.m2e.maven.runtime_3.9.900.20240824-1409\jars\maven-resolver-connector-basic-1.9.22.jar
2025-02-09 10:14:05,514 [Worker-16: Launching Celebrateit-backend (10)] INFO  o.eclipse.m2e.core.internal.Bundles - 	Entry: D:\sts-4.26.0.RELEASE\plugins\org.eclipse.m2e.maven.runtime_3.9.900.20240824-1409\jars\maven-resolver-impl-1.9.22.jar
2025-02-09 10:14:05,514 [Worker-16: Launching Celebrateit-backend (10)] INFO  o.eclipse.m2e.core.internal.Bundles - 	Entry: D:\sts-4.26.0.RELEASE\plugins\org.eclipse.m2e.maven.runtime_3.9.900.20240824-1409\jars\maven-resolver-named-locks-1.9.22.jar
2025-02-09 10:14:05,514 [Worker-16: Launching Celebrateit-backend (10)] INFO  o.eclipse.m2e.core.internal.Bundles - 	Entry: D:\sts-4.26.0.RELEASE\plugins\org.eclipse.m2e.maven.runtime_3.9.900.20240824-1409\jars\maven-resolver-provider-3.9.9.jar
2025-02-09 10:14:05,514 [Worker-16: Launching Celebrateit-backend (10)] INFO  o.eclipse.m2e.core.internal.Bundles - 	Entry: D:\sts-4.26.0.RELEASE\plugins\org.eclipse.m2e.maven.runtime_3.9.900.20240824-1409\jars\maven-resolver-spi-1.9.22.jar
2025-02-09 10:14:05,514 [Worker-16: Launching Celebrateit-backend (10)] INFO  o.eclipse.m2e.core.internal.Bundles - 	Entry: D:\sts-4.26.0.RELEASE\plugins\org.eclipse.m2e.maven.runtime_3.9.900.20240824-1409\jars\maven-resolver-transport-file-1.9.22.jar
2025-02-09 10:14:05,514 [Worker-16: Launching Celebrateit-backend (10)] INFO  o.eclipse.m2e.core.internal.Bundles - 	Entry: D:\sts-4.26.0.RELEASE\plugins\org.eclipse.m2e.maven.runtime_3.9.900.20240824-1409\jars\maven-resolver-transport-http-1.9.22.jar
2025-02-09 10:14:05,514 [Worker-16: Launching Celebrateit-backend (10)] INFO  o.eclipse.m2e.core.internal.Bundles - 	Entry: D:\sts-4.26.0.RELEASE\plugins\org.eclipse.m2e.maven.runtime_3.9.900.20240824-1409\jars\maven-resolver-transport-wagon-1.9.22.jar
2025-02-09 10:14:05,514 [Worker-16: Launching Celebrateit-backend (10)] INFO  o.eclipse.m2e.core.internal.Bundles - 	Entry: D:\sts-4.26.0.RELEASE\plugins\org.eclipse.m2e.maven.runtime_3.9.900.20240824-1409\jars\maven-resolver-util-1.9.22.jar
2025-02-09 10:14:05,514 [Worker-16: Launching Celebrateit-backend (10)] INFO  o.eclipse.m2e.core.internal.Bundles - 	Entry: D:\sts-4.26.0.RELEASE\plugins\org.eclipse.m2e.maven.runtime_3.9.900.20240824-1409\jars\maven-settings-3.9.9.jar
2025-02-09 10:14:05,515 [Worker-16: Launching Celebrateit-backend (10)] INFO  o.eclipse.m2e.core.internal.Bundles - 	Entry: D:\sts-4.26.0.RELEASE\plugins\org.eclipse.m2e.maven.runtime_3.9.900.20240824-1409\jars\maven-settings-builder-3.9.9.jar
2025-02-09 10:14:05,515 [Worker-16: Launching Celebrateit-backend (10)] INFO  o.eclipse.m2e.core.internal.Bundles - 	Entry: D:\sts-4.26.0.RELEASE\plugins\org.eclipse.m2e.maven.runtime_3.9.900.20240824-1409\jars\maven-shared-utils-3.4.2.jar
2025-02-09 10:14:05,515 [Worker-16: Launching Celebrateit-backend (10)] INFO  o.eclipse.m2e.core.internal.Bundles - 	Entry: D:\sts-4.26.0.RELEASE\plugins\org.eclipse.m2e.maven.runtime_3.9.900.20240824-1409\jars\org.eclipse.sisu.inject-0.9.0.M3.jar
2025-02-09 10:14:05,515 [Worker-16: Launching Celebrateit-backend (10)] INFO  o.eclipse.m2e.core.internal.Bundles - 	Entry: D:\sts-4.26.0.RELEASE\plugins\org.eclipse.m2e.maven.runtime_3.9.900.20240824-1409\jars\org.eclipse.sisu.plexus-0.9.0.M3.jar
2025-02-09 10:14:05,515 [Worker-16: Launching Celebrateit-backend (10)] INFO  o.eclipse.m2e.core.internal.Bundles - 	Entry: D:\sts-4.26.0.RELEASE\plugins\org.eclipse.m2e.maven.runtime_3.9.900.20240824-1409\jars\plexus-build-api-0.0.7.jar
2025-02-09 10:14:05,515 [Worker-16: Launching Celebrateit-backend (10)] INFO  o.eclipse.m2e.core.internal.Bundles - 	Entry: D:\sts-4.26.0.RELEASE\plugins\org.eclipse.m2e.maven.runtime_3.9.900.20240824-1409\jars\plexus-build-api-1.2.0.jar
2025-02-09 10:14:05,515 [Worker-16: Launching Celebrateit-backend (10)] INFO  o.eclipse.m2e.core.internal.Bundles - 	Entry: D:\sts-4.26.0.RELEASE\plugins\org.eclipse.m2e.maven.runtime_3.9.900.20240824-1409\jars\plexus-cipher-2.0.jar
2025-02-09 10:14:05,515 [Worker-16: Launching Celebrateit-backend (10)] INFO  o.eclipse.m2e.core.internal.Bundles - 	Entry: D:\sts-4.26.0.RELEASE\plugins\org.eclipse.m2e.maven.runtime_3.9.900.20240824-1409\jars\plexus-classworlds-2.8.0.jar
2025-02-09 10:14:05,515 [Worker-16: Launching Celebrateit-backend (10)] INFO  o.eclipse.m2e.core.internal.Bundles - 	Entry: D:\sts-4.26.0.RELEASE\plugins\org.eclipse.m2e.maven.runtime_3.9.900.20240824-1409\jars\plexus-component-annotations-2.1.0.jar
2025-02-09 10:14:05,515 [Worker-16: Launching Celebrateit-backend (10)] INFO  o.eclipse.m2e.core.internal.Bundles - 	Entry: D:\sts-4.26.0.RELEASE\plugins\org.eclipse.m2e.maven.runtime_3.9.900.20240824-1409\jars\plexus-interpolation-1.27.jar
2025-02-09 10:14:05,515 [Worker-16: Launching Celebrateit-backend (10)] INFO  o.eclipse.m2e.core.internal.Bundles - 	Entry: D:\sts-4.26.0.RELEASE\plugins\org.eclipse.m2e.maven.runtime_3.9.900.20240824-1409\jars\plexus-sec-dispatcher-2.0.jar
2025-02-09 10:14:05,515 [Worker-16: Launching Celebrateit-backend (10)] INFO  o.eclipse.m2e.core.internal.Bundles - 	Entry: D:\sts-4.26.0.RELEASE\plugins\org.eclipse.m2e.maven.runtime_3.9.900.20240824-1409\jars\plexus-utils-3.5.1.jar
2025-02-09 10:14:05,515 [Worker-16: Launching Celebrateit-backend (10)] INFO  o.eclipse.m2e.core.internal.Bundles - 	Entry: D:\sts-4.26.0.RELEASE\plugins\org.eclipse.m2e.maven.runtime_3.9.900.20240824-1409\jars\plexus-xml-3.0.1.jar
2025-02-09 10:14:05,515 [Worker-16: Launching Celebrateit-backend (10)] INFO  o.eclipse.m2e.core.internal.Bundles - 	Entry: D:\sts-4.26.0.RELEASE\plugins\org.eclipse.m2e.maven.runtime_3.9.900.20240824-1409\jars\wagon-file-3.5.3.jar
2025-02-09 10:14:05,515 [Worker-16: Launching Celebrateit-backend (10)] INFO  o.eclipse.m2e.core.internal.Bundles - 	Entry: D:\sts-4.26.0.RELEASE\plugins\org.eclipse.m2e.maven.runtime_3.9.900.20240824-1409\jars\wagon-http-3.5.3.jar
2025-02-09 10:14:05,515 [Worker-16: Launching Celebrateit-backend (10)] INFO  o.eclipse.m2e.core.internal.Bundles - 	Entry: D:\sts-4.26.0.RELEASE\plugins\org.eclipse.m2e.maven.runtime_3.9.900.20240824-1409\jars\wagon-http-shared-3.5.3.jar
2025-02-09 10:14:05,515 [Worker-16: Launching Celebrateit-backend (10)] INFO  o.eclipse.m2e.core.internal.Bundles - 	Entry: D:\sts-4.26.0.RELEASE\plugins\org.eclipse.m2e.maven.runtime_3.9.900.20240824-1409\jars\wagon-provider-api-3.5.3.jar
2025-02-09 10:14:05,516 [Worker-16: Launching Celebrateit-backend (10)] INFO  o.eclipse.m2e.core.internal.Bundles - getClasspathEntries(Bundle=com.google.guava_33.3.0.jre [29])
2025-02-09 10:14:05,516 [Worker-16: Launching Celebrateit-backend (10)] INFO  o.eclipse.m2e.core.internal.Bundles - 	Entry: D:\sts-4.26.0.RELEASE\plugins\com.google.guava_33.3.0.jre.jar
2025-02-09 10:14:05,517 [Worker-16: Launching Celebrateit-backend (10)] INFO  o.eclipse.m2e.core.internal.Bundles - getClasspathEntries(Bundle=slf4j.api_2.0.16 [592])
2025-02-09 10:14:05,517 [Worker-16: Launching Celebrateit-backend (10)] INFO  o.eclipse.m2e.core.internal.Bundles - 	Entry: D:\sts-4.26.0.RELEASE\plugins\slf4j.api_2.0.16.jar
2025-02-09 10:14:05,517 [Worker-16: Launching Celebrateit-backend (10)] INFO  o.eclipse.m2e.core.internal.Bundles - getClasspathEntries(Bundle=jakarta.inject.jakarta.inject-api_1.0.5 [45])
2025-02-09 10:14:05,517 [Worker-16: Launching Celebrateit-backend (10)] INFO  o.eclipse.m2e.core.internal.Bundles - 	Entry: D:\sts-4.26.0.RELEASE\plugins\jakarta.inject.jakarta.inject-api_1.0.5.jar
2025-02-09 10:14:05,517 [Worker-16: Launching Celebrateit-backend (10)] INFO  o.eclipse.m2e.core.internal.Bundles - getClasspathEntries(Bundle=jakarta.annotation-api_1.3.5 [41])
2025-02-09 10:14:05,517 [Worker-16: Launching Celebrateit-backend (10)] INFO  o.eclipse.m2e.core.internal.Bundles - 	Entry: D:\sts-4.26.0.RELEASE\plugins\jakarta.annotation-api_1.3.5.jar
2025-02-09 10:14:05,517 [Worker-16: Launching Celebrateit-backend (10)] INFO  o.eclipse.m2e.core.internal.Bundles - getClasspathEntries(Bundle=org.apache.commons.cli_1.9.0 [77])
2025-02-09 10:14:05,517 [Worker-16: Launching Celebrateit-backend (10)] INFO  o.eclipse.m2e.core.internal.Bundles - 	Entry: D:\sts-4.26.0.RELEASE\plugins\org.apache.commons.cli_1.9.0.jar
2025-02-09 10:14:05,517 [Worker-16: Launching Celebrateit-backend (10)] INFO  o.eclipse.m2e.core.internal.Bundles - getClasspathEntries(Bundle=org.apache.commons.commons-codec_1.16.0 [80])
2025-02-09 10:14:05,518 [Worker-16: Launching Celebrateit-backend (10)] INFO  o.eclipse.m2e.core.internal.Bundles - 	Entry: D:\sts-4.26.0.RELEASE\plugins\org.apache.commons.commons-codec_1.16.0.jar
2025-02-09 10:14:05,518 [Worker-16: Launching Celebrateit-backend (10)] INFO  o.eclipse.m2e.core.internal.Bundles - getClasspathEntries(Bundle=com.google.guava.failureaccess_1.0.2 [30])
2025-02-09 10:14:05,518 [Worker-16: Launching Celebrateit-backend (10)] INFO  o.eclipse.m2e.core.internal.Bundles - 	Entry: D:\sts-4.26.0.RELEASE\plugins\com.google.guava.failureaccess_1.0.2.jar
2025-02-09 10:14:05,520 [Worker-16: Launching Celebrateit-backend (10)] INFO  o.e.m.i.launch.MavenLaunchDelegate - Run build in "C:\Users\Samruddhi\OneDrive\Desktop\cdac-project\Celebrateit-backend\Celebrateit-backend":
2025-02-09 10:14:05,524 [Worker-16: Launching Celebrateit-backend (10)] INFO  o.e.m.i.launch.MavenLaunchDelegate -  mvn  -B -Dstyle.color=always clean compile
2025-02-09 10:16:36,938 [Worker-20: Building] INFO  o.a.m.s.f.DefaultMavenResourcesFiltering - Copying 1 resource from src\main\resources to target\classes
2025-02-09 10:16:36,962 [Worker-20: Building] INFO  o.a.m.s.f.DefaultMavenResourcesFiltering - Copying 0 resource from src\main\resources to target\classes
2025-02-09 10:16:36,968 [Worker-20: Building] INFO  o.a.m.s.f.DefaultMavenResourcesFiltering - skip non existing resourceDirectory C:\Users\Samruddhi\OneDrive\Desktop\cdac-project\Celebrateit-backend\Celebrateit-backend\src\test\resources
2025-02-09 10:18:35,563 [Worker-22: Building] INFO  o.a.m.s.f.DefaultMavenResourcesFiltering - Copying 1 resource from src\main\resources to target\classes
2025-02-09 10:18:35,568 [Worker-22: Building] INFO  o.a.m.s.f.DefaultMavenResourcesFiltering - Copying 0 resource from src\main\resources to target\classes
2025-02-09 10:18:35,571 [Worker-22: Building] INFO  o.a.m.s.f.DefaultMavenResourcesFiltering - skip non existing resourceDirectory C:\Users\Samruddhi\OneDrive\Desktop\cdac-project\Celebrateit-backend\Celebrateit-backend\src\test\resources
2025-02-09 10:20:07,029 [Worker-3: Building] INFO  o.a.m.s.f.DefaultMavenResourcesFiltering - Copying 1 resource from src\main\resources to target\classes
2025-02-09 10:20:07,034 [Worker-3: Building] INFO  o.a.m.s.f.DefaultMavenResourcesFiltering - Copying 0 resource from src\main\resources to target\classes
2025-02-09 10:20:07,038 [Worker-3: Building] INFO  o.a.m.s.f.DefaultMavenResourcesFiltering - skip non existing resourceDirectory C:\Users\Samruddhi\OneDrive\Desktop\cdac-project\Celebrateit-backend\Celebrateit-backend\src\test\resources
2025-02-09 10:23:59,577 [Worker-3: Building] INFO  o.a.m.s.f.DefaultMavenResourcesFiltering - Copying 1 resource from src\main\resources to target\classes
2025-02-09 10:23:59,583 [Worker-3: Building] INFO  o.a.m.s.f.DefaultMavenResourcesFiltering - Copying 0 resource from src\main\resources to target\classes
2025-02-09 10:23:59,585 [Worker-3: Building] INFO  o.a.m.s.f.DefaultMavenResourcesFiltering - skip non existing resourceDirectory C:\Users\Samruddhi\OneDrive\Desktop\cdac-project\Celebrateit-backend\Celebrateit-backend\src\test\resources
2025-02-09 10:24:37,256 [Worker-28: Building] INFO  o.a.m.s.f.DefaultMavenResourcesFiltering - Copying 1 resource from src\main\resources to target\classes
2025-02-09 10:24:37,260 [Worker-28: Building] INFO  o.a.m.s.f.DefaultMavenResourcesFiltering - Copying 0 resource from src\main\resources to target\classes
2025-02-09 10:24:37,262 [Worker-28: Building] INFO  o.a.m.s.f.DefaultMavenResourcesFiltering - skip non existing resourceDirectory C:\Users\Samruddhi\OneDrive\Desktop\cdac-project\Celebrateit-backend\Celebrateit-backend\src\test\resources
2025-02-09 10:25:00,700 [Worker-27: Building] INFO  o.a.m.s.f.DefaultMavenResourcesFiltering - Copying 1 resource from src\main\resources to target\classes
2025-02-09 10:25:00,705 [Worker-27: Building] INFO  o.a.m.s.f.DefaultMavenResourcesFiltering - Copying 0 resource from src\main\resources to target\classes
2025-02-09 10:25:00,708 [Worker-27: Building] INFO  o.a.m.s.f.DefaultMavenResourcesFiltering - skip non existing resourceDirectory C:\Users\Samruddhi\OneDrive\Desktop\cdac-project\Celebrateit-backend\Celebrateit-backend\src\test\resources
2025-02-09 10:25:16,139 [Worker-26: Building] INFO  o.a.m.s.f.DefaultMavenResourcesFiltering - Copying 1 resource from src\main\resources to target\classes
2025-02-09 10:25:16,145 [Worker-26: Building] INFO  o.a.m.s.f.DefaultMavenResourcesFiltering - Copying 0 resource from src\main\resources to target\classes
2025-02-09 10:25:16,149 [Worker-26: Building] INFO  o.a.m.s.f.DefaultMavenResourcesFiltering - skip non existing resourceDirectory C:\Users\Samruddhi\OneDrive\Desktop\cdac-project\Celebrateit-backend\Celebrateit-backend\src\test\resources
2025-02-09 10:31:49,067 [Worker-30: Building] INFO  o.a.m.s.f.DefaultMavenResourcesFiltering - Copying 1 resource from src\main\resources to target\classes
2025-02-09 10:31:49,073 [Worker-30: Building] INFO  o.a.m.s.f.DefaultMavenResourcesFiltering - Copying 0 resource from src\main\resources to target\classes
2025-02-09 10:31:49,076 [Worker-30: Building] INFO  o.a.m.s.f.DefaultMavenResourcesFiltering - skip non existing resourceDirectory C:\Users\Samruddhi\OneDrive\Desktop\cdac-project\Celebrateit-backend\Celebrateit-backend\src\test\resources
2025-02-09 10:32:14,362 [Worker-31: Building] INFO  o.a.m.s.f.DefaultMavenResourcesFiltering - Copying 1 resource from src\main\resources to target\classes
2025-02-09 10:32:14,369 [Worker-31: Building] INFO  o.a.m.s.f.DefaultMavenResourcesFiltering - Copying 0 resource from src\main\resources to target\classes
2025-02-09 10:32:14,372 [Worker-31: Building] INFO  o.a.m.s.f.DefaultMavenResourcesFiltering - skip non existing resourceDirectory C:\Users\Samruddhi\OneDrive\Desktop\cdac-project\Celebrateit-backend\Celebrateit-backend\src\test\resources
2025-02-09 10:34:27,235 [Worker-34: Building] INFO  o.a.m.s.f.DefaultMavenResourcesFiltering - Copying 1 resource from src\main\resources to target\classes
2025-02-09 10:34:27,245 [Worker-34: Building] INFO  o.a.m.s.f.DefaultMavenResourcesFiltering - Copying 0 resource from src\main\resources to target\classes
2025-02-09 10:34:27,245 [Worker-34: Building] INFO  o.a.m.s.f.DefaultMavenResourcesFiltering - skip non existing resourceDirectory C:\Users\Samruddhi\OneDrive\Desktop\cdac-project\Celebrateit-backend\Celebrateit-backend\src\test\resources
2025-02-09 10:34:44,029 [Worker-32: Building] INFO  o.a.m.s.f.DefaultMavenResourcesFiltering - Copying 1 resource from src\main\resources to target\classes
2025-02-09 10:34:44,039 [Worker-32: Building] INFO  o.a.m.s.f.DefaultMavenResourcesFiltering - Copying 0 resource from src\main\resources to target\classes
2025-02-09 10:34:44,044 [Worker-32: Building] INFO  o.a.m.s.f.DefaultMavenResourcesFiltering - skip non existing resourceDirectory C:\Users\Samruddhi\OneDrive\Desktop\cdac-project\Celebrateit-backend\Celebrateit-backend\src\test\resources
2025-02-09 10:35:21,721 [Worker-32: Building] INFO  o.a.m.s.f.DefaultMavenResourcesFiltering - Copying 1 resource from src\main\resources to target\classes
2025-02-09 10:35:21,726 [Worker-32: Building] INFO  o.a.m.s.f.DefaultMavenResourcesFiltering - Copying 0 resource from src\main\resources to target\classes
2025-02-09 10:35:21,730 [Worker-32: Building] INFO  o.a.m.s.f.DefaultMavenResourcesFiltering - skip non existing resourceDirectory C:\Users\Samruddhi\OneDrive\Desktop\cdac-project\Celebrateit-backend\Celebrateit-backend\src\test\resources
2025-02-09 10:35:26,816 [Worker-33: Building] INFO  o.a.m.s.f.DefaultMavenResourcesFiltering - Copying 1 resource from src\main\resources to target\classes
2025-02-09 10:35:26,820 [Worker-33: Building] INFO  o.a.m.s.f.DefaultMavenResourcesFiltering - Copying 0 resource from src\main\resources to target\classes
2025-02-09 10:35:26,822 [Worker-33: Building] INFO  o.a.m.s.f.DefaultMavenResourcesFiltering - skip non existing resourceDirectory C:\Users\Samruddhi\OneDrive\Desktop\cdac-project\Celebrateit-backend\Celebrateit-backend\src\test\resources
2025-02-09 10:37:43,311 [Worker-39: Building] INFO  o.a.m.s.f.DefaultMavenResourcesFiltering - Copying 1 resource from src\main\resources to target\classes
2025-02-09 10:37:43,313 [Worker-39: Building] INFO  o.a.m.s.f.DefaultMavenResourcesFiltering - Copying 0 resource from src\main\resources to target\classes
2025-02-09 10:37:43,318 [Worker-39: Building] INFO  o.a.m.s.f.DefaultMavenResourcesFiltering - skip non existing resourceDirectory C:\Users\Samruddhi\OneDrive\Desktop\cdac-project\Celebrateit-backend\Celebrateit-backend\src\test\resources
2025-02-09 10:42:36,225 [Worker-37: Building] INFO  o.a.m.s.f.DefaultMavenResourcesFiltering - Copying 1 resource from src\main\resources to target\classes
2025-02-09 10:42:36,236 [Worker-37: Building] INFO  o.a.m.s.f.DefaultMavenResourcesFiltering - Copying 0 resource from src\main\resources to target\classes
2025-02-09 10:42:36,241 [Worker-37: Building] INFO  o.a.m.s.f.DefaultMavenResourcesFiltering - skip non existing resourceDirectory C:\Users\Samruddhi\OneDrive\Desktop\cdac-project\Celebrateit-backend\Celebrateit-backend\src\test\resources
2025-02-09 10:46:07,774 [Worker-38: Building] INFO  o.a.m.s.f.DefaultMavenResourcesFiltering - Copying 1 resource from src\main\resources to target\classes
2025-02-09 10:46:07,784 [Worker-38: Building] INFO  o.a.m.s.f.DefaultMavenResourcesFiltering - Copying 0 resource from src\main\resources to target\classes
2025-02-09 10:46:07,787 [Worker-38: Building] INFO  o.a.m.s.f.DefaultMavenResourcesFiltering - skip non existing resourceDirectory C:\Users\Samruddhi\OneDrive\Desktop\cdac-project\Celebrateit-backend\Celebrateit-backend\src\test\resources
2025-02-09 10:46:33,616 [Worker-44: Building] INFO  o.a.m.s.f.DefaultMavenResourcesFiltering - Copying 1 resource from src\main\resources to target\classes
2025-02-09 10:46:33,620 [Worker-44: Building] INFO  o.a.m.s.f.DefaultMavenResourcesFiltering - Copying 0 resource from src\main\resources to target\classes
2025-02-09 10:46:33,623 [Worker-44: Building] INFO  o.a.m.s.f.DefaultMavenResourcesFiltering - skip non existing resourceDirectory C:\Users\Samruddhi\OneDrive\Desktop\cdac-project\Celebrateit-backend\Celebrateit-backend\src\test\resources
2025-02-09 10:47:52,591 [Worker-37: Building] INFO  o.a.m.s.f.DefaultMavenResourcesFiltering - Copying 1 resource from src\main\resources to target\classes
2025-02-09 10:47:52,595 [Worker-37: Building] INFO  o.a.m.s.f.DefaultMavenResourcesFiltering - Copying 0 resource from src\main\resources to target\classes
2025-02-09 10:47:52,597 [Worker-37: Building] INFO  o.a.m.s.f.DefaultMavenResourcesFiltering - skip non existing resourceDirectory C:\Users\Samruddhi\OneDrive\Desktop\cdac-project\Celebrateit-backend\Celebrateit-backend\src\test\resources
2025-02-09 10:48:05,585 [Worker-44: Building] INFO  o.a.m.s.f.DefaultMavenResourcesFiltering - Copying 1 resource from src\main\resources to target\classes
2025-02-09 10:48:05,590 [Worker-44: Building] INFO  o.a.m.s.f.DefaultMavenResourcesFiltering - Copying 0 resource from src\main\resources to target\classes
2025-02-09 10:48:05,594 [Worker-44: Building] INFO  o.a.m.s.f.DefaultMavenResourcesFiltering - skip non existing resourceDirectory C:\Users\Samruddhi\OneDrive\Desktop\cdac-project\Celebrateit-backend\Celebrateit-backend\src\test\resources
2025-02-09 10:48:49,748 [Worker-38: Building] INFO  o.a.m.s.f.DefaultMavenResourcesFiltering - Copying 1 resource from src\main\resources to target\classes
2025-02-09 10:48:49,754 [Worker-38: Building] INFO  o.a.m.s.f.DefaultMavenResourcesFiltering - Copying 0 resource from src\main\resources to target\classes
2025-02-09 10:48:49,757 [Worker-38: Building] INFO  o.a.m.s.f.DefaultMavenResourcesFiltering - skip non existing resourceDirectory C:\Users\Samruddhi\OneDrive\Desktop\cdac-project\Celebrateit-backend\Celebrateit-backend\src\test\resources
2025-02-09 10:49:57,571 [main] INFO  o.e.m2e.actions.ExecutePomAction - Creating new launch configuration
2025-02-09 10:50:06,798 [Worker-46: Launching Celebrateit-backend (13)] INFO  o.eclipse.m2e.core.internal.Bundles - getClasspathEntries(Bundle=org.eclipse.m2e.maven.runtime_3.9.900.20240824-1409 [359])
2025-02-09 10:50:06,799 [Worker-46: Launching Celebrateit-backend (13)] INFO  o.eclipse.m2e.core.internal.Bundles - 	Entry: D:\sts-4.26.0.RELEASE\plugins\org.eclipse.m2e.maven.runtime_3.9.900.20240824-1409
2025-02-09 10:50:06,799 [Worker-46: Launching Celebrateit-backend (13)] INFO  o.eclipse.m2e.core.internal.Bundles - 	Entry: D:\sts-4.26.0.RELEASE\plugins\org.eclipse.m2e.maven.runtime_3.9.900.20240824-1409\jars\aopalliance-1.0.jar
2025-02-09 10:50:06,799 [Worker-46: Launching Celebrateit-backend (13)] INFO  o.eclipse.m2e.core.internal.Bundles - 	Entry: D:\sts-4.26.0.RELEASE\plugins\org.eclipse.m2e.maven.runtime_3.9.900.20240824-1409\jars\guice-5.1.0.jar
2025-02-09 10:50:06,799 [Worker-46: Launching Celebrateit-backend (13)] INFO  o.eclipse.m2e.core.internal.Bundles - 	Entry: D:\sts-4.26.0.RELEASE\plugins\org.eclipse.m2e.maven.runtime_3.9.900.20240824-1409\jars\httpclient-4.5.14.jar
2025-02-09 10:50:06,799 [Worker-46: Launching Celebrateit-backend (13)] INFO  o.eclipse.m2e.core.internal.Bundles - 	Entry: D:\sts-4.26.0.RELEASE\plugins\org.eclipse.m2e.maven.runtime_3.9.900.20240824-1409\jars\httpcore-4.4.16.jar
2025-02-09 10:50:06,799 [Worker-46: Launching Celebrateit-backend (13)] INFO  o.eclipse.m2e.core.internal.Bundles - 	Entry: D:\sts-4.26.0.RELEASE\plugins\org.eclipse.m2e.maven.runtime_3.9.900.20240824-1409\jars\jansi-2.4.1.jar
2025-02-09 10:50:06,799 [Worker-46: Launching Celebrateit-backend (13)] INFO  o.eclipse.m2e.core.internal.Bundles - 	Entry: D:\sts-4.26.0.RELEASE\plugins\org.eclipse.m2e.maven.runtime_3.9.900.20240824-1409\jars\jcl-over-slf4j-1.7.36.jar
2025-02-09 10:50:06,799 [Worker-46: Launching Celebrateit-backend (13)] INFO  o.eclipse.m2e.core.internal.Bundles - 	Entry: D:\sts-4.26.0.RELEASE\plugins\org.eclipse.m2e.maven.runtime_3.9.900.20240824-1409\jars\maven-artifact-3.9.9.jar
2025-02-09 10:50:06,799 [Worker-46: Launching Celebrateit-backend (13)] INFO  o.eclipse.m2e.core.internal.Bundles - 	Entry: D:\sts-4.26.0.RELEASE\plugins\org.eclipse.m2e.maven.runtime_3.9.900.20240824-1409\jars\maven-builder-support-3.9.9.jar
2025-02-09 10:50:06,799 [Worker-46: Launching Celebrateit-backend (13)] INFO  o.eclipse.m2e.core.internal.Bundles - 	Entry: D:\sts-4.26.0.RELEASE\plugins\org.eclipse.m2e.maven.runtime_3.9.900.20240824-1409\jars\maven-compat-3.9.9.jar
2025-02-09 10:50:06,799 [Worker-46: Launching Celebrateit-backend (13)] INFO  o.eclipse.m2e.core.internal.Bundles - 	Entry: D:\sts-4.26.0.RELEASE\plugins\org.eclipse.m2e.maven.runtime_3.9.900.20240824-1409\jars\maven-core-3.9.9.jar
2025-02-09 10:50:06,799 [Worker-46: Launching Celebrateit-backend (13)] INFO  o.eclipse.m2e.core.internal.Bundles - 	Entry: D:\sts-4.26.0.RELEASE\plugins\org.eclipse.m2e.maven.runtime_3.9.900.20240824-1409\jars\maven-embedder-3.9.9.jar
2025-02-09 10:50:06,799 [Worker-46: Launching Celebrateit-backend (13)] INFO  o.eclipse.m2e.core.internal.Bundles - 	Entry: D:\sts-4.26.0.RELEASE\plugins\org.eclipse.m2e.maven.runtime_3.9.900.20240824-1409\jars\maven-model-3.9.9.jar
2025-02-09 10:50:06,799 [Worker-46: Launching Celebrateit-backend (13)] INFO  o.eclipse.m2e.core.internal.Bundles - 	Entry: D:\sts-4.26.0.RELEASE\plugins\org.eclipse.m2e.maven.runtime_3.9.900.20240824-1409\jars\maven-model-builder-3.9.9.jar
2025-02-09 10:50:06,799 [Worker-46: Launching Celebrateit-backend (13)] INFO  o.eclipse.m2e.core.internal.Bundles - 	Entry: D:\sts-4.26.0.RELEASE\plugins\org.eclipse.m2e.maven.runtime_3.9.900.20240824-1409\jars\maven-plugin-api-3.9.9.jar
2025-02-09 10:50:06,799 [Worker-46: Launching Celebrateit-backend (13)] INFO  o.eclipse.m2e.core.internal.Bundles - 	Entry: D:\sts-4.26.0.RELEASE\plugins\org.eclipse.m2e.maven.runtime_3.9.900.20240824-1409\jars\maven-repository-metadata-3.9.9.jar
2025-02-09 10:50:06,799 [Worker-46: Launching Celebrateit-backend (13)] INFO  o.eclipse.m2e.core.internal.Bundles - 	Entry: D:\sts-4.26.0.RELEASE\plugins\org.eclipse.m2e.maven.runtime_3.9.900.20240824-1409\jars\maven-resolver-api-1.9.22.jar
2025-02-09 10:50:06,799 [Worker-46: Launching Celebrateit-backend (13)] INFO  o.eclipse.m2e.core.internal.Bundles - 	Entry: D:\sts-4.26.0.RELEASE\plugins\org.eclipse.m2e.maven.runtime_3.9.900.20240824-1409\jars\maven-resolver-connector-basic-1.9.22.jar
2025-02-09 10:50:06,799 [Worker-46: Launching Celebrateit-backend (13)] INFO  o.eclipse.m2e.core.internal.Bundles - 	Entry: D:\sts-4.26.0.RELEASE\plugins\org.eclipse.m2e.maven.runtime_3.9.900.20240824-1409\jars\maven-resolver-impl-1.9.22.jar
2025-02-09 10:50:06,799 [Worker-46: Launching Celebrateit-backend (13)] INFO  o.eclipse.m2e.core.internal.Bundles - 	Entry: D:\sts-4.26.0.RELEASE\plugins\org.eclipse.m2e.maven.runtime_3.9.900.20240824-1409\jars\maven-resolver-named-locks-1.9.22.jar
2025-02-09 10:50:06,799 [Worker-46: Launching Celebrateit-backend (13)] INFO  o.eclipse.m2e.core.internal.Bundles - 	Entry: D:\sts-4.26.0.RELEASE\plugins\org.eclipse.m2e.maven.runtime_3.9.900.20240824-1409\jars\maven-resolver-provider-3.9.9.jar
2025-02-09 10:50:06,799 [Worker-46: Launching Celebrateit-backend (13)] INFO  o.eclipse.m2e.core.internal.Bundles - 	Entry: D:\sts-4.26.0.RELEASE\plugins\org.eclipse.m2e.maven.runtime_3.9.900.20240824-1409\jars\maven-resolver-spi-1.9.22.jar
2025-02-09 10:50:06,799 [Worker-46: Launching Celebrateit-backend (13)] INFO  o.eclipse.m2e.core.internal.Bundles - 	Entry: D:\sts-4.26.0.RELEASE\plugins\org.eclipse.m2e.maven.runtime_3.9.900.20240824-1409\jars\maven-resolver-transport-file-1.9.22.jar
2025-02-09 10:50:06,799 [Worker-46: Launching Celebrateit-backend (13)] INFO  o.eclipse.m2e.core.internal.Bundles - 	Entry: D:\sts-4.26.0.RELEASE\plugins\org.eclipse.m2e.maven.runtime_3.9.900.20240824-1409\jars\maven-resolver-transport-http-1.9.22.jar
2025-02-09 10:50:06,799 [Worker-46: Launching Celebrateit-backend (13)] INFO  o.eclipse.m2e.core.internal.Bundles - 	Entry: D:\sts-4.26.0.RELEASE\plugins\org.eclipse.m2e.maven.runtime_3.9.900.20240824-1409\jars\maven-resolver-transport-wagon-1.9.22.jar
2025-02-09 10:50:06,800 [Worker-46: Launching Celebrateit-backend (13)] INFO  o.eclipse.m2e.core.internal.Bundles - 	Entry: D:\sts-4.26.0.RELEASE\plugins\org.eclipse.m2e.maven.runtime_3.9.900.20240824-1409\jars\maven-resolver-util-1.9.22.jar
2025-02-09 10:50:06,800 [Worker-46: Launching Celebrateit-backend (13)] INFO  o.eclipse.m2e.core.internal.Bundles - 	Entry: D:\sts-4.26.0.RELEASE\plugins\org.eclipse.m2e.maven.runtime_3.9.900.20240824-1409\jars\maven-settings-3.9.9.jar
2025-02-09 10:50:06,800 [Worker-46: Launching Celebrateit-backend (13)] INFO  o.eclipse.m2e.core.internal.Bundles - 	Entry: D:\sts-4.26.0.RELEASE\plugins\org.eclipse.m2e.maven.runtime_3.9.900.20240824-1409\jars\maven-settings-builder-3.9.9.jar
2025-02-09 10:50:06,800 [Worker-46: Launching Celebrateit-backend (13)] INFO  o.eclipse.m2e.core.internal.Bundles - 	Entry: D:\sts-4.26.0.RELEASE\plugins\org.eclipse.m2e.maven.runtime_3.9.900.20240824-1409\jars\maven-shared-utils-3.4.2.jar
2025-02-09 10:50:06,800 [Worker-46: Launching Celebrateit-backend (13)] INFO  o.eclipse.m2e.core.internal.Bundles - 	Entry: D:\sts-4.26.0.RELEASE\plugins\org.eclipse.m2e.maven.runtime_3.9.900.20240824-1409\jars\org.eclipse.sisu.inject-0.9.0.M3.jar
2025-02-09 10:50:06,800 [Worker-46: Launching Celebrateit-backend (13)] INFO  o.eclipse.m2e.core.internal.Bundles - 	Entry: D:\sts-4.26.0.RELEASE\plugins\org.eclipse.m2e.maven.runtime_3.9.900.20240824-1409\jars\org.eclipse.sisu.plexus-0.9.0.M3.jar
2025-02-09 10:50:06,800 [Worker-46: Launching Celebrateit-backend (13)] INFO  o.eclipse.m2e.core.internal.Bundles - 	Entry: D:\sts-4.26.0.RELEASE\plugins\org.eclipse.m2e.maven.runtime_3.9.900.20240824-1409\jars\plexus-build-api-0.0.7.jar
2025-02-09 10:50:06,800 [Worker-46: Launching Celebrateit-backend (13)] INFO  o.eclipse.m2e.core.internal.Bundles - 	Entry: D:\sts-4.26.0.RELEASE\plugins\org.eclipse.m2e.maven.runtime_3.9.900.20240824-1409\jars\plexus-build-api-1.2.0.jar
2025-02-09 10:50:06,800 [Worker-46: Launching Celebrateit-backend (13)] INFO  o.eclipse.m2e.core.internal.Bundles - 	Entry: D:\sts-4.26.0.RELEASE\plugins\org.eclipse.m2e.maven.runtime_3.9.900.20240824-1409\jars\plexus-cipher-2.0.jar
2025-02-09 10:50:06,800 [Worker-46: Launching Celebrateit-backend (13)] INFO  o.eclipse.m2e.core.internal.Bundles - 	Entry: D:\sts-4.26.0.RELEASE\plugins\org.eclipse.m2e.maven.runtime_3.9.900.20240824-1409\jars\plexus-classworlds-2.8.0.jar
2025-02-09 10:50:06,800 [Worker-46: Launching Celebrateit-backend (13)] INFO  o.eclipse.m2e.core.internal.Bundles - 	Entry: D:\sts-4.26.0.RELEASE\plugins\org.eclipse.m2e.maven.runtime_3.9.900.20240824-1409\jars\plexus-component-annotations-2.1.0.jar
2025-02-09 10:50:06,800 [Worker-46: Launching Celebrateit-backend (13)] INFO  o.eclipse.m2e.core.internal.Bundles - 	Entry: D:\sts-4.26.0.RELEASE\plugins\org.eclipse.m2e.maven.runtime_3.9.900.20240824-1409\jars\plexus-interpolation-1.27.jar
2025-02-09 10:50:06,800 [Worker-46: Launching Celebrateit-backend (13)] INFO  o.eclipse.m2e.core.internal.Bundles - 	Entry: D:\sts-4.26.0.RELEASE\plugins\org.eclipse.m2e.maven.runtime_3.9.900.20240824-1409\jars\plexus-sec-dispatcher-2.0.jar
2025-02-09 10:50:06,800 [Worker-46: Launching Celebrateit-backend (13)] INFO  o.eclipse.m2e.core.internal.Bundles - 	Entry: D:\sts-4.26.0.RELEASE\plugins\org.eclipse.m2e.maven.runtime_3.9.900.20240824-1409\jars\plexus-utils-3.5.1.jar
2025-02-09 10:50:06,800 [Worker-46: Launching Celebrateit-backend (13)] INFO  o.eclipse.m2e.core.internal.Bundles - 	Entry: D:\sts-4.26.0.RELEASE\plugins\org.eclipse.m2e.maven.runtime_3.9.900.20240824-1409\jars\plexus-xml-3.0.1.jar
2025-02-09 10:50:06,800 [Worker-46: Launching Celebrateit-backend (13)] INFO  o.eclipse.m2e.core.internal.Bundles - 	Entry: D:\sts-4.26.0.RELEASE\plugins\org.eclipse.m2e.maven.runtime_3.9.900.20240824-1409\jars\wagon-file-3.5.3.jar
2025-02-09 10:50:06,800 [Worker-46: Launching Celebrateit-backend (13)] INFO  o.eclipse.m2e.core.internal.Bundles - 	Entry: D:\sts-4.26.0.RELEASE\plugins\org.eclipse.m2e.maven.runtime_3.9.900.20240824-1409\jars\wagon-http-3.5.3.jar
2025-02-09 10:50:06,800 [Worker-46: Launching Celebrateit-backend (13)] INFO  o.eclipse.m2e.core.internal.Bundles - 	Entry: D:\sts-4.26.0.RELEASE\plugins\org.eclipse.m2e.maven.runtime_3.9.900.20240824-1409\jars\wagon-http-shared-3.5.3.jar
2025-02-09 10:50:06,800 [Worker-46: Launching Celebrateit-backend (13)] INFO  o.eclipse.m2e.core.internal.Bundles - 	Entry: D:\sts-4.26.0.RELEASE\plugins\org.eclipse.m2e.maven.runtime_3.9.900.20240824-1409\jars\wagon-provider-api-3.5.3.jar
2025-02-09 10:50:06,800 [Worker-46: Launching Celebrateit-backend (13)] INFO  o.eclipse.m2e.core.internal.Bundles - getClasspathEntries(Bundle=com.google.guava_33.3.0.jre [29])
2025-02-09 10:50:06,801 [Worker-46: Launching Celebrateit-backend (13)] INFO  o.eclipse.m2e.core.internal.Bundles - 	Entry: D:\sts-4.26.0.RELEASE\plugins\com.google.guava_33.3.0.jre.jar
2025-02-09 10:50:06,801 [Worker-46: Launching Celebrateit-backend (13)] INFO  o.eclipse.m2e.core.internal.Bundles - getClasspathEntries(Bundle=slf4j.api_2.0.16 [592])
2025-02-09 10:50:06,801 [Worker-46: Launching Celebrateit-backend (13)] INFO  o.eclipse.m2e.core.internal.Bundles - 	Entry: D:\sts-4.26.0.RELEASE\plugins\slf4j.api_2.0.16.jar
2025-02-09 10:50:06,801 [Worker-46: Launching Celebrateit-backend (13)] INFO  o.eclipse.m2e.core.internal.Bundles - getClasspathEntries(Bundle=jakarta.inject.jakarta.inject-api_1.0.5 [45])
2025-02-09 10:50:06,801 [Worker-46: Launching Celebrateit-backend (13)] INFO  o.eclipse.m2e.core.internal.Bundles - 	Entry: D:\sts-4.26.0.RELEASE\plugins\jakarta.inject.jakarta.inject-api_1.0.5.jar
2025-02-09 10:50:06,801 [Worker-46: Launching Celebrateit-backend (13)] INFO  o.eclipse.m2e.core.internal.Bundles - getClasspathEntries(Bundle=jakarta.annotation-api_1.3.5 [41])
2025-02-09 10:50:06,801 [Worker-46: Launching Celebrateit-backend (13)] INFO  o.eclipse.m2e.core.internal.Bundles - 	Entry: D:\sts-4.26.0.RELEASE\plugins\jakarta.annotation-api_1.3.5.jar
2025-02-09 10:50:06,801 [Worker-46: Launching Celebrateit-backend (13)] INFO  o.eclipse.m2e.core.internal.Bundles - getClasspathEntries(Bundle=org.apache.commons.cli_1.9.0 [77])
2025-02-09 10:50:06,801 [Worker-46: Launching Celebrateit-backend (13)] INFO  o.eclipse.m2e.core.internal.Bundles - 	Entry: D:\sts-4.26.0.RELEASE\plugins\org.apache.commons.cli_1.9.0.jar
2025-02-09 10:50:06,801 [Worker-46: Launching Celebrateit-backend (13)] INFO  o.eclipse.m2e.core.internal.Bundles - getClasspathEntries(Bundle=org.apache.commons.commons-codec_1.16.0 [80])
2025-02-09 10:50:06,801 [Worker-46: Launching Celebrateit-backend (13)] INFO  o.eclipse.m2e.core.internal.Bundles - 	Entry: D:\sts-4.26.0.RELEASE\plugins\org.apache.commons.commons-codec_1.16.0.jar
2025-02-09 10:50:06,801 [Worker-46: Launching Celebrateit-backend (13)] INFO  o.eclipse.m2e.core.internal.Bundles - getClasspathEntries(Bundle=com.google.guava.failureaccess_1.0.2 [30])
2025-02-09 10:50:06,801 [Worker-46: Launching Celebrateit-backend (13)] INFO  o.eclipse.m2e.core.internal.Bundles - 	Entry: D:\sts-4.26.0.RELEASE\plugins\com.google.guava.failureaccess_1.0.2.jar
2025-02-09 10:50:06,802 [Worker-46: Launching Celebrateit-backend (13)] INFO  o.e.m.i.launch.MavenLaunchDelegate - Run build in "C:\Users\Samruddhi\OneDrive\Desktop\cdac-project\Celebrateit-backend\Celebrateit-backend":
2025-02-09 10:50:06,803 [Worker-46: Launching Celebrateit-backend (13)] INFO  o.e.m.i.launch.MavenLaunchDelegate -  mvn  -B -Dstyle.color=always clean compile
2025-02-09 10:50:06,969 [Worker-43: Building] INFO  o.a.m.s.f.DefaultMavenResourcesFiltering - Copying 1 resource from src\main\resources to target\classes
2025-02-09 10:50:06,975 [Worker-43: Building] INFO  o.a.m.s.f.DefaultMavenResourcesFiltering - Copying 0 resource from src\main\resources to target\classes
2025-02-09 10:50:06,978 [Worker-43: Building] INFO  o.a.m.s.f.DefaultMavenResourcesFiltering - skip non existing resourceDirectory C:\Users\Samruddhi\OneDrive\Desktop\cdac-project\Celebrateit-backend\Celebrateit-backend\src\test\resources
2025-02-09 10:51:59,203 [Worker-44: Building] INFO  o.a.m.s.f.DefaultMavenResourcesFiltering - Copying 1 resource from src\main\resources to target\classes
2025-02-09 10:51:59,209 [Worker-44: Building] INFO  o.a.m.s.f.DefaultMavenResourcesFiltering - Copying 0 resource from src\main\resources to target\classes
2025-02-09 10:51:59,211 [Worker-44: Building] INFO  o.a.m.s.f.DefaultMavenResourcesFiltering - skip non existing resourceDirectory C:\Users\Samruddhi\OneDrive\Desktop\cdac-project\Celebrateit-backend\Celebrateit-backend\src\test\resources
2025-02-09 10:52:22,978 [Worker-47: Building] INFO  o.a.m.s.f.DefaultMavenResourcesFiltering - Copying 1 resource from src\main\resources to target\classes
2025-02-09 10:52:22,984 [Worker-47: Building] INFO  o.a.m.s.f.DefaultMavenResourcesFiltering - Copying 0 resource from src\main\resources to target\classes
2025-02-09 10:52:22,986 [Worker-47: Building] INFO  o.a.m.s.f.DefaultMavenResourcesFiltering - skip non existing resourceDirectory C:\Users\Samruddhi\OneDrive\Desktop\cdac-project\Celebrateit-backend\Celebrateit-backend\src\test\resources
2025-02-09 10:52:31,181 [Worker-43: Building] INFO  o.a.m.s.f.DefaultMavenResourcesFiltering - Copying 1 resource from src\main\resources to target\classes
2025-02-09 10:52:31,184 [Worker-43: Building] INFO  o.a.m.s.f.DefaultMavenResourcesFiltering - Copying 0 resource from src\main\resources to target\classes
2025-02-09 10:52:31,187 [Worker-43: Building] INFO  o.a.m.s.f.DefaultMavenResourcesFiltering - skip non existing resourceDirectory C:\Users\Samruddhi\OneDrive\Desktop\cdac-project\Celebrateit-backend\Celebrateit-backend\src\test\resources
2025-02-09 10:52:45,202 [Worker-47: Building] INFO  o.a.m.s.f.DefaultMavenResourcesFiltering - Copying 1 resource from src\main\resources to target\classes
2025-02-09 10:52:45,207 [Worker-47: Building] INFO  o.a.m.s.f.DefaultMavenResourcesFiltering - Copying 0 resource from src\main\resources to target\classes
2025-02-09 10:52:45,211 [Worker-47: Building] INFO  o.a.m.s.f.DefaultMavenResourcesFiltering - skip non existing resourceDirectory C:\Users\Samruddhi\OneDrive\Desktop\cdac-project\Celebrateit-backend\Celebrateit-backend\src\test\resources
2025-02-09 10:52:50,455 [Worker-37: Building] INFO  o.a.m.s.f.DefaultMavenResourcesFiltering - Copying 1 resource from src\main\resources to target\classes
2025-02-09 10:52:50,461 [Worker-37: Building] INFO  o.a.m.s.f.DefaultMavenResourcesFiltering - Copying 0 resource from src\main\resources to target\classes
2025-02-09 10:52:50,464 [Worker-37: Building] INFO  o.a.m.s.f.DefaultMavenResourcesFiltering - skip non existing resourceDirectory C:\Users\Samruddhi\OneDrive\Desktop\cdac-project\Celebrateit-backend\Celebrateit-backend\src\test\resources
2025-02-09 10:53:03,313 [Worker-37: Launching Celebrateit-backend (13)] INFO  o.eclipse.m2e.core.internal.Bundles - getClasspathEntries(Bundle=org.eclipse.m2e.maven.runtime_3.9.900.20240824-1409 [359])
2025-02-09 10:53:03,314 [Worker-37: Launching Celebrateit-backend (13)] INFO  o.eclipse.m2e.core.internal.Bundles - 	Entry: D:\sts-4.26.0.RELEASE\plugins\org.eclipse.m2e.maven.runtime_3.9.900.20240824-1409
2025-02-09 10:53:03,314 [Worker-37: Launching Celebrateit-backend (13)] INFO  o.eclipse.m2e.core.internal.Bundles - 	Entry: D:\sts-4.26.0.RELEASE\plugins\org.eclipse.m2e.maven.runtime_3.9.900.20240824-1409\jars\aopalliance-1.0.jar
2025-02-09 10:53:03,314 [Worker-37: Launching Celebrateit-backend (13)] INFO  o.eclipse.m2e.core.internal.Bundles - 	Entry: D:\sts-4.26.0.RELEASE\plugins\org.eclipse.m2e.maven.runtime_3.9.900.20240824-1409\jars\guice-5.1.0.jar
2025-02-09 10:53:03,314 [Worker-37: Launching Celebrateit-backend (13)] INFO  o.eclipse.m2e.core.internal.Bundles - 	Entry: D:\sts-4.26.0.RELEASE\plugins\org.eclipse.m2e.maven.runtime_3.9.900.20240824-1409\jars\httpclient-4.5.14.jar
2025-02-09 10:53:03,315 [Worker-37: Launching Celebrateit-backend (13)] INFO  o.eclipse.m2e.core.internal.Bundles - 	Entry: D:\sts-4.26.0.RELEASE\plugins\org.eclipse.m2e.maven.runtime_3.9.900.20240824-1409\jars\httpcore-4.4.16.jar
2025-02-09 10:53:03,315 [Worker-37: Launching Celebrateit-backend (13)] INFO  o.eclipse.m2e.core.internal.Bundles - 	Entry: D:\sts-4.26.0.RELEASE\plugins\org.eclipse.m2e.maven.runtime_3.9.900.20240824-1409\jars\jansi-2.4.1.jar
2025-02-09 10:53:03,315 [Worker-37: Launching Celebrateit-backend (13)] INFO  o.eclipse.m2e.core.internal.Bundles - 	Entry: D:\sts-4.26.0.RELEASE\plugins\org.eclipse.m2e.maven.runtime_3.9.900.20240824-1409\jars\jcl-over-slf4j-1.7.36.jar
2025-02-09 10:53:03,315 [Worker-37: Launching Celebrateit-backend (13)] INFO  o.eclipse.m2e.core.internal.Bundles - 	Entry: D:\sts-4.26.0.RELEASE\plugins\org.eclipse.m2e.maven.runtime_3.9.900.20240824-1409\jars\maven-artifact-3.9.9.jar
2025-02-09 10:53:03,315 [Worker-37: Launching Celebrateit-backend (13)] INFO  o.eclipse.m2e.core.internal.Bundles - 	Entry: D:\sts-4.26.0.RELEASE\plugins\org.eclipse.m2e.maven.runtime_3.9.900.20240824-1409\jars\maven-builder-support-3.9.9.jar
2025-02-09 10:53:03,315 [Worker-37: Launching Celebrateit-backend (13)] INFO  o.eclipse.m2e.core.internal.Bundles - 	Entry: D:\sts-4.26.0.RELEASE\plugins\org.eclipse.m2e.maven.runtime_3.9.900.20240824-1409\jars\maven-compat-3.9.9.jar
2025-02-09 10:53:03,315 [Worker-37: Launching Celebrateit-backend (13)] INFO  o.eclipse.m2e.core.internal.Bundles - 	Entry: D:\sts-4.26.0.RELEASE\plugins\org.eclipse.m2e.maven.runtime_3.9.900.20240824-1409\jars\maven-core-3.9.9.jar
2025-02-09 10:53:03,316 [Worker-37: Launching Celebrateit-backend (13)] INFO  o.eclipse.m2e.core.internal.Bundles - 	Entry: D:\sts-4.26.0.RELEASE\plugins\org.eclipse.m2e.maven.runtime_3.9.900.20240824-1409\jars\maven-embedder-3.9.9.jar
2025-02-09 10:53:03,316 [Worker-37: Launching Celebrateit-backend (13)] INFO  o.eclipse.m2e.core.internal.Bundles - 	Entry: D:\sts-4.26.0.RELEASE\plugins\org.eclipse.m2e.maven.runtime_3.9.900.20240824-1409\jars\maven-model-3.9.9.jar
2025-02-09 10:53:03,316 [Worker-37: Launching Celebrateit-backend (13)] INFO  o.eclipse.m2e.core.internal.Bundles - 	Entry: D:\sts-4.26.0.RELEASE\plugins\org.eclipse.m2e.maven.runtime_3.9.900.20240824-1409\jars\maven-model-builder-3.9.9.jar
2025-02-09 10:53:03,316 [Worker-37: Launching Celebrateit-backend (13)] INFO  o.eclipse.m2e.core.internal.Bundles - 	Entry: D:\sts-4.26.0.RELEASE\plugins\org.eclipse.m2e.maven.runtime_3.9.900.20240824-1409\jars\maven-plugin-api-3.9.9.jar
2025-02-09 10:53:03,316 [Worker-37: Launching Celebrateit-backend (13)] INFO  o.eclipse.m2e.core.internal.Bundles - 	Entry: D:\sts-4.26.0.RELEASE\plugins\org.eclipse.m2e.maven.runtime_3.9.900.20240824-1409\jars\maven-repository-metadata-3.9.9.jar
2025-02-09 10:53:03,316 [Worker-37: Launching Celebrateit-backend (13)] INFO  o.eclipse.m2e.core.internal.Bundles - 	Entry: D:\sts-4.26.0.RELEASE\plugins\org.eclipse.m2e.maven.runtime_3.9.900.20240824-1409\jars\maven-resolver-api-1.9.22.jar
2025-02-09 10:53:03,316 [Worker-37: Launching Celebrateit-backend (13)] INFO  o.eclipse.m2e.core.internal.Bundles - 	Entry: D:\sts-4.26.0.RELEASE\plugins\org.eclipse.m2e.maven.runtime_3.9.900.20240824-1409\jars\maven-resolver-connector-basic-1.9.22.jar
2025-02-09 10:53:03,316 [Worker-37: Launching Celebrateit-backend (13)] INFO  o.eclipse.m2e.core.internal.Bundles - 	Entry: D:\sts-4.26.0.RELEASE\plugins\org.eclipse.m2e.maven.runtime_3.9.900.20240824-1409\jars\maven-resolver-impl-1.9.22.jar
2025-02-09 10:53:03,317 [Worker-37: Launching Celebrateit-backend (13)] INFO  o.eclipse.m2e.core.internal.Bundles - 	Entry: D:\sts-4.26.0.RELEASE\plugins\org.eclipse.m2e.maven.runtime_3.9.900.20240824-1409\jars\maven-resolver-named-locks-1.9.22.jar
2025-02-09 10:53:03,317 [Worker-37: Launching Celebrateit-backend (13)] INFO  o.eclipse.m2e.core.internal.Bundles - 	Entry: D:\sts-4.26.0.RELEASE\plugins\org.eclipse.m2e.maven.runtime_3.9.900.20240824-1409\jars\maven-resolver-provider-3.9.9.jar
2025-02-09 10:53:03,317 [Worker-37: Launching Celebrateit-backend (13)] INFO  o.eclipse.m2e.core.internal.Bundles - 	Entry: D:\sts-4.26.0.RELEASE\plugins\org.eclipse.m2e.maven.runtime_3.9.900.20240824-1409\jars\maven-resolver-spi-1.9.22.jar
2025-02-09 10:53:03,317 [Worker-37: Launching Celebrateit-backend (13)] INFO  o.eclipse.m2e.core.internal.Bundles - 	Entry: D:\sts-4.26.0.RELEASE\plugins\org.eclipse.m2e.maven.runtime_3.9.900.20240824-1409\jars\maven-resolver-transport-file-1.9.22.jar
2025-02-09 10:53:03,317 [Worker-37: Launching Celebrateit-backend (13)] INFO  o.eclipse.m2e.core.internal.Bundles - 	Entry: D:\sts-4.26.0.RELEASE\plugins\org.eclipse.m2e.maven.runtime_3.9.900.20240824-1409\jars\maven-resolver-transport-http-1.9.22.jar
2025-02-09 10:53:03,317 [Worker-37: Launching Celebrateit-backend (13)] INFO  o.eclipse.m2e.core.internal.Bundles - 	Entry: D:\sts-4.26.0.RELEASE\plugins\org.eclipse.m2e.maven.runtime_3.9.900.20240824-1409\jars\maven-resolver-transport-wagon-1.9.22.jar
2025-02-09 10:53:03,317 [Worker-37: Launching Celebrateit-backend (13)] INFO  o.eclipse.m2e.core.internal.Bundles - 	Entry: D:\sts-4.26.0.RELEASE\plugins\org.eclipse.m2e.maven.runtime_3.9.900.20240824-1409\jars\maven-resolver-util-1.9.22.jar
2025-02-09 10:53:03,317 [Worker-37: Launching Celebrateit-backend (13)] INFO  o.eclipse.m2e.core.internal.Bundles - 	Entry: D:\sts-4.26.0.RELEASE\plugins\org.eclipse.m2e.maven.runtime_3.9.900.20240824-1409\jars\maven-settings-3.9.9.jar
2025-02-09 10:53:03,317 [Worker-37: Launching Celebrateit-backend (13)] INFO  o.eclipse.m2e.core.internal.Bundles - 	Entry: D:\sts-4.26.0.RELEASE\plugins\org.eclipse.m2e.maven.runtime_3.9.900.20240824-1409\jars\maven-settings-builder-3.9.9.jar
2025-02-09 10:53:03,318 [Worker-37: Launching Celebrateit-backend (13)] INFO  o.eclipse.m2e.core.internal.Bundles - 	Entry: D:\sts-4.26.0.RELEASE\plugins\org.eclipse.m2e.maven.runtime_3.9.900.20240824-1409\jars\maven-shared-utils-3.4.2.jar
2025-02-09 10:53:03,318 [Worker-37: Launching Celebrateit-backend (13)] INFO  o.eclipse.m2e.core.internal.Bundles - 	Entry: D:\sts-4.26.0.RELEASE\plugins\org.eclipse.m2e.maven.runtime_3.9.900.20240824-1409\jars\org.eclipse.sisu.inject-0.9.0.M3.jar
2025-02-09 10:53:03,318 [Worker-37: Launching Celebrateit-backend (13)] INFO  o.eclipse.m2e.core.internal.Bundles - 	Entry: D:\sts-4.26.0.RELEASE\plugins\org.eclipse.m2e.maven.runtime_3.9.900.20240824-1409\jars\org.eclipse.sisu.plexus-0.9.0.M3.jar
2025-02-09 10:53:03,318 [Worker-37: Launching Celebrateit-backend (13)] INFO  o.eclipse.m2e.core.internal.Bundles - 	Entry: D:\sts-4.26.0.RELEASE\plugins\org.eclipse.m2e.maven.runtime_3.9.900.20240824-1409\jars\plexus-build-api-0.0.7.jar
2025-02-09 10:53:03,318 [Worker-37: Launching Celebrateit-backend (13)] INFO  o.eclipse.m2e.core.internal.Bundles - 	Entry: D:\sts-4.26.0.RELEASE\plugins\org.eclipse.m2e.maven.runtime_3.9.900.20240824-1409\jars\plexus-build-api-1.2.0.jar
2025-02-09 10:53:03,319 [Worker-37: Launching Celebrateit-backend (13)] INFO  o.eclipse.m2e.core.internal.Bundles - 	Entry: D:\sts-4.26.0.RELEASE\plugins\org.eclipse.m2e.maven.runtime_3.9.900.20240824-1409\jars\plexus-cipher-2.0.jar
2025-02-09 10:53:03,319 [Worker-37: Launching Celebrateit-backend (13)] INFO  o.eclipse.m2e.core.internal.Bundles - 	Entry: D:\sts-4.26.0.RELEASE\plugins\org.eclipse.m2e.maven.runtime_3.9.900.20240824-1409\jars\plexus-classworlds-2.8.0.jar
2025-02-09 10:53:03,319 [Worker-37: Launching Celebrateit-backend (13)] INFO  o.eclipse.m2e.core.internal.Bundles - 	Entry: D:\sts-4.26.0.RELEASE\plugins\org.eclipse.m2e.maven.runtime_3.9.900.20240824-1409\jars\plexus-component-annotations-2.1.0.jar
2025-02-09 10:53:03,319 [Worker-37: Launching Celebrateit-backend (13)] INFO  o.eclipse.m2e.core.internal.Bundles - 	Entry: D:\sts-4.26.0.RELEASE\plugins\org.eclipse.m2e.maven.runtime_3.9.900.20240824-1409\jars\plexus-interpolation-1.27.jar
2025-02-09 10:53:03,319 [Worker-37: Launching Celebrateit-backend (13)] INFO  o.eclipse.m2e.core.internal.Bundles - 	Entry: D:\sts-4.26.0.RELEASE\plugins\org.eclipse.m2e.maven.runtime_3.9.900.20240824-1409\jars\plexus-sec-dispatcher-2.0.jar
2025-02-09 10:53:03,319 [Worker-37: Launching Celebrateit-backend (13)] INFO  o.eclipse.m2e.core.internal.Bundles - 	Entry: D:\sts-4.26.0.RELEASE\plugins\org.eclipse.m2e.maven.runtime_3.9.900.20240824-1409\jars\plexus-utils-3.5.1.jar
2025-02-09 10:53:03,319 [Worker-37: Launching Celebrateit-backend (13)] INFO  o.eclipse.m2e.core.internal.Bundles - 	Entry: D:\sts-4.26.0.RELEASE\plugins\org.eclipse.m2e.maven.runtime_3.9.900.20240824-1409\jars\plexus-xml-3.0.1.jar
2025-02-09 10:53:03,319 [Worker-37: Launching Celebrateit-backend (13)] INFO  o.eclipse.m2e.core.internal.Bundles - 	Entry: D:\sts-4.26.0.RELEASE\plugins\org.eclipse.m2e.maven.runtime_3.9.900.20240824-1409\jars\wagon-file-3.5.3.jar
2025-02-09 10:53:03,320 [Worker-37: Launching Celebrateit-backend (13)] INFO  o.eclipse.m2e.core.internal.Bundles - 	Entry: D:\sts-4.26.0.RELEASE\plugins\org.eclipse.m2e.maven.runtime_3.9.900.20240824-1409\jars\wagon-http-3.5.3.jar
2025-02-09 10:53:03,320 [Worker-37: Launching Celebrateit-backend (13)] INFO  o.eclipse.m2e.core.internal.Bundles - 	Entry: D:\sts-4.26.0.RELEASE\plugins\org.eclipse.m2e.maven.runtime_3.9.900.20240824-1409\jars\wagon-http-shared-3.5.3.jar
2025-02-09 10:53:03,320 [Worker-37: Launching Celebrateit-backend (13)] INFO  o.eclipse.m2e.core.internal.Bundles - 	Entry: D:\sts-4.26.0.RELEASE\plugins\org.eclipse.m2e.maven.runtime_3.9.900.20240824-1409\jars\wagon-provider-api-3.5.3.jar
2025-02-09 10:53:03,320 [Worker-37: Launching Celebrateit-backend (13)] INFO  o.eclipse.m2e.core.internal.Bundles - getClasspathEntries(Bundle=com.google.guava_33.3.0.jre [29])
2025-02-09 10:53:03,321 [Worker-37: Launching Celebrateit-backend (13)] INFO  o.eclipse.m2e.core.internal.Bundles - 	Entry: D:\sts-4.26.0.RELEASE\plugins\com.google.guava_33.3.0.jre.jar
2025-02-09 10:53:03,321 [Worker-37: Launching Celebrateit-backend (13)] INFO  o.eclipse.m2e.core.internal.Bundles - getClasspathEntries(Bundle=slf4j.api_2.0.16 [592])
2025-02-09 10:53:03,321 [Worker-37: Launching Celebrateit-backend (13)] INFO  o.eclipse.m2e.core.internal.Bundles - 	Entry: D:\sts-4.26.0.RELEASE\plugins\slf4j.api_2.0.16.jar
2025-02-09 10:53:03,321 [Worker-37: Launching Celebrateit-backend (13)] INFO  o.eclipse.m2e.core.internal.Bundles - getClasspathEntries(Bundle=jakarta.inject.jakarta.inject-api_1.0.5 [45])
2025-02-09 10:53:03,322 [Worker-37: Launching Celebrateit-backend (13)] INFO  o.eclipse.m2e.core.internal.Bundles - 	Entry: D:\sts-4.26.0.RELEASE\plugins\jakarta.inject.jakarta.inject-api_1.0.5.jar
2025-02-09 10:53:03,322 [Worker-37: Launching Celebrateit-backend (13)] INFO  o.eclipse.m2e.core.internal.Bundles - getClasspathEntries(Bundle=jakarta.annotation-api_1.3.5 [41])
2025-02-09 10:53:03,322 [Worker-37: Launching Celebrateit-backend (13)] INFO  o.eclipse.m2e.core.internal.Bundles - 	Entry: D:\sts-4.26.0.RELEASE\plugins\jakarta.annotation-api_1.3.5.jar
2025-02-09 10:53:03,322 [Worker-37: Launching Celebrateit-backend (13)] INFO  o.eclipse.m2e.core.internal.Bundles - getClasspathEntries(Bundle=org.apache.commons.cli_1.9.0 [77])
2025-02-09 10:53:03,323 [Worker-37: Launching Celebrateit-backend (13)] INFO  o.eclipse.m2e.core.internal.Bundles - 	Entry: D:\sts-4.26.0.RELEASE\plugins\org.apache.commons.cli_1.9.0.jar
2025-02-09 10:53:03,323 [Worker-37: Launching Celebrateit-backend (13)] INFO  o.eclipse.m2e.core.internal.Bundles - getClasspathEntries(Bundle=org.apache.commons.commons-codec_1.16.0 [80])
2025-02-09 10:53:03,323 [Worker-37: Launching Celebrateit-backend (13)] INFO  o.eclipse.m2e.core.internal.Bundles - 	Entry: D:\sts-4.26.0.RELEASE\plugins\org.apache.commons.commons-codec_1.16.0.jar
2025-02-09 10:53:03,324 [Worker-37: Launching Celebrateit-backend (13)] INFO  o.eclipse.m2e.core.internal.Bundles - getClasspathEntries(Bundle=com.google.guava.failureaccess_1.0.2 [30])
2025-02-09 10:53:03,324 [Worker-37: Launching Celebrateit-backend (13)] INFO  o.eclipse.m2e.core.internal.Bundles - 	Entry: D:\sts-4.26.0.RELEASE\plugins\com.google.guava.failureaccess_1.0.2.jar
2025-02-09 10:53:03,327 [Worker-37: Launching Celebrateit-backend (13)] INFO  o.e.m.i.launch.MavenLaunchDelegate - Run build in "C:\Users\Samruddhi\OneDrive\Desktop\cdac-project\Celebrateit-backend\Celebrateit-backend":
2025-02-09 10:53:03,327 [Worker-37: Launching Celebrateit-backend (13)] INFO  o.e.m.i.launch.MavenLaunchDelegate -  mvn  -B -Dstyle.color=always clean compile
2025-02-09 11:10:00,063 [Worker-50: Building] INFO  o.a.m.s.f.DefaultMavenResourcesFiltering - Copying 1 resource from src\main\resources to target\classes
2025-02-09 11:10:00,072 [Worker-50: Building] INFO  o.a.m.s.f.DefaultMavenResourcesFiltering - Copying 0 resource from src\main\resources to target\classes
2025-02-09 11:10:00,074 [Worker-50: Building] INFO  o.a.m.s.f.DefaultMavenResourcesFiltering - skip non existing resourceDirectory C:\Users\Samruddhi\OneDrive\Desktop\cdac-project\Celebrateit-backend\Celebrateit-backend\src\test\resources
2025-02-09 11:10:47,352 [Worker-53: Building] INFO  o.a.m.s.f.DefaultMavenResourcesFiltering - Copying 1 resource from src\main\resources to target\classes
2025-02-09 11:10:47,358 [Worker-53: Building] INFO  o.a.m.s.f.DefaultMavenResourcesFiltering - Copying 0 resource from src\main\resources to target\classes
2025-02-09 11:10:47,363 [Worker-53: Building] INFO  o.a.m.s.f.DefaultMavenResourcesFiltering - skip non existing resourceDirectory C:\Users\Samruddhi\OneDrive\Desktop\cdac-project\Celebrateit-backend\Celebrateit-backend\src\test\resources
2025-02-09 11:19:06,813 [Worker-51: Building] INFO  o.a.m.s.f.DefaultMavenResourcesFiltering - Copying 1 resource from src\main\resources to target\classes
2025-02-09 11:19:06,843 [Worker-51: Building] INFO  o.a.m.s.f.DefaultMavenResourcesFiltering - Copying 0 resource from src\main\resources to target\classes
2025-02-09 11:19:06,848 [Worker-51: Building] INFO  o.a.m.s.f.DefaultMavenResourcesFiltering - skip non existing resourceDirectory C:\Users\Samruddhi\OneDrive\Desktop\cdac-project\Celebrateit-backend\Celebrateit-backend\src\test\resources
2025-02-09 11:39:23,100 [Worker-61: Building] INFO  o.a.m.s.f.DefaultMavenResourcesFiltering - Copying 1 resource from src\main\resources to target\classes
2025-02-09 11:39:23,113 [Worker-61: Building] INFO  o.a.m.s.f.DefaultMavenResourcesFiltering - Copying 0 resource from src\main\resources to target\classes
2025-02-09 11:39:23,115 [Worker-61: Building] INFO  o.a.m.s.f.DefaultMavenResourcesFiltering - skip non existing resourceDirectory C:\Users\Samruddhi\OneDrive\Desktop\cdac-project\Celebrateit-backend\Celebrateit-backend\src\test\resources
2025-02-09 11:40:40,772 [Worker-59: Building] INFO  o.a.m.s.f.DefaultMavenResourcesFiltering - Copying 1 resource from src\main\resources to target\classes
2025-02-09 11:40:40,776 [Worker-59: Building] INFO  o.a.m.s.f.DefaultMavenResourcesFiltering - Copying 0 resource from src\main\resources to target\classes
2025-02-09 11:40:40,778 [Worker-59: Building] INFO  o.a.m.s.f.DefaultMavenResourcesFiltering - skip non existing resourceDirectory C:\Users\Samruddhi\OneDrive\Desktop\cdac-project\Celebrateit-backend\Celebrateit-backend\src\test\resources
2025-02-09 11:40:55,092 [Worker-61: Building] INFO  o.a.m.s.f.DefaultMavenResourcesFiltering - Copying 1 resource from src\main\resources to target\classes
2025-02-09 11:40:55,096 [Worker-61: Building] INFO  o.a.m.s.f.DefaultMavenResourcesFiltering - Copying 0 resource from src\main\resources to target\classes
2025-02-09 11:40:55,098 [Worker-61: Building] INFO  o.a.m.s.f.DefaultMavenResourcesFiltering - skip non existing resourceDirectory C:\Users\Samruddhi\OneDrive\Desktop\cdac-project\Celebrateit-backend\Celebrateit-backend\src\test\resources
2025-02-09 11:41:35,337 [Worker-61: Building] INFO  o.a.m.s.f.DefaultMavenResourcesFiltering - Copying 1 resource from src\main\resources to target\classes
2025-02-09 11:41:35,342 [Worker-61: Building] INFO  o.a.m.s.f.DefaultMavenResourcesFiltering - Copying 0 resource from src\main\resources to target\classes
2025-02-09 11:41:35,344 [Worker-61: Building] INFO  o.a.m.s.f.DefaultMavenResourcesFiltering - skip non existing resourceDirectory C:\Users\Samruddhi\OneDrive\Desktop\cdac-project\Celebrateit-backend\Celebrateit-backend\src\test\resources
2025-02-09 11:42:38,610 [Worker-62: Building] INFO  o.a.m.s.f.DefaultMavenResourcesFiltering - Copying 1 resource from src\main\resources to target\classes
2025-02-09 11:42:38,617 [Worker-62: Building] INFO  o.a.m.s.f.DefaultMavenResourcesFiltering - Copying 0 resource from src\main\resources to target\classes
2025-02-09 11:42:38,621 [Worker-62: Building] INFO  o.a.m.s.f.DefaultMavenResourcesFiltering - skip non existing resourceDirectory C:\Users\Samruddhi\OneDrive\Desktop\cdac-project\Celebrateit-backend\Celebrateit-backend\src\test\resources
2025-02-09 11:42:50,655 [Worker-60: Building] INFO  o.a.m.s.f.DefaultMavenResourcesFiltering - Copying 1 resource from src\main\resources to target\classes
2025-02-09 11:42:50,659 [Worker-60: Building] INFO  o.a.m.s.f.DefaultMavenResourcesFiltering - Copying 0 resource from src\main\resources to target\classes
2025-02-09 11:42:50,663 [Worker-60: Building] INFO  o.a.m.s.f.DefaultMavenResourcesFiltering - skip non existing resourceDirectory C:\Users\Samruddhi\OneDrive\Desktop\cdac-project\Celebrateit-backend\Celebrateit-backend\src\test\resources
2025-02-09 11:43:35,714 [Worker-63: Building] INFO  o.a.m.s.f.DefaultMavenResourcesFiltering - Copying 1 resource from src\main\resources to target\classes
2025-02-09 11:43:35,718 [Worker-63: Building] INFO  o.a.m.s.f.DefaultMavenResourcesFiltering - Copying 0 resource from src\main\resources to target\classes
2025-02-09 11:43:35,720 [Worker-63: Building] INFO  o.a.m.s.f.DefaultMavenResourcesFiltering - skip non existing resourceDirectory C:\Users\Samruddhi\OneDrive\Desktop\cdac-project\Celebrateit-backend\Celebrateit-backend\src\test\resources
2025-02-09 11:44:51,123 [Worker-62: Building] INFO  o.a.m.s.f.DefaultMavenResourcesFiltering - Copying 1 resource from src\main\resources to target\classes
2025-02-09 11:44:51,130 [Worker-62: Building] INFO  o.a.m.s.f.DefaultMavenResourcesFiltering - Copying 0 resource from src\main\resources to target\classes
2025-02-09 11:44:51,132 [Worker-62: Building] INFO  o.a.m.s.f.DefaultMavenResourcesFiltering - skip non existing resourceDirectory C:\Users\Samruddhi\OneDrive\Desktop\cdac-project\Celebrateit-backend\Celebrateit-backend\src\test\resources
2025-02-09 11:45:00,082 [Worker-59: Building] INFO  o.a.m.s.f.DefaultMavenResourcesFiltering - Copying 1 resource from src\main\resources to target\classes
2025-02-09 11:45:00,094 [Worker-59: Building] INFO  o.a.m.s.f.DefaultMavenResourcesFiltering - Copying 0 resource from src\main\resources to target\classes
2025-02-09 11:45:00,098 [Worker-59: Building] INFO  o.a.m.s.f.DefaultMavenResourcesFiltering - skip non existing resourceDirectory C:\Users\Samruddhi\OneDrive\Desktop\cdac-project\Celebrateit-backend\Celebrateit-backend\src\test\resources
2025-02-09 11:51:50,557 [Worker-69: Building] INFO  o.a.m.s.f.DefaultMavenResourcesFiltering - Copying 1 resource from src\main\resources to target\classes
2025-02-09 11:51:50,562 [Worker-69: Building] INFO  o.a.m.s.f.DefaultMavenResourcesFiltering - Copying 0 resource from src\main\resources to target\classes
2025-02-09 11:51:50,564 [Worker-69: Building] INFO  o.a.m.s.f.DefaultMavenResourcesFiltering - skip non existing resourceDirectory C:\Users\Samruddhi\OneDrive\Desktop\cdac-project\Celebrateit-backend\Celebrateit-backend\src\test\resources
2025-02-09 11:52:31,340 [Worker-67: Building] INFO  o.a.m.s.f.DefaultMavenResourcesFiltering - Copying 1 resource from src\main\resources to target\classes
2025-02-09 11:52:31,344 [Worker-67: Building] INFO  o.a.m.s.f.DefaultMavenResourcesFiltering - Copying 0 resource from src\main\resources to target\classes
2025-02-09 11:52:31,346 [Worker-67: Building] INFO  o.a.m.s.f.DefaultMavenResourcesFiltering - skip non existing resourceDirectory C:\Users\Samruddhi\OneDrive\Desktop\cdac-project\Celebrateit-backend\Celebrateit-backend\src\test\resources
2025-02-09 11:58:04,159 [Worker-68: Building] INFO  o.a.m.s.f.DefaultMavenResourcesFiltering - Copying 1 resource from src\main\resources to target\classes
2025-02-09 11:58:04,171 [Worker-68: Building] INFO  o.a.m.s.f.DefaultMavenResourcesFiltering - Copying 0 resource from src\main\resources to target\classes
2025-02-09 11:58:04,173 [Worker-68: Building] INFO  o.a.m.s.f.DefaultMavenResourcesFiltering - skip non existing resourceDirectory C:\Users\Samruddhi\OneDrive\Desktop\cdac-project\Celebrateit-backend\Celebrateit-backend\src\test\resources
2025-02-09 11:58:08,233 [Worker-67: Building] INFO  o.a.m.s.f.DefaultMavenResourcesFiltering - Copying 1 resource from src\main\resources to target\classes
2025-02-09 11:58:08,248 [Worker-67: Building] INFO  o.a.m.s.f.DefaultMavenResourcesFiltering - Copying 0 resource from src\main\resources to target\classes
2025-02-09 11:58:08,267 [Worker-67: Building] INFO  o.a.m.s.f.DefaultMavenResourcesFiltering - skip non existing resourceDirectory C:\Users\Samruddhi\OneDrive\Desktop\cdac-project\Celebrateit-backend\Celebrateit-backend\src\test\resources
2025-02-09 11:59:34,461 [Worker-67: Building] INFO  o.a.m.s.f.DefaultMavenResourcesFiltering - Copying 1 resource from src\main\resources to target\classes
2025-02-09 11:59:34,466 [Worker-67: Building] INFO  o.a.m.s.f.DefaultMavenResourcesFiltering - Copying 0 resource from src\main\resources to target\classes
2025-02-09 11:59:34,469 [Worker-67: Building] INFO  o.a.m.s.f.DefaultMavenResourcesFiltering - skip non existing resourceDirectory C:\Users\Samruddhi\OneDrive\Desktop\cdac-project\Celebrateit-backend\Celebrateit-backend\src\test\resources
2025-02-09 11:59:47,341 [Worker-69: Building] INFO  o.a.m.s.f.DefaultMavenResourcesFiltering - Copying 1 resource from src\main\resources to target\classes
2025-02-09 11:59:47,345 [Worker-69: Building] INFO  o.a.m.s.f.DefaultMavenResourcesFiltering - Copying 0 resource from src\main\resources to target\classes
2025-02-09 11:59:47,347 [Worker-69: Building] INFO  o.a.m.s.f.DefaultMavenResourcesFiltering - skip non existing resourceDirectory C:\Users\Samruddhi\OneDrive\Desktop\cdac-project\Celebrateit-backend\Celebrateit-backend\src\test\resources
2025-02-09 11:59:57,379 [Worker-67: Building] INFO  o.a.m.s.f.DefaultMavenResourcesFiltering - Copying 1 resource from src\main\resources to target\classes
2025-02-09 11:59:57,386 [Worker-67: Building] INFO  o.a.m.s.f.DefaultMavenResourcesFiltering - Copying 0 resource from src\main\resources to target\classes
2025-02-09 11:59:57,390 [Worker-67: Building] INFO  o.a.m.s.f.DefaultMavenResourcesFiltering - skip non existing resourceDirectory C:\Users\Samruddhi\OneDrive\Desktop\cdac-project\Celebrateit-backend\Celebrateit-backend\src\test\resources
2025-02-09 12:03:07,730 [Worker-65: Building] INFO  o.a.m.s.f.DefaultMavenResourcesFiltering - Copying 1 resource from src\main\resources to target\classes
2025-02-09 12:03:07,737 [Worker-65: Building] INFO  o.a.m.s.f.DefaultMavenResourcesFiltering - Copying 0 resource from src\main\resources to target\classes
2025-02-09 12:03:07,739 [Worker-65: Building] INFO  o.a.m.s.f.DefaultMavenResourcesFiltering - skip non existing resourceDirectory C:\Users\Samruddhi\OneDrive\Desktop\cdac-project\Celebrateit-backend\Celebrateit-backend\src\test\resources
2025-02-09 12:25:16,207 [Worker-74: Building] INFO  o.a.m.s.f.DefaultMavenResourcesFiltering - Copying 1 resource from src\main\resources to target\classes
2025-02-09 12:25:16,216 [Worker-74: Building] INFO  o.a.m.s.f.DefaultMavenResourcesFiltering - Copying 0 resource from src\main\resources to target\classes
2025-02-09 12:25:16,219 [Worker-74: Building] INFO  o.a.m.s.f.DefaultMavenResourcesFiltering - skip non existing resourceDirectory C:\Users\Samruddhi\OneDrive\Desktop\cdac-project\Celebrateit-backend\Celebrateit-backend\src\test\resources
2025-02-09 12:25:38,529 [Worker-77: Building] INFO  o.a.m.s.f.DefaultMavenResourcesFiltering - Copying 1 resource from src\main\resources to target\classes
2025-02-09 12:25:38,533 [Worker-77: Building] INFO  o.a.m.s.f.DefaultMavenResourcesFiltering - Copying 0 resource from src\main\resources to target\classes
2025-02-09 12:25:38,535 [Worker-77: Building] INFO  o.a.m.s.f.DefaultMavenResourcesFiltering - skip non existing resourceDirectory C:\Users\Samruddhi\OneDrive\Desktop\cdac-project\Celebrateit-backend\Celebrateit-backend\src\test\resources
2025-02-09 12:26:35,007 [Worker-74: Building] INFO  o.a.m.s.f.DefaultMavenResourcesFiltering - Copying 1 resource from src\main\resources to target\classes
2025-02-09 12:26:35,014 [Worker-74: Building] INFO  o.a.m.s.f.DefaultMavenResourcesFiltering - Copying 0 resource from src\main\resources to target\classes
2025-02-09 12:26:35,019 [Worker-74: Building] INFO  o.a.m.s.f.DefaultMavenResourcesFiltering - skip non existing resourceDirectory C:\Users\Samruddhi\OneDrive\Desktop\cdac-project\Celebrateit-backend\Celebrateit-backend\src\test\resources
2025-02-09 12:27:54,644 [Worker-76: Building] INFO  o.a.m.s.f.DefaultMavenResourcesFiltering - Copying 1 resource from src\main\resources to target\classes
2025-02-09 12:27:54,651 [Worker-76: Building] INFO  o.a.m.s.f.DefaultMavenResourcesFiltering - Copying 0 resource from src\main\resources to target\classes
2025-02-09 12:27:54,653 [Worker-76: Building] INFO  o.a.m.s.f.DefaultMavenResourcesFiltering - skip non existing resourceDirectory C:\Users\Samruddhi\OneDrive\Desktop\cdac-project\Celebrateit-backend\Celebrateit-backend\src\test\resources
2025-02-09 12:34:53,304 [Worker-80: Building] INFO  o.a.m.s.f.DefaultMavenResourcesFiltering - Copying 1 resource from src\main\resources to target\classes
2025-02-09 12:34:53,314 [Worker-80: Building] INFO  o.a.m.s.f.DefaultMavenResourcesFiltering - Copying 0 resource from src\main\resources to target\classes
2025-02-09 12:34:53,316 [Worker-80: Building] INFO  o.a.m.s.f.DefaultMavenResourcesFiltering - skip non existing resourceDirectory C:\Users\Samruddhi\OneDrive\Desktop\cdac-project\Celebrateit-backend\Celebrateit-backend\src\test\resources
2025-02-09 12:43:02,362 [Worker-77: Building] INFO  o.a.m.s.f.DefaultMavenResourcesFiltering - Copying 1 resource from src\main\resources to target\classes
2025-02-09 12:43:02,374 [Worker-77: Building] INFO  o.a.m.s.f.DefaultMavenResourcesFiltering - Copying 0 resource from src\main\resources to target\classes
2025-02-09 12:43:02,377 [Worker-77: Building] INFO  o.a.m.s.f.DefaultMavenResourcesFiltering - skip non existing resourceDirectory C:\Users\Samruddhi\OneDrive\Desktop\cdac-project\Celebrateit-backend\Celebrateit-backend\src\test\resources
2025-02-09 12:43:07,202 [Worker-86: Building] INFO  o.a.m.s.f.DefaultMavenResourcesFiltering - Copying 1 resource from src\main\resources to target\classes
2025-02-09 12:43:07,212 [Worker-86: Building] INFO  o.a.m.s.f.DefaultMavenResourcesFiltering - Copying 0 resource from src\main\resources to target\classes
2025-02-09 12:43:07,217 [Worker-86: Building] INFO  o.a.m.s.f.DefaultMavenResourcesFiltering - skip non existing resourceDirectory C:\Users\Samruddhi\OneDrive\Desktop\cdac-project\Celebrateit-backend\Celebrateit-backend\src\test\resources
2025-02-09 12:43:33,098 [Worker-77: Building] INFO  o.a.m.s.f.DefaultMavenResourcesFiltering - Copying 1 resource from src\main\resources to target\classes
2025-02-09 12:43:33,106 [Worker-77: Building] INFO  o.a.m.s.f.DefaultMavenResourcesFiltering - Copying 0 resource from src\main\resources to target\classes
2025-02-09 12:43:33,110 [Worker-77: Building] INFO  o.a.m.s.f.DefaultMavenResourcesFiltering - skip non existing resourceDirectory C:\Users\Samruddhi\OneDrive\Desktop\cdac-project\Celebrateit-backend\Celebrateit-backend\src\test\resources
2025-02-09 12:43:37,813 [Worker-86: Building] INFO  o.a.m.s.f.DefaultMavenResourcesFiltering - Copying 1 resource from src\main\resources to target\classes
2025-02-09 12:43:37,820 [Worker-86: Building] INFO  o.a.m.s.f.DefaultMavenResourcesFiltering - Copying 0 resource from src\main\resources to target\classes
2025-02-09 12:43:37,826 [Worker-86: Building] INFO  o.a.m.s.f.DefaultMavenResourcesFiltering - skip non existing resourceDirectory C:\Users\Samruddhi\OneDrive\Desktop\cdac-project\Celebrateit-backend\Celebrateit-backend\src\test\resources
2025-02-09 12:43:49,936 [Worker-81: Building] INFO  o.a.m.s.f.DefaultMavenResourcesFiltering - Copying 1 resource from src\main\resources to target\classes
2025-02-09 12:43:49,943 [Worker-81: Building] INFO  o.a.m.s.f.DefaultMavenResourcesFiltering - Copying 0 resource from src\main\resources to target\classes
2025-02-09 12:43:49,948 [Worker-81: Building] INFO  o.a.m.s.f.DefaultMavenResourcesFiltering - skip non existing resourceDirectory C:\Users\Samruddhi\OneDrive\Desktop\cdac-project\Celebrateit-backend\Celebrateit-backend\src\test\resources
2025-02-09 12:44:23,757 [Worker-86: Building] INFO  o.a.m.s.f.DefaultMavenResourcesFiltering - Copying 1 resource from src\main\resources to target\classes
2025-02-09 12:44:23,772 [Worker-86: Building] INFO  o.a.m.s.f.DefaultMavenResourcesFiltering - Copying 0 resource from src\main\resources to target\classes
2025-02-09 12:44:23,777 [Worker-86: Building] INFO  o.a.m.s.f.DefaultMavenResourcesFiltering - skip non existing resourceDirectory C:\Users\Samruddhi\OneDrive\Desktop\cdac-project\Celebrateit-backend\Celebrateit-backend\src\test\resources
2025-02-09 12:44:30,078 [Worker-85: Building] INFO  o.a.m.s.f.DefaultMavenResourcesFiltering - Copying 1 resource from src\main\resources to target\classes
2025-02-09 12:44:30,086 [Worker-85: Building] INFO  o.a.m.s.f.DefaultMavenResourcesFiltering - Copying 0 resource from src\main\resources to target\classes
2025-02-09 12:44:30,089 [Worker-85: Building] INFO  o.a.m.s.f.DefaultMavenResourcesFiltering - skip non existing resourceDirectory C:\Users\Samruddhi\OneDrive\Desktop\cdac-project\Celebrateit-backend\Celebrateit-backend\src\test\resources
2025-02-09 12:44:36,641 [Worker-77: Building] INFO  o.a.m.s.f.DefaultMavenResourcesFiltering - Copying 1 resource from src\main\resources to target\classes
2025-02-09 12:44:36,652 [Worker-77: Building] INFO  o.a.m.s.f.DefaultMavenResourcesFiltering - Copying 0 resource from src\main\resources to target\classes
2025-02-09 12:44:36,656 [Worker-77: Building] INFO  o.a.m.s.f.DefaultMavenResourcesFiltering - skip non existing resourceDirectory C:\Users\Samruddhi\OneDrive\Desktop\cdac-project\Celebrateit-backend\Celebrateit-backend\src\test\resources
2025-02-09 12:59:00,255 [Worker-85: Building] INFO  o.a.m.s.f.DefaultMavenResourcesFiltering - Copying 1 resource from src\main\resources to target\classes
2025-02-09 12:59:00,272 [Worker-85: Building] INFO  o.a.m.s.f.DefaultMavenResourcesFiltering - Copying 0 resource from src\main\resources to target\classes
2025-02-09 12:59:00,274 [Worker-85: Building] INFO  o.a.m.s.f.DefaultMavenResourcesFiltering - skip non existing resourceDirectory C:\Users\Samruddhi\OneDrive\Desktop\cdac-project\Celebrateit-backend\Celebrateit-backend\src\test\resources
2025-02-09 13:00:07,405 [Worker-89: Building] INFO  o.a.m.s.f.DefaultMavenResourcesFiltering - Copying 1 resource from src\main\resources to target\classes
2025-02-09 13:00:07,414 [Worker-89: Building] INFO  o.a.m.s.f.DefaultMavenResourcesFiltering - Copying 0 resource from src\main\resources to target\classes
2025-02-09 13:00:07,417 [Worker-89: Building] INFO  o.a.m.s.f.DefaultMavenResourcesFiltering - skip non existing resourceDirectory C:\Users\Samruddhi\OneDrive\Desktop\cdac-project\Celebrateit-backend\Celebrateit-backend\src\test\resources
2025-02-09 13:01:36,210 [Worker-89: Building] INFO  o.a.m.s.f.DefaultMavenResourcesFiltering - Copying 1 resource from src\main\resources to target\classes
2025-02-09 13:01:36,222 [Worker-89: Building] INFO  o.a.m.s.f.DefaultMavenResourcesFiltering - Copying 0 resource from src\main\resources to target\classes
2025-02-09 13:01:36,227 [Worker-89: Building] INFO  o.a.m.s.f.DefaultMavenResourcesFiltering - skip non existing resourceDirectory C:\Users\Samruddhi\OneDrive\Desktop\cdac-project\Celebrateit-backend\Celebrateit-backend\src\test\resources
2025-02-09 13:02:01,526 [Worker-89: Building] INFO  o.a.m.s.f.DefaultMavenResourcesFiltering - Copying 1 resource from src\main\resources to target\classes
2025-02-09 13:02:01,535 [Worker-89: Building] INFO  o.a.m.s.f.DefaultMavenResourcesFiltering - Copying 0 resource from src\main\resources to target\classes
2025-02-09 13:02:01,539 [Worker-89: Building] INFO  o.a.m.s.f.DefaultMavenResourcesFiltering - skip non existing resourceDirectory C:\Users\Samruddhi\OneDrive\Desktop\cdac-project\Celebrateit-backend\Celebrateit-backend\src\test\resources
2025-02-09 13:02:55,591 [Worker-89: Building] INFO  o.a.m.s.f.DefaultMavenResourcesFiltering - Copying 1 resource from src\main\resources to target\classes
2025-02-09 13:02:55,597 [Worker-89: Building] INFO  o.a.m.s.f.DefaultMavenResourcesFiltering - Copying 0 resource from src\main\resources to target\classes
2025-02-09 13:02:55,603 [Worker-89: Building] INFO  o.a.m.s.f.DefaultMavenResourcesFiltering - skip non existing resourceDirectory C:\Users\Samruddhi\OneDrive\Desktop\cdac-project\Celebrateit-backend\Celebrateit-backend\src\test\resources
2025-02-09 13:05:27,895 [Worker-89: Building] INFO  o.a.m.s.f.DefaultMavenResourcesFiltering - Copying 1 resource from src\main\resources to target\classes
2025-02-09 13:05:27,911 [Worker-89: Building] INFO  o.a.m.s.f.DefaultMavenResourcesFiltering - Copying 0 resource from src\main\resources to target\classes
2025-02-09 13:05:27,916 [Worker-89: Building] INFO  o.a.m.s.f.DefaultMavenResourcesFiltering - skip non existing resourceDirectory C:\Users\Samruddhi\OneDrive\Desktop\cdac-project\Celebrateit-backend\Celebrateit-backend\src\test\resources
2025-02-09 13:07:41,193 [Worker-96: Building] INFO  o.a.m.s.f.DefaultMavenResourcesFiltering - Copying 1 resource from src\main\resources to target\classes
2025-02-09 13:07:41,207 [Worker-96: Building] INFO  o.a.m.s.f.DefaultMavenResourcesFiltering - Copying 0 resource from src\main\resources to target\classes
2025-02-09 13:07:41,211 [Worker-96: Building] INFO  o.a.m.s.f.DefaultMavenResourcesFiltering - skip non existing resourceDirectory C:\Users\Samruddhi\OneDrive\Desktop\cdac-project\Celebrateit-backend\Celebrateit-backend\src\test\resources
2025-02-09 13:09:11,113 [Worker-97: Building] INFO  o.a.m.s.f.DefaultMavenResourcesFiltering - Copying 1 resource from src\main\resources to target\classes
2025-02-09 13:09:11,120 [Worker-97: Building] INFO  o.a.m.s.f.DefaultMavenResourcesFiltering - Copying 0 resource from src\main\resources to target\classes
2025-02-09 13:09:11,124 [Worker-97: Building] INFO  o.a.m.s.f.DefaultMavenResourcesFiltering - skip non existing resourceDirectory C:\Users\Samruddhi\OneDrive\Desktop\cdac-project\Celebrateit-backend\Celebrateit-backend\src\test\resources
2025-02-09 13:09:35,553 [Worker-95: Building] INFO  o.a.m.s.f.DefaultMavenResourcesFiltering - Copying 1 resource from src\main\resources to target\classes
2025-02-09 13:09:35,561 [Worker-95: Building] INFO  o.a.m.s.f.DefaultMavenResourcesFiltering - Copying 0 resource from src\main\resources to target\classes
2025-02-09 13:09:35,567 [Worker-95: Building] INFO  o.a.m.s.f.DefaultMavenResourcesFiltering - skip non existing resourceDirectory C:\Users\Samruddhi\OneDrive\Desktop\cdac-project\Celebrateit-backend\Celebrateit-backend\src\test\resources
2025-02-09 13:12:19,785 [Worker-91: Building] INFO  o.a.m.s.f.DefaultMavenResourcesFiltering - Copying 1 resource from src\main\resources to target\classes
2025-02-09 13:12:19,794 [Worker-91: Building] INFO  o.a.m.s.f.DefaultMavenResourcesFiltering - Copying 0 resource from src\main\resources to target\classes
2025-02-09 13:12:19,799 [Worker-91: Building] INFO  o.a.m.s.f.DefaultMavenResourcesFiltering - skip non existing resourceDirectory C:\Users\Samruddhi\OneDrive\Desktop\cdac-project\Celebrateit-backend\Celebrateit-backend\src\test\resources
2025-02-09 13:12:27,641 [Worker-91: Building] INFO  o.a.m.s.f.DefaultMavenResourcesFiltering - Copying 1 resource from src\main\resources to target\classes
2025-02-09 13:12:27,647 [Worker-91: Building] INFO  o.a.m.s.f.DefaultMavenResourcesFiltering - Copying 0 resource from src\main\resources to target\classes
2025-02-09 13:12:27,650 [Worker-91: Building] INFO  o.a.m.s.f.DefaultMavenResourcesFiltering - skip non existing resourceDirectory C:\Users\Samruddhi\OneDrive\Desktop\cdac-project\Celebrateit-backend\Celebrateit-backend\src\test\resources
2025-02-09 13:13:23,950 [Worker-94: Building] INFO  o.a.m.s.f.DefaultMavenResourcesFiltering - Copying 1 resource from src\main\resources to target\classes
2025-02-09 13:13:23,957 [Worker-94: Building] INFO  o.a.m.s.f.DefaultMavenResourcesFiltering - Copying 0 resource from src\main\resources to target\classes
2025-02-09 13:13:23,961 [Worker-94: Building] INFO  o.a.m.s.f.DefaultMavenResourcesFiltering - skip non existing resourceDirectory C:\Users\Samruddhi\OneDrive\Desktop\cdac-project\Celebrateit-backend\Celebrateit-backend\src\test\resources
2025-02-09 13:16:27,146 [Worker-101: Building] INFO  o.a.m.s.f.DefaultMavenResourcesFiltering - Copying 1 resource from src\main\resources to target\classes
2025-02-09 13:16:27,153 [Worker-101: Building] INFO  o.a.m.s.f.DefaultMavenResourcesFiltering - Copying 0 resource from src\main\resources to target\classes
2025-02-09 13:16:27,156 [Worker-101: Building] INFO  o.a.m.s.f.DefaultMavenResourcesFiltering - skip non existing resourceDirectory C:\Users\Samruddhi\OneDrive\Desktop\cdac-project\Celebrateit-backend\Celebrateit-backend\src\test\resources
2025-02-09 13:17:22,467 [Worker-99: Building] INFO  o.a.m.s.f.DefaultMavenResourcesFiltering - Copying 1 resource from src\main\resources to target\classes
2025-02-09 13:17:22,473 [Worker-99: Building] INFO  o.a.m.s.f.DefaultMavenResourcesFiltering - Copying 0 resource from src\main\resources to target\classes
2025-02-09 13:17:22,477 [Worker-99: Building] INFO  o.a.m.s.f.DefaultMavenResourcesFiltering - skip non existing resourceDirectory C:\Users\Samruddhi\OneDrive\Desktop\cdac-project\Celebrateit-backend\Celebrateit-backend\src\test\resources
2025-02-09 13:20:21,940 [Worker-103: Building] INFO  o.a.m.s.f.DefaultMavenResourcesFiltering - Copying 1 resource from src\main\resources to target\classes
2025-02-09 13:20:21,953 [Worker-103: Building] INFO  o.a.m.s.f.DefaultMavenResourcesFiltering - Copying 0 resource from src\main\resources to target\classes
2025-02-09 13:20:21,958 [Worker-103: Building] INFO  o.a.m.s.f.DefaultMavenResourcesFiltering - skip non existing resourceDirectory C:\Users\Samruddhi\OneDrive\Desktop\cdac-project\Celebrateit-backend\Celebrateit-backend\src\test\resources
2025-02-09 13:21:57,034 [Worker-103: Building] INFO  o.a.m.s.f.DefaultMavenResourcesFiltering - Copying 1 resource from src\main\resources to target\classes
2025-02-09 13:21:57,040 [Worker-103: Building] INFO  o.a.m.s.f.DefaultMavenResourcesFiltering - Copying 0 resource from src\main\resources to target\classes
2025-02-09 13:21:57,044 [Worker-103: Building] INFO  o.a.m.s.f.DefaultMavenResourcesFiltering - skip non existing resourceDirectory C:\Users\Samruddhi\OneDrive\Desktop\cdac-project\Celebrateit-backend\Celebrateit-backend\src\test\resources
2025-02-09 13:39:07,014 [Worker-108: Building] INFO  o.a.m.s.f.DefaultMavenResourcesFiltering - Copying 1 resource from src\main\resources to target\classes
2025-02-09 13:39:07,023 [Worker-108: Building] INFO  o.a.m.s.f.DefaultMavenResourcesFiltering - Copying 0 resource from src\main\resources to target\classes
2025-02-09 13:39:07,025 [Worker-108: Building] INFO  o.a.m.s.f.DefaultMavenResourcesFiltering - skip non existing resourceDirectory C:\Users\Samruddhi\OneDrive\Desktop\cdac-project\Celebrateit-backend\Celebrateit-backend\src\test\resources
2025-02-09 13:39:21,089 [Worker-103: Building] INFO  o.a.m.s.f.DefaultMavenResourcesFiltering - Copying 1 resource from src\main\resources to target\classes
2025-02-09 13:39:21,101 [Worker-103: Building] INFO  o.a.m.s.f.DefaultMavenResourcesFiltering - Copying 0 resource from src\main\resources to target\classes
2025-02-09 13:39:21,106 [Worker-103: Building] INFO  o.a.m.s.f.DefaultMavenResourcesFiltering - skip non existing resourceDirectory C:\Users\Samruddhi\OneDrive\Desktop\cdac-project\Celebrateit-backend\Celebrateit-backend\src\test\resources
2025-02-09 13:40:53,861 [Worker-108: Building] INFO  o.a.m.s.f.DefaultMavenResourcesFiltering - Copying 1 resource from src\main\resources to target\classes
2025-02-09 13:40:53,867 [Worker-108: Building] INFO  o.a.m.s.f.DefaultMavenResourcesFiltering - Copying 0 resource from src\main\resources to target\classes
2025-02-09 13:40:53,870 [Worker-108: Building] INFO  o.a.m.s.f.DefaultMavenResourcesFiltering - skip non existing resourceDirectory C:\Users\Samruddhi\OneDrive\Desktop\cdac-project\Celebrateit-backend\Celebrateit-backend\src\test\resources
2025-02-09 14:09:19,217 [Worker-113: Building] INFO  o.a.m.s.f.DefaultMavenResourcesFiltering - Copying 1 resource from src\main\resources to target\classes
2025-02-09 14:09:19,224 [Worker-113: Building] INFO  o.a.m.s.f.DefaultMavenResourcesFiltering - Copying 0 resource from src\main\resources to target\classes
2025-02-09 14:09:19,226 [Worker-113: Building] INFO  o.a.m.s.f.DefaultMavenResourcesFiltering - skip non existing resourceDirectory C:\Users\Samruddhi\OneDrive\Desktop\cdac-project\Celebrateit-backend\Celebrateit-backend\src\test\resources
2025-02-09 14:09:56,573 [Worker-113: Building] INFO  o.a.m.s.f.DefaultMavenResourcesFiltering - Copying 1 resource from src\main\resources to target\classes
2025-02-09 14:09:56,586 [Worker-113: Building] INFO  o.a.m.s.f.DefaultMavenResourcesFiltering - Copying 0 resource from src\main\resources to target\classes
2025-02-09 14:09:56,588 [Worker-113: Building] INFO  o.a.m.s.f.DefaultMavenResourcesFiltering - skip non existing resourceDirectory C:\Users\Samruddhi\OneDrive\Desktop\cdac-project\Celebrateit-backend\Celebrateit-backend\src\test\resources
2025-02-09 14:12:12,138 [Worker-111: Building] INFO  o.a.m.s.f.DefaultMavenResourcesFiltering - Copying 1 resource from src\main\resources to target\classes
2025-02-09 14:12:12,148 [Worker-111: Building] INFO  o.a.m.s.f.DefaultMavenResourcesFiltering - Copying 0 resource from src\main\resources to target\classes
2025-02-09 14:12:12,150 [Worker-111: Building] INFO  o.a.m.s.f.DefaultMavenResourcesFiltering - skip non existing resourceDirectory C:\Users\Samruddhi\OneDrive\Desktop\cdac-project\Celebrateit-backend\Celebrateit-backend\src\test\resources
2025-02-09 14:13:25,958 [Worker-111: Building] INFO  o.a.m.s.f.DefaultMavenResourcesFiltering - Copying 1 resource from src\main\resources to target\classes
2025-02-09 14:13:25,965 [Worker-111: Building] INFO  o.a.m.s.f.DefaultMavenResourcesFiltering - Copying 0 resource from src\main\resources to target\classes
2025-02-09 14:13:25,967 [Worker-111: Building] INFO  o.a.m.s.f.DefaultMavenResourcesFiltering - skip non existing resourceDirectory C:\Users\Samruddhi\OneDrive\Desktop\cdac-project\Celebrateit-backend\Celebrateit-backend\src\test\resources
2025-02-09 14:13:47,806 [Worker-107: Building] INFO  o.a.m.s.f.DefaultMavenResourcesFiltering - Copying 1 resource from src\main\resources to target\classes
2025-02-09 14:13:47,809 [Worker-107: Building] INFO  o.a.m.s.f.DefaultMavenResourcesFiltering - Copying 0 resource from src\main\resources to target\classes
2025-02-09 14:13:47,811 [Worker-107: Building] INFO  o.a.m.s.f.DefaultMavenResourcesFiltering - skip non existing resourceDirectory C:\Users\Samruddhi\OneDrive\Desktop\cdac-project\Celebrateit-backend\Celebrateit-backend\src\test\resources
2025-02-09 14:14:32,648 [Worker-116: Building] INFO  o.a.m.s.f.DefaultMavenResourcesFiltering - Copying 1 resource from src\main\resources to target\classes
2025-02-09 14:14:32,655 [Worker-116: Building] INFO  o.a.m.s.f.DefaultMavenResourcesFiltering - Copying 0 resource from src\main\resources to target\classes
2025-02-09 14:14:32,659 [Worker-116: Building] INFO  o.a.m.s.f.DefaultMavenResourcesFiltering - skip non existing resourceDirectory C:\Users\Samruddhi\OneDrive\Desktop\cdac-project\Celebrateit-backend\Celebrateit-backend\src\test\resources
2025-02-09 14:14:50,099 [Worker-116: Building] INFO  o.a.m.s.f.DefaultMavenResourcesFiltering - Copying 1 resource from src\main\resources to target\classes
2025-02-09 14:14:50,102 [Worker-116: Building] INFO  o.a.m.s.f.DefaultMavenResourcesFiltering - Copying 0 resource from src\main\resources to target\classes
2025-02-09 14:14:50,104 [Worker-116: Building] INFO  o.a.m.s.f.DefaultMavenResourcesFiltering - skip non existing resourceDirectory C:\Users\Samruddhi\OneDrive\Desktop\cdac-project\Celebrateit-backend\Celebrateit-backend\src\test\resources
2025-02-09 14:15:44,227 [Worker-113: Building] INFO  o.a.m.s.f.DefaultMavenResourcesFiltering - Copying 1 resource from src\main\resources to target\classes
2025-02-09 14:15:44,232 [Worker-113: Building] INFO  o.a.m.s.f.DefaultMavenResourcesFiltering - Copying 0 resource from src\main\resources to target\classes
2025-02-09 14:15:44,235 [Worker-113: Building] INFO  o.a.m.s.f.DefaultMavenResourcesFiltering - skip non existing resourceDirectory C:\Users\Samruddhi\OneDrive\Desktop\cdac-project\Celebrateit-backend\Celebrateit-backend\src\test\resources
2025-02-09 14:15:59,245 [Worker-38: Building] INFO  o.a.m.s.f.DefaultMavenResourcesFiltering - Copying 1 resource from src\main\resources to target\classes
2025-02-09 14:15:59,251 [Worker-38: Building] INFO  o.a.m.s.f.DefaultMavenResourcesFiltering - Copying 0 resource from src\main\resources to target\classes
2025-02-09 14:15:59,253 [Worker-38: Building] INFO  o.a.m.s.f.DefaultMavenResourcesFiltering - skip non existing resourceDirectory C:\Users\Samruddhi\OneDrive\Desktop\cdac-project\Celebrateit-backend\Celebrateit-backend\src\test\resources
2025-02-09 14:16:35,677 [Worker-116: Building] INFO  o.a.m.s.f.DefaultMavenResourcesFiltering - Copying 1 resource from src\main\resources to target\classes
2025-02-09 14:16:35,680 [Worker-116: Building] INFO  o.a.m.s.f.DefaultMavenResourcesFiltering - Copying 0 resource from src\main\resources to target\classes
2025-02-09 14:16:35,682 [Worker-116: Building] INFO  o.a.m.s.f.DefaultMavenResourcesFiltering - skip non existing resourceDirectory C:\Users\Samruddhi\OneDrive\Desktop\cdac-project\Celebrateit-backend\Celebrateit-backend\src\test\resources
2025-02-09 14:20:08,243 [Worker-113: Building] INFO  o.a.m.s.f.DefaultMavenResourcesFiltering - Copying 1 resource from src\main\resources to target\classes
2025-02-09 14:20:08,256 [Worker-113: Building] INFO  o.a.m.s.f.DefaultMavenResourcesFiltering - Copying 0 resource from src\main\resources to target\classes
2025-02-09 14:20:08,259 [Worker-113: Building] INFO  o.a.m.s.f.DefaultMavenResourcesFiltering - skip non existing resourceDirectory C:\Users\Samruddhi\OneDrive\Desktop\cdac-project\Celebrateit-backend\Celebrateit-backend\src\test\resources
2025-02-09 14:20:18,701 [Worker-116: Building] INFO  o.a.m.s.f.DefaultMavenResourcesFiltering - Copying 1 resource from src\main\resources to target\classes
2025-02-09 14:20:18,707 [Worker-116: Building] INFO  o.a.m.s.f.DefaultMavenResourcesFiltering - Copying 0 resource from src\main\resources to target\classes
2025-02-09 14:20:18,709 [Worker-116: Building] INFO  o.a.m.s.f.DefaultMavenResourcesFiltering - skip non existing resourceDirectory C:\Users\Samruddhi\OneDrive\Desktop\cdac-project\Celebrateit-backend\Celebrateit-backend\src\test\resources
2025-02-09 14:20:55,911 [Worker-119: Building] INFO  o.a.m.s.f.DefaultMavenResourcesFiltering - Copying 1 resource from src\main\resources to target\classes
2025-02-09 14:20:55,914 [Worker-119: Building] INFO  o.a.m.s.f.DefaultMavenResourcesFiltering - Copying 0 resource from src\main\resources to target\classes
2025-02-09 14:20:55,916 [Worker-119: Building] INFO  o.a.m.s.f.DefaultMavenResourcesFiltering - skip non existing resourceDirectory C:\Users\Samruddhi\OneDrive\Desktop\cdac-project\Celebrateit-backend\Celebrateit-backend\src\test\resources
2025-02-09 14:22:04,787 [Worker-113: Building] INFO  o.a.m.s.f.DefaultMavenResourcesFiltering - Copying 1 resource from src\main\resources to target\classes
2025-02-09 14:22:04,791 [Worker-113: Building] INFO  o.a.m.s.f.DefaultMavenResourcesFiltering - Copying 0 resource from src\main\resources to target\classes
2025-02-09 14:22:04,793 [Worker-113: Building] INFO  o.a.m.s.f.DefaultMavenResourcesFiltering - skip non existing resourceDirectory C:\Users\Samruddhi\OneDrive\Desktop\cdac-project\Celebrateit-backend\Celebrateit-backend\src\test\resources
2025-02-09 14:25:52,966 [Worker-123: Building] INFO  o.a.m.s.f.DefaultMavenResourcesFiltering - Copying 1 resource from src\main\resources to target\classes
2025-02-09 14:25:52,973 [Worker-123: Building] INFO  o.a.m.s.f.DefaultMavenResourcesFiltering - Copying 0 resource from src\main\resources to target\classes
2025-02-09 14:25:52,975 [Worker-123: Building] INFO  o.a.m.s.f.DefaultMavenResourcesFiltering - skip non existing resourceDirectory C:\Users\Samruddhi\OneDrive\Desktop\cdac-project\Celebrateit-backend\Celebrateit-backend\src\test\resources
2025-02-09 14:27:35,494 [Worker-123: Building] INFO  o.a.m.s.f.DefaultMavenResourcesFiltering - Copying 1 resource from src\main\resources to target\classes
2025-02-09 14:27:35,499 [Worker-123: Building] INFO  o.a.m.s.f.DefaultMavenResourcesFiltering - Copying 0 resource from src\main\resources to target\classes
2025-02-09 14:27:35,501 [Worker-123: Building] INFO  o.a.m.s.f.DefaultMavenResourcesFiltering - skip non existing resourceDirectory C:\Users\Samruddhi\OneDrive\Desktop\cdac-project\Celebrateit-backend\Celebrateit-backend\src\test\resources
2025-02-09 14:27:40,815 [Worker-122: Building] INFO  o.a.m.s.f.DefaultMavenResourcesFiltering - Copying 1 resource from src\main\resources to target\classes
2025-02-09 14:27:40,821 [Worker-122: Building] INFO  o.a.m.s.f.DefaultMavenResourcesFiltering - Copying 0 resource from src\main\resources to target\classes
2025-02-09 14:27:40,823 [Worker-122: Building] INFO  o.a.m.s.f.DefaultMavenResourcesFiltering - skip non existing resourceDirectory C:\Users\Samruddhi\OneDrive\Desktop\cdac-project\Celebrateit-backend\Celebrateit-backend\src\test\resources
2025-02-09 14:28:09,556 [Worker-114: Building] INFO  o.a.m.s.f.DefaultMavenResourcesFiltering - Copying 1 resource from src\main\resources to target\classes
2025-02-09 14:28:09,564 [Worker-114: Building] INFO  o.a.m.s.f.DefaultMavenResourcesFiltering - Copying 0 resource from src\main\resources to target\classes
2025-02-09 14:28:09,565 [Worker-114: Building] INFO  o.a.m.s.f.DefaultMavenResourcesFiltering - skip non existing resourceDirectory C:\Users\Samruddhi\OneDrive\Desktop\cdac-project\Celebrateit-backend\Celebrateit-backend\src\test\resources
2025-02-09 14:30:02,258 [Worker-119: Building] INFO  o.a.m.s.f.DefaultMavenResourcesFiltering - Copying 1 resource from src\main\resources to target\classes
2025-02-09 14:30:02,263 [Worker-119: Building] INFO  o.a.m.s.f.DefaultMavenResourcesFiltering - Copying 0 resource from src\main\resources to target\classes
2025-02-09 14:30:02,265 [Worker-119: Building] INFO  o.a.m.s.f.DefaultMavenResourcesFiltering - skip non existing resourceDirectory C:\Users\Samruddhi\OneDrive\Desktop\cdac-project\Celebrateit-backend\Celebrateit-backend\src\test\resources
2025-02-09 14:30:10,830 [Worker-124: Building] INFO  o.a.m.s.f.DefaultMavenResourcesFiltering - Copying 1 resource from src\main\resources to target\classes
2025-02-09 14:30:10,835 [Worker-124: Building] INFO  o.a.m.s.f.DefaultMavenResourcesFiltering - Copying 0 resource from src\main\resources to target\classes
2025-02-09 14:30:10,837 [Worker-124: Building] INFO  o.a.m.s.f.DefaultMavenResourcesFiltering - skip non existing resourceDirectory C:\Users\Samruddhi\OneDrive\Desktop\cdac-project\Celebrateit-backend\Celebrateit-backend\src\test\resources
2025-02-09 14:32:03,326 [Worker-122: Building] INFO  o.a.m.s.f.DefaultMavenResourcesFiltering - Copying 1 resource from src\main\resources to target\classes
2025-02-09 14:32:03,332 [Worker-122: Building] INFO  o.a.m.s.f.DefaultMavenResourcesFiltering - Copying 0 resource from src\main\resources to target\classes
2025-02-09 14:32:03,334 [Worker-122: Building] INFO  o.a.m.s.f.DefaultMavenResourcesFiltering - skip non existing resourceDirectory C:\Users\Samruddhi\OneDrive\Desktop\cdac-project\Celebrateit-backend\Celebrateit-backend\src\test\resources
2025-02-09 14:33:31,244 [Worker-123: Building] INFO  o.a.m.s.f.DefaultMavenResourcesFiltering - Copying 1 resource from src\main\resources to target\classes
2025-02-09 14:33:31,262 [Worker-123: Building] INFO  o.a.m.s.f.DefaultMavenResourcesFiltering - Copying 0 resource from src\main\resources to target\classes
2025-02-09 14:33:31,269 [Worker-123: Building] INFO  o.a.m.s.f.DefaultMavenResourcesFiltering - skip non existing resourceDirectory C:\Users\Samruddhi\OneDrive\Desktop\cdac-project\Celebrateit-backend\Celebrateit-backend\src\test\resources
2025-02-09 15:03:09,263 [Worker-119: Launching Celebrateit-backend (13)] INFO  o.eclipse.m2e.core.internal.Bundles - getClasspathEntries(Bundle=org.eclipse.m2e.maven.runtime_3.9.900.20240824-1409 [359])
2025-02-09 15:03:09,263 [Worker-119: Launching Celebrateit-backend (13)] INFO  o.eclipse.m2e.core.internal.Bundles - 	Entry: D:\sts-4.26.0.RELEASE\plugins\org.eclipse.m2e.maven.runtime_3.9.900.20240824-1409
2025-02-09 15:03:09,263 [Worker-119: Launching Celebrateit-backend (13)] INFO  o.eclipse.m2e.core.internal.Bundles - 	Entry: D:\sts-4.26.0.RELEASE\plugins\org.eclipse.m2e.maven.runtime_3.9.900.20240824-1409\jars\aopalliance-1.0.jar
2025-02-09 15:03:09,263 [Worker-119: Launching Celebrateit-backend (13)] INFO  o.eclipse.m2e.core.internal.Bundles - 	Entry: D:\sts-4.26.0.RELEASE\plugins\org.eclipse.m2e.maven.runtime_3.9.900.20240824-1409\jars\guice-5.1.0.jar
2025-02-09 15:03:09,263 [Worker-119: Launching Celebrateit-backend (13)] INFO  o.eclipse.m2e.core.internal.Bundles - 	Entry: D:\sts-4.26.0.RELEASE\plugins\org.eclipse.m2e.maven.runtime_3.9.900.20240824-1409\jars\httpclient-4.5.14.jar
2025-02-09 15:03:09,263 [Worker-119: Launching Celebrateit-backend (13)] INFO  o.eclipse.m2e.core.internal.Bundles - 	Entry: D:\sts-4.26.0.RELEASE\plugins\org.eclipse.m2e.maven.runtime_3.9.900.20240824-1409\jars\httpcore-4.4.16.jar
2025-02-09 15:03:09,263 [Worker-119: Launching Celebrateit-backend (13)] INFO  o.eclipse.m2e.core.internal.Bundles - 	Entry: D:\sts-4.26.0.RELEASE\plugins\org.eclipse.m2e.maven.runtime_3.9.900.20240824-1409\jars\jansi-2.4.1.jar
2025-02-09 15:03:09,263 [Worker-119: Launching Celebrateit-backend (13)] INFO  o.eclipse.m2e.core.internal.Bundles - 	Entry: D:\sts-4.26.0.RELEASE\plugins\org.eclipse.m2e.maven.runtime_3.9.900.20240824-1409\jars\jcl-over-slf4j-1.7.36.jar
2025-02-09 15:03:09,263 [Worker-119: Launching Celebrateit-backend (13)] INFO  o.eclipse.m2e.core.internal.Bundles - 	Entry: D:\sts-4.26.0.RELEASE\plugins\org.eclipse.m2e.maven.runtime_3.9.900.20240824-1409\jars\maven-artifact-3.9.9.jar
2025-02-09 15:03:09,263 [Worker-119: Launching Celebrateit-backend (13)] INFO  o.eclipse.m2e.core.internal.Bundles - 	Entry: D:\sts-4.26.0.RELEASE\plugins\org.eclipse.m2e.maven.runtime_3.9.900.20240824-1409\jars\maven-builder-support-3.9.9.jar
2025-02-09 15:03:09,263 [Worker-119: Launching Celebrateit-backend (13)] INFO  o.eclipse.m2e.core.internal.Bundles - 	Entry: D:\sts-4.26.0.RELEASE\plugins\org.eclipse.m2e.maven.runtime_3.9.900.20240824-1409\jars\maven-compat-3.9.9.jar
2025-02-09 15:03:09,263 [Worker-119: Launching Celebrateit-backend (13)] INFO  o.eclipse.m2e.core.internal.Bundles - 	Entry: D:\sts-4.26.0.RELEASE\plugins\org.eclipse.m2e.maven.runtime_3.9.900.20240824-1409\jars\maven-core-3.9.9.jar
2025-02-09 15:03:09,263 [Worker-119: Launching Celebrateit-backend (13)] INFO  o.eclipse.m2e.core.internal.Bundles - 	Entry: D:\sts-4.26.0.RELEASE\plugins\org.eclipse.m2e.maven.runtime_3.9.900.20240824-1409\jars\maven-embedder-3.9.9.jar
2025-02-09 15:03:09,263 [Worker-119: Launching Celebrateit-backend (13)] INFO  o.eclipse.m2e.core.internal.Bundles - 	Entry: D:\sts-4.26.0.RELEASE\plugins\org.eclipse.m2e.maven.runtime_3.9.900.20240824-1409\jars\maven-model-3.9.9.jar
2025-02-09 15:03:09,263 [Worker-119: Launching Celebrateit-backend (13)] INFO  o.eclipse.m2e.core.internal.Bundles - 	Entry: D:\sts-4.26.0.RELEASE\plugins\org.eclipse.m2e.maven.runtime_3.9.900.20240824-1409\jars\maven-model-builder-3.9.9.jar
2025-02-09 15:03:09,263 [Worker-119: Launching Celebrateit-backend (13)] INFO  o.eclipse.m2e.core.internal.Bundles - 	Entry: D:\sts-4.26.0.RELEASE\plugins\org.eclipse.m2e.maven.runtime_3.9.900.20240824-1409\jars\maven-plugin-api-3.9.9.jar
2025-02-09 15:03:09,263 [Worker-119: Launching Celebrateit-backend (13)] INFO  o.eclipse.m2e.core.internal.Bundles - 	Entry: D:\sts-4.26.0.RELEASE\plugins\org.eclipse.m2e.maven.runtime_3.9.900.20240824-1409\jars\maven-repository-metadata-3.9.9.jar
2025-02-09 15:03:09,263 [Worker-119: Launching Celebrateit-backend (13)] INFO  o.eclipse.m2e.core.internal.Bundles - 	Entry: D:\sts-4.26.0.RELEASE\plugins\org.eclipse.m2e.maven.runtime_3.9.900.20240824-1409\jars\maven-resolver-api-1.9.22.jar
2025-02-09 15:03:09,264 [Worker-119: Launching Celebrateit-backend (13)] INFO  o.eclipse.m2e.core.internal.Bundles - 	Entry: D:\sts-4.26.0.RELEASE\plugins\org.eclipse.m2e.maven.runtime_3.9.900.20240824-1409\jars\maven-resolver-connector-basic-1.9.22.jar
2025-02-09 15:03:09,264 [Worker-119: Launching Celebrateit-backend (13)] INFO  o.eclipse.m2e.core.internal.Bundles - 	Entry: D:\sts-4.26.0.RELEASE\plugins\org.eclipse.m2e.maven.runtime_3.9.900.20240824-1409\jars\maven-resolver-impl-1.9.22.jar
2025-02-09 15:03:09,264 [Worker-119: Launching Celebrateit-backend (13)] INFO  o.eclipse.m2e.core.internal.Bundles - 	Entry: D:\sts-4.26.0.RELEASE\plugins\org.eclipse.m2e.maven.runtime_3.9.900.20240824-1409\jars\maven-resolver-named-locks-1.9.22.jar
2025-02-09 15:03:09,264 [Worker-119: Launching Celebrateit-backend (13)] INFO  o.eclipse.m2e.core.internal.Bundles - 	Entry: D:\sts-4.26.0.RELEASE\plugins\org.eclipse.m2e.maven.runtime_3.9.900.20240824-1409\jars\maven-resolver-provider-3.9.9.jar
2025-02-09 15:03:09,264 [Worker-119: Launching Celebrateit-backend (13)] INFO  o.eclipse.m2e.core.internal.Bundles - 	Entry: D:\sts-4.26.0.RELEASE\plugins\org.eclipse.m2e.maven.runtime_3.9.900.20240824-1409\jars\maven-resolver-spi-1.9.22.jar
2025-02-09 15:03:09,264 [Worker-119: Launching Celebrateit-backend (13)] INFO  o.eclipse.m2e.core.internal.Bundles - 	Entry: D:\sts-4.26.0.RELEASE\plugins\org.eclipse.m2e.maven.runtime_3.9.900.20240824-1409\jars\maven-resolver-transport-file-1.9.22.jar
2025-02-09 15:03:09,264 [Worker-119: Launching Celebrateit-backend (13)] INFO  o.eclipse.m2e.core.internal.Bundles - 	Entry: D:\sts-4.26.0.RELEASE\plugins\org.eclipse.m2e.maven.runtime_3.9.900.20240824-1409\jars\maven-resolver-transport-http-1.9.22.jar
2025-02-09 15:03:09,264 [Worker-119: Launching Celebrateit-backend (13)] INFO  o.eclipse.m2e.core.internal.Bundles - 	Entry: D:\sts-4.26.0.RELEASE\plugins\org.eclipse.m2e.maven.runtime_3.9.900.20240824-1409\jars\maven-resolver-transport-wagon-1.9.22.jar
2025-02-09 15:03:09,264 [Worker-119: Launching Celebrateit-backend (13)] INFO  o.eclipse.m2e.core.internal.Bundles - 	Entry: D:\sts-4.26.0.RELEASE\plugins\org.eclipse.m2e.maven.runtime_3.9.900.20240824-1409\jars\maven-resolver-util-1.9.22.jar
2025-02-09 15:03:09,264 [Worker-119: Launching Celebrateit-backend (13)] INFO  o.eclipse.m2e.core.internal.Bundles - 	Entry: D:\sts-4.26.0.RELEASE\plugins\org.eclipse.m2e.maven.runtime_3.9.900.20240824-1409\jars\maven-settings-3.9.9.jar
2025-02-09 15:03:09,264 [Worker-119: Launching Celebrateit-backend (13)] INFO  o.eclipse.m2e.core.internal.Bundles - 	Entry: D:\sts-4.26.0.RELEASE\plugins\org.eclipse.m2e.maven.runtime_3.9.900.20240824-1409\jars\maven-settings-builder-3.9.9.jar
2025-02-09 15:03:09,264 [Worker-119: Launching Celebrateit-backend (13)] INFO  o.eclipse.m2e.core.internal.Bundles - 	Entry: D:\sts-4.26.0.RELEASE\plugins\org.eclipse.m2e.maven.runtime_3.9.900.20240824-1409\jars\maven-shared-utils-3.4.2.jar
2025-02-09 15:03:09,264 [Worker-119: Launching Celebrateit-backend (13)] INFO  o.eclipse.m2e.core.internal.Bundles - 	Entry: D:\sts-4.26.0.RELEASE\plugins\org.eclipse.m2e.maven.runtime_3.9.900.20240824-1409\jars\org.eclipse.sisu.inject-0.9.0.M3.jar
2025-02-09 15:03:09,264 [Worker-119: Launching Celebrateit-backend (13)] INFO  o.eclipse.m2e.core.internal.Bundles - 	Entry: D:\sts-4.26.0.RELEASE\plugins\org.eclipse.m2e.maven.runtime_3.9.900.20240824-1409\jars\org.eclipse.sisu.plexus-0.9.0.M3.jar
2025-02-09 15:03:09,264 [Worker-119: Launching Celebrateit-backend (13)] INFO  o.eclipse.m2e.core.internal.Bundles - 	Entry: D:\sts-4.26.0.RELEASE\plugins\org.eclipse.m2e.maven.runtime_3.9.900.20240824-1409\jars\plexus-build-api-0.0.7.jar
2025-02-09 15:03:09,264 [Worker-119: Launching Celebrateit-backend (13)] INFO  o.eclipse.m2e.core.internal.Bundles - 	Entry: D:\sts-4.26.0.RELEASE\plugins\org.eclipse.m2e.maven.runtime_3.9.900.20240824-1409\jars\plexus-build-api-1.2.0.jar
2025-02-09 15:03:09,264 [Worker-119: Launching Celebrateit-backend (13)] INFO  o.eclipse.m2e.core.internal.Bundles - 	Entry: D:\sts-4.26.0.RELEASE\plugins\org.eclipse.m2e.maven.runtime_3.9.900.20240824-1409\jars\plexus-cipher-2.0.jar
2025-02-09 15:03:09,264 [Worker-119: Launching Celebrateit-backend (13)] INFO  o.eclipse.m2e.core.internal.Bundles - 	Entry: D:\sts-4.26.0.RELEASE\plugins\org.eclipse.m2e.maven.runtime_3.9.900.20240824-1409\jars\plexus-classworlds-2.8.0.jar
2025-02-09 15:03:09,264 [Worker-119: Launching Celebrateit-backend (13)] INFO  o.eclipse.m2e.core.internal.Bundles - 	Entry: D:\sts-4.26.0.RELEASE\plugins\org.eclipse.m2e.maven.runtime_3.9.900.20240824-1409\jars\plexus-component-annotations-2.1.0.jar
2025-02-09 15:03:09,264 [Worker-119: Launching Celebrateit-backend (13)] INFO  o.eclipse.m2e.core.internal.Bundles - 	Entry: D:\sts-4.26.0.RELEASE\plugins\org.eclipse.m2e.maven.runtime_3.9.900.20240824-1409\jars\plexus-interpolation-1.27.jar
2025-02-09 15:03:09,264 [Worker-119: Launching Celebrateit-backend (13)] INFO  o.eclipse.m2e.core.internal.Bundles - 	Entry: D:\sts-4.26.0.RELEASE\plugins\org.eclipse.m2e.maven.runtime_3.9.900.20240824-1409\jars\plexus-sec-dispatcher-2.0.jar
2025-02-09 15:03:09,264 [Worker-119: Launching Celebrateit-backend (13)] INFO  o.eclipse.m2e.core.internal.Bundles - 	Entry: D:\sts-4.26.0.RELEASE\plugins\org.eclipse.m2e.maven.runtime_3.9.900.20240824-1409\jars\plexus-utils-3.5.1.jar
2025-02-09 15:03:09,264 [Worker-119: Launching Celebrateit-backend (13)] INFO  o.eclipse.m2e.core.internal.Bundles - 	Entry: D:\sts-4.26.0.RELEASE\plugins\org.eclipse.m2e.maven.runtime_3.9.900.20240824-1409\jars\plexus-xml-3.0.1.jar
2025-02-09 15:03:09,264 [Worker-119: Launching Celebrateit-backend (13)] INFO  o.eclipse.m2e.core.internal.Bundles - 	Entry: D:\sts-4.26.0.RELEASE\plugins\org.eclipse.m2e.maven.runtime_3.9.900.20240824-1409\jars\wagon-file-3.5.3.jar
2025-02-09 15:03:09,264 [Worker-119: Launching Celebrateit-backend (13)] INFO  o.eclipse.m2e.core.internal.Bundles - 	Entry: D:\sts-4.26.0.RELEASE\plugins\org.eclipse.m2e.maven.runtime_3.9.900.20240824-1409\jars\wagon-http-3.5.3.jar
2025-02-09 15:03:09,264 [Worker-119: Launching Celebrateit-backend (13)] INFO  o.eclipse.m2e.core.internal.Bundles - 	Entry: D:\sts-4.26.0.RELEASE\plugins\org.eclipse.m2e.maven.runtime_3.9.900.20240824-1409\jars\wagon-http-shared-3.5.3.jar
2025-02-09 15:03:09,264 [Worker-119: Launching Celebrateit-backend (13)] INFO  o.eclipse.m2e.core.internal.Bundles - 	Entry: D:\sts-4.26.0.RELEASE\plugins\org.eclipse.m2e.maven.runtime_3.9.900.20240824-1409\jars\wagon-provider-api-3.5.3.jar
2025-02-09 15:03:09,264 [Worker-119: Launching Celebrateit-backend (13)] INFO  o.eclipse.m2e.core.internal.Bundles - getClasspathEntries(Bundle=com.google.guava_33.3.0.jre [29])
2025-02-09 15:03:09,265 [Worker-119: Launching Celebrateit-backend (13)] INFO  o.eclipse.m2e.core.internal.Bundles - 	Entry: D:\sts-4.26.0.RELEASE\plugins\com.google.guava_33.3.0.jre.jar
2025-02-09 15:03:09,265 [Worker-119: Launching Celebrateit-backend (13)] INFO  o.eclipse.m2e.core.internal.Bundles - getClasspathEntries(Bundle=slf4j.api_2.0.16 [592])
2025-02-09 15:03:09,265 [Worker-119: Launching Celebrateit-backend (13)] INFO  o.eclipse.m2e.core.internal.Bundles - 	Entry: D:\sts-4.26.0.RELEASE\plugins\slf4j.api_2.0.16.jar
2025-02-09 15:03:09,265 [Worker-119: Launching Celebrateit-backend (13)] INFO  o.eclipse.m2e.core.internal.Bundles - getClasspathEntries(Bundle=jakarta.inject.jakarta.inject-api_1.0.5 [45])
2025-02-09 15:03:09,265 [Worker-119: Launching Celebrateit-backend (13)] INFO  o.eclipse.m2e.core.internal.Bundles - 	Entry: D:\sts-4.26.0.RELEASE\plugins\jakarta.inject.jakarta.inject-api_1.0.5.jar
2025-02-09 15:03:09,265 [Worker-119: Launching Celebrateit-backend (13)] INFO  o.eclipse.m2e.core.internal.Bundles - getClasspathEntries(Bundle=jakarta.annotation-api_1.3.5 [41])
2025-02-09 15:03:09,265 [Worker-119: Launching Celebrateit-backend (13)] INFO  o.eclipse.m2e.core.internal.Bundles - 	Entry: D:\sts-4.26.0.RELEASE\plugins\jakarta.annotation-api_1.3.5.jar
2025-02-09 15:03:09,265 [Worker-119: Launching Celebrateit-backend (13)] INFO  o.eclipse.m2e.core.internal.Bundles - getClasspathEntries(Bundle=org.apache.commons.cli_1.9.0 [77])
2025-02-09 15:03:09,265 [Worker-119: Launching Celebrateit-backend (13)] INFO  o.eclipse.m2e.core.internal.Bundles - 	Entry: D:\sts-4.26.0.RELEASE\plugins\org.apache.commons.cli_1.9.0.jar
2025-02-09 15:03:09,265 [Worker-119: Launching Celebrateit-backend (13)] INFO  o.eclipse.m2e.core.internal.Bundles - getClasspathEntries(Bundle=org.apache.commons.commons-codec_1.16.0 [80])
2025-02-09 15:03:09,265 [Worker-119: Launching Celebrateit-backend (13)] INFO  o.eclipse.m2e.core.internal.Bundles - 	Entry: D:\sts-4.26.0.RELEASE\plugins\org.apache.commons.commons-codec_1.16.0.jar
2025-02-09 15:03:09,265 [Worker-119: Launching Celebrateit-backend (13)] INFO  o.eclipse.m2e.core.internal.Bundles - getClasspathEntries(Bundle=com.google.guava.failureaccess_1.0.2 [30])
2025-02-09 15:03:09,266 [Worker-119: Launching Celebrateit-backend (13)] INFO  o.eclipse.m2e.core.internal.Bundles - 	Entry: D:\sts-4.26.0.RELEASE\plugins\com.google.guava.failureaccess_1.0.2.jar
2025-02-09 15:03:09,268 [Worker-119: Launching Celebrateit-backend (13)] INFO  o.e.m.i.launch.MavenLaunchDelegate - Run build in "C:\Users\Samruddhi\OneDrive\Desktop\cdac-project\Celebrateit-backend\Celebrateit-backend":
2025-02-09 15:03:09,268 [Worker-119: Launching Celebrateit-backend (13)] INFO  o.e.m.i.launch.MavenLaunchDelegate -  mvn  -B -Dstyle.color=always clean compile
2025-02-09 15:08:29,668 [Worker-114: Building] INFO  o.a.m.s.f.DefaultMavenResourcesFiltering - Copying 1 resource from src\main\resources to target\classes
2025-02-09 15:08:29,682 [Worker-114: Building] INFO  o.a.m.s.f.DefaultMavenResourcesFiltering - Copying 0 resource from src\main\resources to target\classes
2025-02-09 15:08:29,685 [Worker-114: Building] INFO  o.a.m.s.f.DefaultMavenResourcesFiltering - skip non existing resourceDirectory C:\Users\Samruddhi\OneDrive\Desktop\cdac-project\Celebrateit-backend\Celebrateit-backend\src\test\resources
2025-02-09 15:08:47,671 [Worker-118: Building] INFO  o.a.m.s.f.DefaultMavenResourcesFiltering - Copying 1 resource from src\main\resources to target\classes
2025-02-09 15:08:47,684 [Worker-118: Building] INFO  o.a.m.s.f.DefaultMavenResourcesFiltering - Copying 0 resource from src\main\resources to target\classes
2025-02-09 15:08:47,688 [Worker-118: Building] INFO  o.a.m.s.f.DefaultMavenResourcesFiltering - skip non existing resourceDirectory C:\Users\Samruddhi\OneDrive\Desktop\cdac-project\Celebrateit-backend\Celebrateit-backend\src\test\resources
2025-02-09 15:09:22,446 [Worker-114: Building] INFO  o.a.m.s.f.DefaultMavenResourcesFiltering - Copying 1 resource from src\main\resources to target\classes
2025-02-09 15:09:22,457 [Worker-114: Building] INFO  o.a.m.s.f.DefaultMavenResourcesFiltering - Copying 0 resource from src\main\resources to target\classes
2025-02-09 15:09:22,464 [Worker-114: Building] INFO  o.a.m.s.f.DefaultMavenResourcesFiltering - skip non existing resourceDirectory C:\Users\Samruddhi\OneDrive\Desktop\cdac-project\Celebrateit-backend\Celebrateit-backend\src\test\resources
2025-02-09 15:09:32,812 [Worker-114: Building] INFO  o.a.m.s.f.DefaultMavenResourcesFiltering - Copying 1 resource from src\main\resources to target\classes
2025-02-09 15:09:32,821 [Worker-114: Building] INFO  o.a.m.s.f.DefaultMavenResourcesFiltering - Copying 0 resource from src\main\resources to target\classes
2025-02-09 15:09:32,825 [Worker-114: Building] INFO  o.a.m.s.f.DefaultMavenResourcesFiltering - skip non existing resourceDirectory C:\Users\Samruddhi\OneDrive\Desktop\cdac-project\Celebrateit-backend\Celebrateit-backend\src\test\resources
2025-02-09 15:09:47,660 [Worker-128: Launching Celebrateit-backend (13)] INFO  o.eclipse.m2e.core.internal.Bundles - getClasspathEntries(Bundle=org.eclipse.m2e.maven.runtime_3.9.900.20240824-1409 [359])
2025-02-09 15:09:47,661 [Worker-128: Launching Celebrateit-backend (13)] INFO  o.eclipse.m2e.core.internal.Bundles - 	Entry: D:\sts-4.26.0.RELEASE\plugins\org.eclipse.m2e.maven.runtime_3.9.900.20240824-1409
2025-02-09 15:09:47,661 [Worker-128: Launching Celebrateit-backend (13)] INFO  o.eclipse.m2e.core.internal.Bundles - 	Entry: D:\sts-4.26.0.RELEASE\plugins\org.eclipse.m2e.maven.runtime_3.9.900.20240824-1409\jars\aopalliance-1.0.jar
2025-02-09 15:09:47,661 [Worker-128: Launching Celebrateit-backend (13)] INFO  o.eclipse.m2e.core.internal.Bundles - 	Entry: D:\sts-4.26.0.RELEASE\plugins\org.eclipse.m2e.maven.runtime_3.9.900.20240824-1409\jars\guice-5.1.0.jar
2025-02-09 15:09:47,661 [Worker-128: Launching Celebrateit-backend (13)] INFO  o.eclipse.m2e.core.internal.Bundles - 	Entry: D:\sts-4.26.0.RELEASE\plugins\org.eclipse.m2e.maven.runtime_3.9.900.20240824-1409\jars\httpclient-4.5.14.jar
2025-02-09 15:09:47,661 [Worker-128: Launching Celebrateit-backend (13)] INFO  o.eclipse.m2e.core.internal.Bundles - 	Entry: D:\sts-4.26.0.RELEASE\plugins\org.eclipse.m2e.maven.runtime_3.9.900.20240824-1409\jars\httpcore-4.4.16.jar
2025-02-09 15:09:47,661 [Worker-128: Launching Celebrateit-backend (13)] INFO  o.eclipse.m2e.core.internal.Bundles - 	Entry: D:\sts-4.26.0.RELEASE\plugins\org.eclipse.m2e.maven.runtime_3.9.900.20240824-1409\jars\jansi-2.4.1.jar
2025-02-09 15:09:47,661 [Worker-128: Launching Celebrateit-backend (13)] INFO  o.eclipse.m2e.core.internal.Bundles - 	Entry: D:\sts-4.26.0.RELEASE\plugins\org.eclipse.m2e.maven.runtime_3.9.900.20240824-1409\jars\jcl-over-slf4j-1.7.36.jar
2025-02-09 15:09:47,661 [Worker-128: Launching Celebrateit-backend (13)] INFO  o.eclipse.m2e.core.internal.Bundles - 	Entry: D:\sts-4.26.0.RELEASE\plugins\org.eclipse.m2e.maven.runtime_3.9.900.20240824-1409\jars\maven-artifact-3.9.9.jar
2025-02-09 15:09:47,661 [Worker-128: Launching Celebrateit-backend (13)] INFO  o.eclipse.m2e.core.internal.Bundles - 	Entry: D:\sts-4.26.0.RELEASE\plugins\org.eclipse.m2e.maven.runtime_3.9.900.20240824-1409\jars\maven-builder-support-3.9.9.jar
2025-02-09 15:09:47,662 [Worker-128: Launching Celebrateit-backend (13)] INFO  o.eclipse.m2e.core.internal.Bundles - 	Entry: D:\sts-4.26.0.RELEASE\plugins\org.eclipse.m2e.maven.runtime_3.9.900.20240824-1409\jars\maven-compat-3.9.9.jar
2025-02-09 15:09:47,662 [Worker-128: Launching Celebrateit-backend (13)] INFO  o.eclipse.m2e.core.internal.Bundles - 	Entry: D:\sts-4.26.0.RELEASE\plugins\org.eclipse.m2e.maven.runtime_3.9.900.20240824-1409\jars\maven-core-3.9.9.jar
2025-02-09 15:09:47,662 [Worker-128: Launching Celebrateit-backend (13)] INFO  o.eclipse.m2e.core.internal.Bundles - 	Entry: D:\sts-4.26.0.RELEASE\plugins\org.eclipse.m2e.maven.runtime_3.9.900.20240824-1409\jars\maven-embedder-3.9.9.jar
2025-02-09 15:09:47,662 [Worker-128: Launching Celebrateit-backend (13)] INFO  o.eclipse.m2e.core.internal.Bundles - 	Entry: D:\sts-4.26.0.RELEASE\plugins\org.eclipse.m2e.maven.runtime_3.9.900.20240824-1409\jars\maven-model-3.9.9.jar
2025-02-09 15:09:47,663 [Worker-128: Launching Celebrateit-backend (13)] INFO  o.eclipse.m2e.core.internal.Bundles - 	Entry: D:\sts-4.26.0.RELEASE\plugins\org.eclipse.m2e.maven.runtime_3.9.900.20240824-1409\jars\maven-model-builder-3.9.9.jar
2025-02-09 15:09:47,663 [Worker-128: Launching Celebrateit-backend (13)] INFO  o.eclipse.m2e.core.internal.Bundles - 	Entry: D:\sts-4.26.0.RELEASE\plugins\org.eclipse.m2e.maven.runtime_3.9.900.20240824-1409\jars\maven-plugin-api-3.9.9.jar
2025-02-09 15:09:47,663 [Worker-128: Launching Celebrateit-backend (13)] INFO  o.eclipse.m2e.core.internal.Bundles - 	Entry: D:\sts-4.26.0.RELEASE\plugins\org.eclipse.m2e.maven.runtime_3.9.900.20240824-1409\jars\maven-repository-metadata-3.9.9.jar
2025-02-09 15:09:47,663 [Worker-128: Launching Celebrateit-backend (13)] INFO  o.eclipse.m2e.core.internal.Bundles - 	Entry: D:\sts-4.26.0.RELEASE\plugins\org.eclipse.m2e.maven.runtime_3.9.900.20240824-1409\jars\maven-resolver-api-1.9.22.jar
2025-02-09 15:09:47,663 [Worker-128: Launching Celebrateit-backend (13)] INFO  o.eclipse.m2e.core.internal.Bundles - 	Entry: D:\sts-4.26.0.RELEASE\plugins\org.eclipse.m2e.maven.runtime_3.9.900.20240824-1409\jars\maven-resolver-connector-basic-1.9.22.jar
2025-02-09 15:09:47,663 [Worker-128: Launching Celebrateit-backend (13)] INFO  o.eclipse.m2e.core.internal.Bundles - 	Entry: D:\sts-4.26.0.RELEASE\plugins\org.eclipse.m2e.maven.runtime_3.9.900.20240824-1409\jars\maven-resolver-impl-1.9.22.jar
2025-02-09 15:09:47,663 [Worker-128: Launching Celebrateit-backend (13)] INFO  o.eclipse.m2e.core.internal.Bundles - 	Entry: D:\sts-4.26.0.RELEASE\plugins\org.eclipse.m2e.maven.runtime_3.9.900.20240824-1409\jars\maven-resolver-named-locks-1.9.22.jar
2025-02-09 15:09:47,663 [Worker-128: Launching Celebrateit-backend (13)] INFO  o.eclipse.m2e.core.internal.Bundles - 	Entry: D:\sts-4.26.0.RELEASE\plugins\org.eclipse.m2e.maven.runtime_3.9.900.20240824-1409\jars\maven-resolver-provider-3.9.9.jar
2025-02-09 15:09:47,663 [Worker-128: Launching Celebrateit-backend (13)] INFO  o.eclipse.m2e.core.internal.Bundles - 	Entry: D:\sts-4.26.0.RELEASE\plugins\org.eclipse.m2e.maven.runtime_3.9.900.20240824-1409\jars\maven-resolver-spi-1.9.22.jar
2025-02-09 15:09:47,663 [Worker-128: Launching Celebrateit-backend (13)] INFO  o.eclipse.m2e.core.internal.Bundles - 	Entry: D:\sts-4.26.0.RELEASE\plugins\org.eclipse.m2e.maven.runtime_3.9.900.20240824-1409\jars\maven-resolver-transport-file-1.9.22.jar
2025-02-09 15:09:47,663 [Worker-128: Launching Celebrateit-backend (13)] INFO  o.eclipse.m2e.core.internal.Bundles - 	Entry: D:\sts-4.26.0.RELEASE\plugins\org.eclipse.m2e.maven.runtime_3.9.900.20240824-1409\jars\maven-resolver-transport-http-1.9.22.jar
2025-02-09 15:09:47,663 [Worker-128: Launching Celebrateit-backend (13)] INFO  o.eclipse.m2e.core.internal.Bundles - 	Entry: D:\sts-4.26.0.RELEASE\plugins\org.eclipse.m2e.maven.runtime_3.9.900.20240824-1409\jars\maven-resolver-transport-wagon-1.9.22.jar
2025-02-09 15:09:47,663 [Worker-128: Launching Celebrateit-backend (13)] INFO  o.eclipse.m2e.core.internal.Bundles - 	Entry: D:\sts-4.26.0.RELEASE\plugins\org.eclipse.m2e.maven.runtime_3.9.900.20240824-1409\jars\maven-resolver-util-1.9.22.jar
2025-02-09 15:09:47,664 [Worker-128: Launching Celebrateit-backend (13)] INFO  o.eclipse.m2e.core.internal.Bundles - 	Entry: D:\sts-4.26.0.RELEASE\plugins\org.eclipse.m2e.maven.runtime_3.9.900.20240824-1409\jars\maven-settings-3.9.9.jar
2025-02-09 15:09:47,664 [Worker-128: Launching Celebrateit-backend (13)] INFO  o.eclipse.m2e.core.internal.Bundles - 	Entry: D:\sts-4.26.0.RELEASE\plugins\org.eclipse.m2e.maven.runtime_3.9.900.20240824-1409\jars\maven-settings-builder-3.9.9.jar
2025-02-09 15:09:47,664 [Worker-128: Launching Celebrateit-backend (13)] INFO  o.eclipse.m2e.core.internal.Bundles - 	Entry: D:\sts-4.26.0.RELEASE\plugins\org.eclipse.m2e.maven.runtime_3.9.900.20240824-1409\jars\maven-shared-utils-3.4.2.jar
2025-02-09 15:09:47,664 [Worker-128: Launching Celebrateit-backend (13)] INFO  o.eclipse.m2e.core.internal.Bundles - 	Entry: D:\sts-4.26.0.RELEASE\plugins\org.eclipse.m2e.maven.runtime_3.9.900.20240824-1409\jars\org.eclipse.sisu.inject-0.9.0.M3.jar
2025-02-09 15:09:47,664 [Worker-128: Launching Celebrateit-backend (13)] INFO  o.eclipse.m2e.core.internal.Bundles - 	Entry: D:\sts-4.26.0.RELEASE\plugins\org.eclipse.m2e.maven.runtime_3.9.900.20240824-1409\jars\org.eclipse.sisu.plexus-0.9.0.M3.jar
2025-02-09 15:09:47,664 [Worker-128: Launching Celebrateit-backend (13)] INFO  o.eclipse.m2e.core.internal.Bundles - 	Entry: D:\sts-4.26.0.RELEASE\plugins\org.eclipse.m2e.maven.runtime_3.9.900.20240824-1409\jars\plexus-build-api-0.0.7.jar
2025-02-09 15:09:47,664 [Worker-128: Launching Celebrateit-backend (13)] INFO  o.eclipse.m2e.core.internal.Bundles - 	Entry: D:\sts-4.26.0.RELEASE\plugins\org.eclipse.m2e.maven.runtime_3.9.900.20240824-1409\jars\plexus-build-api-1.2.0.jar
2025-02-09 15:09:47,664 [Worker-128: Launching Celebrateit-backend (13)] INFO  o.eclipse.m2e.core.internal.Bundles - 	Entry: D:\sts-4.26.0.RELEASE\plugins\org.eclipse.m2e.maven.runtime_3.9.900.20240824-1409\jars\plexus-cipher-2.0.jar
2025-02-09 15:09:47,664 [Worker-128: Launching Celebrateit-backend (13)] INFO  o.eclipse.m2e.core.internal.Bundles - 	Entry: D:\sts-4.26.0.RELEASE\plugins\org.eclipse.m2e.maven.runtime_3.9.900.20240824-1409\jars\plexus-classworlds-2.8.0.jar
2025-02-09 15:09:47,664 [Worker-128: Launching Celebrateit-backend (13)] INFO  o.eclipse.m2e.core.internal.Bundles - 	Entry: D:\sts-4.26.0.RELEASE\plugins\org.eclipse.m2e.maven.runtime_3.9.900.20240824-1409\jars\plexus-component-annotations-2.1.0.jar
2025-02-09 15:09:47,664 [Worker-128: Launching Celebrateit-backend (13)] INFO  o.eclipse.m2e.core.internal.Bundles - 	Entry: D:\sts-4.26.0.RELEASE\plugins\org.eclipse.m2e.maven.runtime_3.9.900.20240824-1409\jars\plexus-interpolation-1.27.jar
2025-02-09 15:09:47,664 [Worker-128: Launching Celebrateit-backend (13)] INFO  o.eclipse.m2e.core.internal.Bundles - 	Entry: D:\sts-4.26.0.RELEASE\plugins\org.eclipse.m2e.maven.runtime_3.9.900.20240824-1409\jars\plexus-sec-dispatcher-2.0.jar
2025-02-09 15:09:47,665 [Worker-128: Launching Celebrateit-backend (13)] INFO  o.eclipse.m2e.core.internal.Bundles - 	Entry: D:\sts-4.26.0.RELEASE\plugins\org.eclipse.m2e.maven.runtime_3.9.900.20240824-1409\jars\plexus-utils-3.5.1.jar
2025-02-09 15:09:47,665 [Worker-128: Launching Celebrateit-backend (13)] INFO  o.eclipse.m2e.core.internal.Bundles - 	Entry: D:\sts-4.26.0.RELEASE\plugins\org.eclipse.m2e.maven.runtime_3.9.900.20240824-1409\jars\plexus-xml-3.0.1.jar
2025-02-09 15:09:47,665 [Worker-128: Launching Celebrateit-backend (13)] INFO  o.eclipse.m2e.core.internal.Bundles - 	Entry: D:\sts-4.26.0.RELEASE\plugins\org.eclipse.m2e.maven.runtime_3.9.900.20240824-1409\jars\wagon-file-3.5.3.jar
2025-02-09 15:09:47,665 [Worker-128: Launching Celebrateit-backend (13)] INFO  o.eclipse.m2e.core.internal.Bundles - 	Entry: D:\sts-4.26.0.RELEASE\plugins\org.eclipse.m2e.maven.runtime_3.9.900.20240824-1409\jars\wagon-http-3.5.3.jar
2025-02-09 15:09:47,665 [Worker-128: Launching Celebrateit-backend (13)] INFO  o.eclipse.m2e.core.internal.Bundles - 	Entry: D:\sts-4.26.0.RELEASE\plugins\org.eclipse.m2e.maven.runtime_3.9.900.20240824-1409\jars\wagon-http-shared-3.5.3.jar
2025-02-09 15:09:47,665 [Worker-128: Launching Celebrateit-backend (13)] INFO  o.eclipse.m2e.core.internal.Bundles - 	Entry: D:\sts-4.26.0.RELEASE\plugins\org.eclipse.m2e.maven.runtime_3.9.900.20240824-1409\jars\wagon-provider-api-3.5.3.jar
2025-02-09 15:09:47,665 [Worker-128: Launching Celebrateit-backend (13)] INFO  o.eclipse.m2e.core.internal.Bundles - getClasspathEntries(Bundle=com.google.guava_33.3.0.jre [29])
2025-02-09 15:09:47,666 [Worker-128: Launching Celebrateit-backend (13)] INFO  o.eclipse.m2e.core.internal.Bundles - 	Entry: D:\sts-4.26.0.RELEASE\plugins\com.google.guava_33.3.0.jre.jar
2025-02-09 15:09:47,666 [Worker-128: Launching Celebrateit-backend (13)] INFO  o.eclipse.m2e.core.internal.Bundles - getClasspathEntries(Bundle=slf4j.api_2.0.16 [592])
2025-02-09 15:09:47,667 [Worker-128: Launching Celebrateit-backend (13)] INFO  o.eclipse.m2e.core.internal.Bundles - 	Entry: D:\sts-4.26.0.RELEASE\plugins\slf4j.api_2.0.16.jar
2025-02-09 15:09:47,667 [Worker-128: Launching Celebrateit-backend (13)] INFO  o.eclipse.m2e.core.internal.Bundles - getClasspathEntries(Bundle=jakarta.inject.jakarta.inject-api_1.0.5 [45])
2025-02-09 15:09:47,668 [Worker-128: Launching Celebrateit-backend (13)] INFO  o.eclipse.m2e.core.internal.Bundles - 	Entry: D:\sts-4.26.0.RELEASE\plugins\jakarta.inject.jakarta.inject-api_1.0.5.jar
2025-02-09 15:09:47,668 [Worker-128: Launching Celebrateit-backend (13)] INFO  o.eclipse.m2e.core.internal.Bundles - getClasspathEntries(Bundle=jakarta.annotation-api_1.3.5 [41])
2025-02-09 15:09:47,668 [Worker-128: Launching Celebrateit-backend (13)] INFO  o.eclipse.m2e.core.internal.Bundles - 	Entry: D:\sts-4.26.0.RELEASE\plugins\jakarta.annotation-api_1.3.5.jar
2025-02-09 15:09:47,668 [Worker-128: Launching Celebrateit-backend (13)] INFO  o.eclipse.m2e.core.internal.Bundles - getClasspathEntries(Bundle=org.apache.commons.cli_1.9.0 [77])
2025-02-09 15:09:47,668 [Worker-128: Launching Celebrateit-backend (13)] INFO  o.eclipse.m2e.core.internal.Bundles - 	Entry: D:\sts-4.26.0.RELEASE\plugins\org.apache.commons.cli_1.9.0.jar
2025-02-09 15:09:47,668 [Worker-128: Launching Celebrateit-backend (13)] INFO  o.eclipse.m2e.core.internal.Bundles - getClasspathEntries(Bundle=org.apache.commons.commons-codec_1.16.0 [80])
2025-02-09 15:09:47,669 [Worker-128: Launching Celebrateit-backend (13)] INFO  o.eclipse.m2e.core.internal.Bundles - 	Entry: D:\sts-4.26.0.RELEASE\plugins\org.apache.commons.commons-codec_1.16.0.jar
2025-02-09 15:09:47,669 [Worker-128: Launching Celebrateit-backend (13)] INFO  o.eclipse.m2e.core.internal.Bundles - getClasspathEntries(Bundle=com.google.guava.failureaccess_1.0.2 [30])
2025-02-09 15:09:47,669 [Worker-128: Launching Celebrateit-backend (13)] INFO  o.eclipse.m2e.core.internal.Bundles - 	Entry: D:\sts-4.26.0.RELEASE\plugins\com.google.guava.failureaccess_1.0.2.jar
2025-02-09 15:09:47,673 [Worker-128: Launching Celebrateit-backend (13)] INFO  o.e.m.i.launch.MavenLaunchDelegate - Run build in "C:\Users\Samruddhi\OneDrive\Desktop\cdac-project\Celebrateit-backend\Celebrateit-backend":
2025-02-09 15:09:47,673 [Worker-128: Launching Celebrateit-backend (13)] INFO  o.e.m.i.launch.MavenLaunchDelegate -  mvn  -B -Dstyle.color=always clean compile
2025-02-09 15:09:47,829 [Worker-118: Building] INFO  o.a.m.s.f.DefaultMavenResourcesFiltering - Copying 1 resource from src\main\resources to target\classes
2025-02-09 15:09:47,834 [Worker-118: Building] INFO  o.a.m.s.f.DefaultMavenResourcesFiltering - Copying 0 resource from src\main\resources to target\classes
2025-02-09 15:09:47,837 [Worker-118: Building] INFO  o.a.m.s.f.DefaultMavenResourcesFiltering - skip non existing resourceDirectory C:\Users\Samruddhi\OneDrive\Desktop\cdac-project\Celebrateit-backend\Celebrateit-backend\src\test\resources
2025-02-09 15:10:20,163 [Worker-130: Building] INFO  o.a.m.s.f.DefaultMavenResourcesFiltering - Copying 1 resource from src\main\resources to target\classes
2025-02-09 15:10:20,169 [Worker-130: Building] INFO  o.a.m.s.f.DefaultMavenResourcesFiltering - Copying 0 resource from src\main\resources to target\classes
2025-02-09 15:10:20,172 [Worker-130: Building] INFO  o.a.m.s.f.DefaultMavenResourcesFiltering - skip non existing resourceDirectory C:\Users\Samruddhi\OneDrive\Desktop\cdac-project\Celebrateit-backend\Celebrateit-backend\src\test\resources
2025-02-09 15:10:39,957 [Worker-119: Building] INFO  o.a.m.s.f.DefaultMavenResourcesFiltering - Copying 1 resource from src\main\resources to target\classes
2025-02-09 15:10:39,965 [Worker-119: Building] INFO  o.a.m.s.f.DefaultMavenResourcesFiltering - Copying 0 resource from src\main\resources to target\classes
2025-02-09 15:10:39,969 [Worker-119: Building] INFO  o.a.m.s.f.DefaultMavenResourcesFiltering - skip non existing resourceDirectory C:\Users\Samruddhi\OneDrive\Desktop\cdac-project\Celebrateit-backend\Celebrateit-backend\src\test\resources
2025-02-09 15:10:46,730 [Worker-118: Building] INFO  o.a.m.s.f.DefaultMavenResourcesFiltering - Copying 1 resource from src\main\resources to target\classes
2025-02-09 15:10:46,737 [Worker-118: Building] INFO  o.a.m.s.f.DefaultMavenResourcesFiltering - Copying 0 resource from src\main\resources to target\classes
2025-02-09 15:10:46,740 [Worker-118: Building] INFO  o.a.m.s.f.DefaultMavenResourcesFiltering - skip non existing resourceDirectory C:\Users\Samruddhi\OneDrive\Desktop\cdac-project\Celebrateit-backend\Celebrateit-backend\src\test\resources
2025-02-09 15:10:57,842 [Worker-129: Building] INFO  o.a.m.s.f.DefaultMavenResourcesFiltering - Copying 1 resource from src\main\resources to target\classes
2025-02-09 15:10:57,847 [Worker-129: Building] INFO  o.a.m.s.f.DefaultMavenResourcesFiltering - Copying 0 resource from src\main\resources to target\classes
2025-02-09 15:10:57,850 [Worker-129: Building] INFO  o.a.m.s.f.DefaultMavenResourcesFiltering - skip non existing resourceDirectory C:\Users\Samruddhi\OneDrive\Desktop\cdac-project\Celebrateit-backend\Celebrateit-backend\src\test\resources
2025-02-09 15:11:09,369 [Worker-129: Launching Celebrateit-backend (13)] INFO  o.eclipse.m2e.core.internal.Bundles - getClasspathEntries(Bundle=org.eclipse.m2e.maven.runtime_3.9.900.20240824-1409 [359])
2025-02-09 15:11:09,371 [Worker-129: Launching Celebrateit-backend (13)] INFO  o.eclipse.m2e.core.internal.Bundles - 	Entry: D:\sts-4.26.0.RELEASE\plugins\org.eclipse.m2e.maven.runtime_3.9.900.20240824-1409
2025-02-09 15:11:09,371 [Worker-129: Launching Celebrateit-backend (13)] INFO  o.eclipse.m2e.core.internal.Bundles - 	Entry: D:\sts-4.26.0.RELEASE\plugins\org.eclipse.m2e.maven.runtime_3.9.900.20240824-1409\jars\aopalliance-1.0.jar
2025-02-09 15:11:09,371 [Worker-129: Launching Celebrateit-backend (13)] INFO  o.eclipse.m2e.core.internal.Bundles - 	Entry: D:\sts-4.26.0.RELEASE\plugins\org.eclipse.m2e.maven.runtime_3.9.900.20240824-1409\jars\guice-5.1.0.jar
2025-02-09 15:11:09,371 [Worker-129: Launching Celebrateit-backend (13)] INFO  o.eclipse.m2e.core.internal.Bundles - 	Entry: D:\sts-4.26.0.RELEASE\plugins\org.eclipse.m2e.maven.runtime_3.9.900.20240824-1409\jars\httpclient-4.5.14.jar
2025-02-09 15:11:09,371 [Worker-129: Launching Celebrateit-backend (13)] INFO  o.eclipse.m2e.core.internal.Bundles - 	Entry: D:\sts-4.26.0.RELEASE\plugins\org.eclipse.m2e.maven.runtime_3.9.900.20240824-1409\jars\httpcore-4.4.16.jar
2025-02-09 15:11:09,371 [Worker-129: Launching Celebrateit-backend (13)] INFO  o.eclipse.m2e.core.internal.Bundles - 	Entry: D:\sts-4.26.0.RELEASE\plugins\org.eclipse.m2e.maven.runtime_3.9.900.20240824-1409\jars\jansi-2.4.1.jar
2025-02-09 15:11:09,371 [Worker-129: Launching Celebrateit-backend (13)] INFO  o.eclipse.m2e.core.internal.Bundles - 	Entry: D:\sts-4.26.0.RELEASE\plugins\org.eclipse.m2e.maven.runtime_3.9.900.20240824-1409\jars\jcl-over-slf4j-1.7.36.jar
2025-02-09 15:11:09,371 [Worker-129: Launching Celebrateit-backend (13)] INFO  o.eclipse.m2e.core.internal.Bundles - 	Entry: D:\sts-4.26.0.RELEASE\plugins\org.eclipse.m2e.maven.runtime_3.9.900.20240824-1409\jars\maven-artifact-3.9.9.jar
2025-02-09 15:11:09,371 [Worker-129: Launching Celebrateit-backend (13)] INFO  o.eclipse.m2e.core.internal.Bundles - 	Entry: D:\sts-4.26.0.RELEASE\plugins\org.eclipse.m2e.maven.runtime_3.9.900.20240824-1409\jars\maven-builder-support-3.9.9.jar
2025-02-09 15:11:09,371 [Worker-129: Launching Celebrateit-backend (13)] INFO  o.eclipse.m2e.core.internal.Bundles - 	Entry: D:\sts-4.26.0.RELEASE\plugins\org.eclipse.m2e.maven.runtime_3.9.900.20240824-1409\jars\maven-compat-3.9.9.jar
2025-02-09 15:11:09,371 [Worker-129: Launching Celebrateit-backend (13)] INFO  o.eclipse.m2e.core.internal.Bundles - 	Entry: D:\sts-4.26.0.RELEASE\plugins\org.eclipse.m2e.maven.runtime_3.9.900.20240824-1409\jars\maven-core-3.9.9.jar
2025-02-09 15:11:09,371 [Worker-129: Launching Celebrateit-backend (13)] INFO  o.eclipse.m2e.core.internal.Bundles - 	Entry: D:\sts-4.26.0.RELEASE\plugins\org.eclipse.m2e.maven.runtime_3.9.900.20240824-1409\jars\maven-embedder-3.9.9.jar
2025-02-09 15:11:09,371 [Worker-129: Launching Celebrateit-backend (13)] INFO  o.eclipse.m2e.core.internal.Bundles - 	Entry: D:\sts-4.26.0.RELEASE\plugins\org.eclipse.m2e.maven.runtime_3.9.900.20240824-1409\jars\maven-model-3.9.9.jar
2025-02-09 15:11:09,371 [Worker-129: Launching Celebrateit-backend (13)] INFO  o.eclipse.m2e.core.internal.Bundles - 	Entry: D:\sts-4.26.0.RELEASE\plugins\org.eclipse.m2e.maven.runtime_3.9.900.20240824-1409\jars\maven-model-builder-3.9.9.jar
2025-02-09 15:11:09,371 [Worker-129: Launching Celebrateit-backend (13)] INFO  o.eclipse.m2e.core.internal.Bundles - 	Entry: D:\sts-4.26.0.RELEASE\plugins\org.eclipse.m2e.maven.runtime_3.9.900.20240824-1409\jars\maven-plugin-api-3.9.9.jar
2025-02-09 15:11:09,371 [Worker-129: Launching Celebrateit-backend (13)] INFO  o.eclipse.m2e.core.internal.Bundles - 	Entry: D:\sts-4.26.0.RELEASE\plugins\org.eclipse.m2e.maven.runtime_3.9.900.20240824-1409\jars\maven-repository-metadata-3.9.9.jar
2025-02-09 15:11:09,372 [Worker-129: Launching Celebrateit-backend (13)] INFO  o.eclipse.m2e.core.internal.Bundles - 	Entry: D:\sts-4.26.0.RELEASE\plugins\org.eclipse.m2e.maven.runtime_3.9.900.20240824-1409\jars\maven-resolver-api-1.9.22.jar
2025-02-09 15:11:09,372 [Worker-129: Launching Celebrateit-backend (13)] INFO  o.eclipse.m2e.core.internal.Bundles - 	Entry: D:\sts-4.26.0.RELEASE\plugins\org.eclipse.m2e.maven.runtime_3.9.900.20240824-1409\jars\maven-resolver-connector-basic-1.9.22.jar
2025-02-09 15:11:09,372 [Worker-129: Launching Celebrateit-backend (13)] INFO  o.eclipse.m2e.core.internal.Bundles - 	Entry: D:\sts-4.26.0.RELEASE\plugins\org.eclipse.m2e.maven.runtime_3.9.900.20240824-1409\jars\maven-resolver-impl-1.9.22.jar
2025-02-09 15:11:09,372 [Worker-129: Launching Celebrateit-backend (13)] INFO  o.eclipse.m2e.core.internal.Bundles - 	Entry: D:\sts-4.26.0.RELEASE\plugins\org.eclipse.m2e.maven.runtime_3.9.900.20240824-1409\jars\maven-resolver-named-locks-1.9.22.jar
2025-02-09 15:11:09,372 [Worker-129: Launching Celebrateit-backend (13)] INFO  o.eclipse.m2e.core.internal.Bundles - 	Entry: D:\sts-4.26.0.RELEASE\plugins\org.eclipse.m2e.maven.runtime_3.9.900.20240824-1409\jars\maven-resolver-provider-3.9.9.jar
2025-02-09 15:11:09,372 [Worker-129: Launching Celebrateit-backend (13)] INFO  o.eclipse.m2e.core.internal.Bundles - 	Entry: D:\sts-4.26.0.RELEASE\plugins\org.eclipse.m2e.maven.runtime_3.9.900.20240824-1409\jars\maven-resolver-spi-1.9.22.jar
2025-02-09 15:11:09,372 [Worker-129: Launching Celebrateit-backend (13)] INFO  o.eclipse.m2e.core.internal.Bundles - 	Entry: D:\sts-4.26.0.RELEASE\plugins\org.eclipse.m2e.maven.runtime_3.9.900.20240824-1409\jars\maven-resolver-transport-file-1.9.22.jar
2025-02-09 15:11:09,372 [Worker-129: Launching Celebrateit-backend (13)] INFO  o.eclipse.m2e.core.internal.Bundles - 	Entry: D:\sts-4.26.0.RELEASE\plugins\org.eclipse.m2e.maven.runtime_3.9.900.20240824-1409\jars\maven-resolver-transport-http-1.9.22.jar
2025-02-09 15:11:09,372 [Worker-129: Launching Celebrateit-backend (13)] INFO  o.eclipse.m2e.core.internal.Bundles - 	Entry: D:\sts-4.26.0.RELEASE\plugins\org.eclipse.m2e.maven.runtime_3.9.900.20240824-1409\jars\maven-resolver-transport-wagon-1.9.22.jar
2025-02-09 15:11:09,372 [Worker-129: Launching Celebrateit-backend (13)] INFO  o.eclipse.m2e.core.internal.Bundles - 	Entry: D:\sts-4.26.0.RELEASE\plugins\org.eclipse.m2e.maven.runtime_3.9.900.20240824-1409\jars\maven-resolver-util-1.9.22.jar
2025-02-09 15:11:09,372 [Worker-129: Launching Celebrateit-backend (13)] INFO  o.eclipse.m2e.core.internal.Bundles - 	Entry: D:\sts-4.26.0.RELEASE\plugins\org.eclipse.m2e.maven.runtime_3.9.900.20240824-1409\jars\maven-settings-3.9.9.jar
2025-02-09 15:11:09,372 [Worker-129: Launching Celebrateit-backend (13)] INFO  o.eclipse.m2e.core.internal.Bundles - 	Entry: D:\sts-4.26.0.RELEASE\plugins\org.eclipse.m2e.maven.runtime_3.9.900.20240824-1409\jars\maven-settings-builder-3.9.9.jar
2025-02-09 15:11:09,372 [Worker-129: Launching Celebrateit-backend (13)] INFO  o.eclipse.m2e.core.internal.Bundles - 	Entry: D:\sts-4.26.0.RELEASE\plugins\org.eclipse.m2e.maven.runtime_3.9.900.20240824-1409\jars\maven-shared-utils-3.4.2.jar
2025-02-09 15:11:09,372 [Worker-129: Launching Celebrateit-backend (13)] INFO  o.eclipse.m2e.core.internal.Bundles - 	Entry: D:\sts-4.26.0.RELEASE\plugins\org.eclipse.m2e.maven.runtime_3.9.900.20240824-1409\jars\org.eclipse.sisu.inject-0.9.0.M3.jar
2025-02-09 15:11:09,372 [Worker-129: Launching Celebrateit-backend (13)] INFO  o.eclipse.m2e.core.internal.Bundles - 	Entry: D:\sts-4.26.0.RELEASE\plugins\org.eclipse.m2e.maven.runtime_3.9.900.20240824-1409\jars\org.eclipse.sisu.plexus-0.9.0.M3.jar
2025-02-09 15:11:09,372 [Worker-129: Launching Celebrateit-backend (13)] INFO  o.eclipse.m2e.core.internal.Bundles - 	Entry: D:\sts-4.26.0.RELEASE\plugins\org.eclipse.m2e.maven.runtime_3.9.900.20240824-1409\jars\plexus-build-api-0.0.7.jar
2025-02-09 15:11:09,372 [Worker-129: Launching Celebrateit-backend (13)] INFO  o.eclipse.m2e.core.internal.Bundles - 	Entry: D:\sts-4.26.0.RELEASE\plugins\org.eclipse.m2e.maven.runtime_3.9.900.20240824-1409\jars\plexus-build-api-1.2.0.jar
2025-02-09 15:11:09,372 [Worker-129: Launching Celebrateit-backend (13)] INFO  o.eclipse.m2e.core.internal.Bundles - 	Entry: D:\sts-4.26.0.RELEASE\plugins\org.eclipse.m2e.maven.runtime_3.9.900.20240824-1409\jars\plexus-cipher-2.0.jar
2025-02-09 15:11:09,372 [Worker-129: Launching Celebrateit-backend (13)] INFO  o.eclipse.m2e.core.internal.Bundles - 	Entry: D:\sts-4.26.0.RELEASE\plugins\org.eclipse.m2e.maven.runtime_3.9.900.20240824-1409\jars\plexus-classworlds-2.8.0.jar
2025-02-09 15:11:09,372 [Worker-129: Launching Celebrateit-backend (13)] INFO  o.eclipse.m2e.core.internal.Bundles - 	Entry: D:\sts-4.26.0.RELEASE\plugins\org.eclipse.m2e.maven.runtime_3.9.900.20240824-1409\jars\plexus-component-annotations-2.1.0.jar
2025-02-09 15:11:09,372 [Worker-129: Launching Celebrateit-backend (13)] INFO  o.eclipse.m2e.core.internal.Bundles - 	Entry: D:\sts-4.26.0.RELEASE\plugins\org.eclipse.m2e.maven.runtime_3.9.900.20240824-1409\jars\plexus-interpolation-1.27.jar
2025-02-09 15:11:09,372 [Worker-129: Launching Celebrateit-backend (13)] INFO  o.eclipse.m2e.core.internal.Bundles - 	Entry: D:\sts-4.26.0.RELEASE\plugins\org.eclipse.m2e.maven.runtime_3.9.900.20240824-1409\jars\plexus-sec-dispatcher-2.0.jar
2025-02-09 15:11:09,373 [Worker-129: Launching Celebrateit-backend (13)] INFO  o.eclipse.m2e.core.internal.Bundles - 	Entry: D:\sts-4.26.0.RELEASE\plugins\org.eclipse.m2e.maven.runtime_3.9.900.20240824-1409\jars\plexus-utils-3.5.1.jar
2025-02-09 15:11:09,373 [Worker-129: Launching Celebrateit-backend (13)] INFO  o.eclipse.m2e.core.internal.Bundles - 	Entry: D:\sts-4.26.0.RELEASE\plugins\org.eclipse.m2e.maven.runtime_3.9.900.20240824-1409\jars\plexus-xml-3.0.1.jar
2025-02-09 15:11:09,373 [Worker-129: Launching Celebrateit-backend (13)] INFO  o.eclipse.m2e.core.internal.Bundles - 	Entry: D:\sts-4.26.0.RELEASE\plugins\org.eclipse.m2e.maven.runtime_3.9.900.20240824-1409\jars\wagon-file-3.5.3.jar
2025-02-09 15:11:09,373 [Worker-129: Launching Celebrateit-backend (13)] INFO  o.eclipse.m2e.core.internal.Bundles - 	Entry: D:\sts-4.26.0.RELEASE\plugins\org.eclipse.m2e.maven.runtime_3.9.900.20240824-1409\jars\wagon-http-3.5.3.jar
2025-02-09 15:11:09,373 [Worker-129: Launching Celebrateit-backend (13)] INFO  o.eclipse.m2e.core.internal.Bundles - 	Entry: D:\sts-4.26.0.RELEASE\plugins\org.eclipse.m2e.maven.runtime_3.9.900.20240824-1409\jars\wagon-http-shared-3.5.3.jar
2025-02-09 15:11:09,373 [Worker-129: Launching Celebrateit-backend (13)] INFO  o.eclipse.m2e.core.internal.Bundles - 	Entry: D:\sts-4.26.0.RELEASE\plugins\org.eclipse.m2e.maven.runtime_3.9.900.20240824-1409\jars\wagon-provider-api-3.5.3.jar
2025-02-09 15:11:09,373 [Worker-129: Launching Celebrateit-backend (13)] INFO  o.eclipse.m2e.core.internal.Bundles - getClasspathEntries(Bundle=com.google.guava_33.3.0.jre [29])
2025-02-09 15:11:09,374 [Worker-129: Launching Celebrateit-backend (13)] INFO  o.eclipse.m2e.core.internal.Bundles - 	Entry: D:\sts-4.26.0.RELEASE\plugins\com.google.guava_33.3.0.jre.jar
2025-02-09 15:11:09,374 [Worker-129: Launching Celebrateit-backend (13)] INFO  o.eclipse.m2e.core.internal.Bundles - getClasspathEntries(Bundle=slf4j.api_2.0.16 [592])
2025-02-09 15:11:09,374 [Worker-129: Launching Celebrateit-backend (13)] INFO  o.eclipse.m2e.core.internal.Bundles - 	Entry: D:\sts-4.26.0.RELEASE\plugins\slf4j.api_2.0.16.jar
2025-02-09 15:11:09,374 [Worker-129: Launching Celebrateit-backend (13)] INFO  o.eclipse.m2e.core.internal.Bundles - getClasspathEntries(Bundle=jakarta.inject.jakarta.inject-api_1.0.5 [45])
2025-02-09 15:11:09,374 [Worker-129: Launching Celebrateit-backend (13)] INFO  o.eclipse.m2e.core.internal.Bundles - 	Entry: D:\sts-4.26.0.RELEASE\plugins\jakarta.inject.jakarta.inject-api_1.0.5.jar
2025-02-09 15:11:09,374 [Worker-129: Launching Celebrateit-backend (13)] INFO  o.eclipse.m2e.core.internal.Bundles - getClasspathEntries(Bundle=jakarta.annotation-api_1.3.5 [41])
2025-02-09 15:11:09,375 [Worker-129: Launching Celebrateit-backend (13)] INFO  o.eclipse.m2e.core.internal.Bundles - 	Entry: D:\sts-4.26.0.RELEASE\plugins\jakarta.annotation-api_1.3.5.jar
2025-02-09 15:11:09,375 [Worker-129: Launching Celebrateit-backend (13)] INFO  o.eclipse.m2e.core.internal.Bundles - getClasspathEntries(Bundle=org.apache.commons.cli_1.9.0 [77])
2025-02-09 15:11:09,375 [Worker-129: Launching Celebrateit-backend (13)] INFO  o.eclipse.m2e.core.internal.Bundles - 	Entry: D:\sts-4.26.0.RELEASE\plugins\org.apache.commons.cli_1.9.0.jar
2025-02-09 15:11:09,375 [Worker-129: Launching Celebrateit-backend (13)] INFO  o.eclipse.m2e.core.internal.Bundles - getClasspathEntries(Bundle=org.apache.commons.commons-codec_1.16.0 [80])
2025-02-09 15:11:09,375 [Worker-129: Launching Celebrateit-backend (13)] INFO  o.eclipse.m2e.core.internal.Bundles - 	Entry: D:\sts-4.26.0.RELEASE\plugins\org.apache.commons.commons-codec_1.16.0.jar
2025-02-09 15:11:09,375 [Worker-129: Launching Celebrateit-backend (13)] INFO  o.eclipse.m2e.core.internal.Bundles - getClasspathEntries(Bundle=com.google.guava.failureaccess_1.0.2 [30])
2025-02-09 15:11:09,375 [Worker-129: Launching Celebrateit-backend (13)] INFO  o.eclipse.m2e.core.internal.Bundles - 	Entry: D:\sts-4.26.0.RELEASE\plugins\com.google.guava.failureaccess_1.0.2.jar
2025-02-09 15:11:09,378 [Worker-129: Launching Celebrateit-backend (13)] INFO  o.e.m.i.launch.MavenLaunchDelegate - Run build in "C:\Users\Samruddhi\OneDrive\Desktop\cdac-project\Celebrateit-backend\Celebrateit-backend":
2025-02-09 15:11:09,378 [Worker-129: Launching Celebrateit-backend (13)] INFO  o.e.m.i.launch.MavenLaunchDelegate -  mvn  -B -Dstyle.color=always clean compile
2025-02-09 15:13:17,264 [Worker-127: Building] INFO  o.a.m.s.f.DefaultMavenResourcesFiltering - Copying 1 resource from src\main\resources to target\classes
2025-02-09 15:13:17,277 [Worker-127: Building] INFO  o.a.m.s.f.DefaultMavenResourcesFiltering - Copying 0 resource from src\main\resources to target\classes
2025-02-09 15:13:17,282 [Worker-127: Building] INFO  o.a.m.s.f.DefaultMavenResourcesFiltering - skip non existing resourceDirectory C:\Users\Samruddhi\OneDrive\Desktop\cdac-project\Celebrateit-backend\Celebrateit-backend\src\test\resources
2025-02-09 15:13:48,931 [Worker-114: Building] INFO  o.a.m.s.f.DefaultMavenResourcesFiltering - Copying 1 resource from src\main\resources to target\classes
2025-02-09 15:13:48,942 [Worker-114: Building] INFO  o.a.m.s.f.DefaultMavenResourcesFiltering - Copying 0 resource from src\main\resources to target\classes
2025-02-09 15:13:48,945 [Worker-114: Building] INFO  o.a.m.s.f.DefaultMavenResourcesFiltering - skip non existing resourceDirectory C:\Users\Samruddhi\OneDrive\Desktop\cdac-project\Celebrateit-backend\Celebrateit-backend\src\test\resources
2025-02-09 15:14:03,947 [Worker-130: Building] INFO  o.a.m.s.f.DefaultMavenResourcesFiltering - Copying 1 resource from src\main\resources to target\classes
2025-02-09 15:14:03,958 [Worker-130: Building] INFO  o.a.m.s.f.DefaultMavenResourcesFiltering - Copying 0 resource from src\main\resources to target\classes
2025-02-09 15:14:03,962 [Worker-130: Building] INFO  o.a.m.s.f.DefaultMavenResourcesFiltering - skip non existing resourceDirectory C:\Users\Samruddhi\OneDrive\Desktop\cdac-project\Celebrateit-backend\Celebrateit-backend\src\test\resources
2025-02-09 15:14:46,805 [Worker-114: Building] INFO  o.a.m.s.f.DefaultMavenResourcesFiltering - Copying 1 resource from src\main\resources to target\classes
2025-02-09 15:14:46,813 [Worker-114: Building] INFO  o.a.m.s.f.DefaultMavenResourcesFiltering - Copying 0 resource from src\main\resources to target\classes
2025-02-09 15:14:46,816 [Worker-114: Building] INFO  o.a.m.s.f.DefaultMavenResourcesFiltering - skip non existing resourceDirectory C:\Users\Samruddhi\OneDrive\Desktop\cdac-project\Celebrateit-backend\Celebrateit-backend\src\test\resources
2025-02-09 15:19:54,755 [Worker-133: Building] INFO  o.a.m.s.f.DefaultMavenResourcesFiltering - Copying 1 resource from src\main\resources to target\classes
2025-02-09 15:19:54,767 [Worker-133: Building] INFO  o.a.m.s.f.DefaultMavenResourcesFiltering - Copying 0 resource from src\main\resources to target\classes
2025-02-09 15:19:54,771 [Worker-133: Building] INFO  o.a.m.s.f.DefaultMavenResourcesFiltering - skip non existing resourceDirectory C:\Users\Samruddhi\OneDrive\Desktop\cdac-project\Celebrateit-backend\Celebrateit-backend\src\test\resources
2025-02-09 15:22:54,157 [Worker-136: Building] INFO  o.a.m.s.f.DefaultMavenResourcesFiltering - Copying 1 resource from src\main\resources to target\classes
2025-02-09 15:22:54,171 [Worker-136: Building] INFO  o.a.m.s.f.DefaultMavenResourcesFiltering - Copying 0 resource from src\main\resources to target\classes
2025-02-09 15:22:54,176 [Worker-136: Building] INFO  o.a.m.s.f.DefaultMavenResourcesFiltering - skip non existing resourceDirectory C:\Users\Samruddhi\OneDrive\Desktop\cdac-project\Celebrateit-backend\Celebrateit-backend\src\test\resources
2025-02-09 15:23:11,217 [Worker-132: Building] INFO  o.a.m.s.f.DefaultMavenResourcesFiltering - Copying 1 resource from src\main\resources to target\classes
2025-02-09 15:23:11,227 [Worker-132: Building] INFO  o.a.m.s.f.DefaultMavenResourcesFiltering - Copying 0 resource from src\main\resources to target\classes
2025-02-09 15:23:11,231 [Worker-132: Building] INFO  o.a.m.s.f.DefaultMavenResourcesFiltering - skip non existing resourceDirectory C:\Users\Samruddhi\OneDrive\Desktop\cdac-project\Celebrateit-backend\Celebrateit-backend\src\test\resources
2025-02-09 15:23:29,366 [Worker-136: Building] INFO  o.a.m.s.f.DefaultMavenResourcesFiltering - Copying 1 resource from src\main\resources to target\classes
2025-02-09 15:23:29,378 [Worker-136: Building] INFO  o.a.m.s.f.DefaultMavenResourcesFiltering - Copying 0 resource from src\main\resources to target\classes
2025-02-09 15:23:29,382 [Worker-136: Building] INFO  o.a.m.s.f.DefaultMavenResourcesFiltering - skip non existing resourceDirectory C:\Users\Samruddhi\OneDrive\Desktop\cdac-project\Celebrateit-backend\Celebrateit-backend\src\test\resources
2025-02-09 15:23:46,333 [Worker-132: Building] INFO  o.a.m.s.f.DefaultMavenResourcesFiltering - Copying 1 resource from src\main\resources to target\classes
2025-02-09 15:23:46,343 [Worker-132: Building] INFO  o.a.m.s.f.DefaultMavenResourcesFiltering - Copying 0 resource from src\main\resources to target\classes
2025-02-09 15:23:46,347 [Worker-132: Building] INFO  o.a.m.s.f.DefaultMavenResourcesFiltering - skip non existing resourceDirectory C:\Users\Samruddhi\OneDrive\Desktop\cdac-project\Celebrateit-backend\Celebrateit-backend\src\test\resources
2025-02-09 15:35:51,166 [Worker-4: Loading available Gradle versions] INFO  o.e.b.c.i.u.g.PublishedGradleVersions - Gradle version information cache is out-of-date. Trying to update.
2025-02-09 15:49:30,249 [Worker-16: Building] INFO  o.a.m.s.f.DefaultMavenResourcesFiltering - Copying 1 resource from src\main\resources to target\classes
2025-02-09 15:49:30,292 [Worker-16: Building] INFO  o.a.m.s.f.DefaultMavenResourcesFiltering - Copying 0 resource from src\main\resources to target\classes
2025-02-09 15:49:30,309 [Worker-16: Building] INFO  o.a.m.s.f.DefaultMavenResourcesFiltering - skip non existing resourceDirectory C:\Users\Samruddhi\OneDrive\Desktop\cdac-project\Celebrateit-backend\Celebrateit-backend\src\test\resources
2025-02-09 15:50:22,176 [Worker-39: Building] INFO  o.a.m.s.f.DefaultMavenResourcesFiltering - Copying 1 resource from src\main\resources to target\classes
2025-02-09 15:50:22,186 [Worker-39: Building] INFO  o.a.m.s.f.DefaultMavenResourcesFiltering - Copying 0 resource from src\main\resources to target\classes
2025-02-09 15:50:22,191 [Worker-39: Building] INFO  o.a.m.s.f.DefaultMavenResourcesFiltering - skip non existing resourceDirectory C:\Users\Samruddhi\OneDrive\Desktop\cdac-project\Celebrateit-backend\Celebrateit-backend\src\test\resources
2025-02-09 15:52:50,234 [Worker-44: Building] INFO  o.a.m.s.f.DefaultMavenResourcesFiltering - Copying 1 resource from src\main\resources to target\classes
2025-02-09 15:52:50,253 [Worker-44: Building] INFO  o.a.m.s.f.DefaultMavenResourcesFiltering - Copying 0 resource from src\main\resources to target\classes
2025-02-09 15:52:50,258 [Worker-44: Building] INFO  o.a.m.s.f.DefaultMavenResourcesFiltering - skip non existing resourceDirectory C:\Users\Samruddhi\OneDrive\Desktop\cdac-project\Celebrateit-backend\Celebrateit-backend\src\test\resources
2025-02-09 15:58:02,499 [Worker-49: Building] INFO  o.a.m.s.f.DefaultMavenResourcesFiltering - Copying 1 resource from src\main\resources to target\classes
2025-02-09 15:58:02,510 [Worker-49: Building] INFO  o.a.m.s.f.DefaultMavenResourcesFiltering - Copying 0 resource from src\main\resources to target\classes
2025-02-09 15:58:02,516 [Worker-49: Building] INFO  o.a.m.s.f.DefaultMavenResourcesFiltering - skip non existing resourceDirectory C:\Users\Samruddhi\OneDrive\Desktop\cdac-project\Celebrateit-backend\Celebrateit-backend\src\test\resources
2025-02-09 15:59:21,688 [Worker-44: Building] INFO  o.a.m.s.f.DefaultMavenResourcesFiltering - Copying 1 resource from src\main\resources to target\classes
2025-02-09 15:59:21,694 [Worker-44: Building] INFO  o.a.m.s.f.DefaultMavenResourcesFiltering - Copying 0 resource from src\main\resources to target\classes
2025-02-09 15:59:21,698 [Worker-44: Building] INFO  o.a.m.s.f.DefaultMavenResourcesFiltering - skip non existing resourceDirectory C:\Users\Samruddhi\OneDrive\Desktop\cdac-project\Celebrateit-backend\Celebrateit-backend\src\test\resources
2025-02-09 16:00:04,266 [Worker-50: Building] INFO  o.a.m.s.f.DefaultMavenResourcesFiltering - Copying 1 resource from src\main\resources to target\classes
2025-02-09 16:00:04,285 [Worker-50: Building] INFO  o.a.m.s.f.DefaultMavenResourcesFiltering - Copying 0 resource from src\main\resources to target\classes
2025-02-09 16:00:04,293 [Worker-50: Building] INFO  o.a.m.s.f.DefaultMavenResourcesFiltering - skip non existing resourceDirectory C:\Users\Samruddhi\OneDrive\Desktop\cdac-project\Celebrateit-backend\Celebrateit-backend\src\test\resources
2025-02-09 18:33:59,561 [Worker-86: Building] INFO  o.a.m.s.f.DefaultMavenResourcesFiltering - Copying 1 resource from src\main\resources to target\classes
2025-02-09 18:33:59,679 [Worker-86: Building] INFO  o.a.m.s.f.DefaultMavenResourcesFiltering - Copying 0 resource from src\main\resources to target\classes
2025-02-09 18:33:59,685 [Worker-86: Building] INFO  o.a.m.s.f.DefaultMavenResourcesFiltering - skip non existing resourceDirectory C:\Users\Samruddhi\OneDrive\Desktop\cdac-project\Celebrateit-backend\Celebrateit-backend\src\test\resources
2025-02-09 18:34:16,863 [Worker-90: Building] INFO  o.a.m.s.f.DefaultMavenResourcesFiltering - Copying 1 resource from src\main\resources to target\classes
2025-02-09 18:34:16,872 [Worker-90: Building] INFO  o.a.m.s.f.DefaultMavenResourcesFiltering - Copying 0 resource from src\main\resources to target\classes
2025-02-09 18:34:16,876 [Worker-90: Building] INFO  o.a.m.s.f.DefaultMavenResourcesFiltering - skip non existing resourceDirectory C:\Users\Samruddhi\OneDrive\Desktop\cdac-project\Celebrateit-backend\Celebrateit-backend\src\test\resources
2025-02-09 18:35:12,362 [Worker-91: Building] INFO  o.a.m.s.f.DefaultMavenResourcesFiltering - Copying 1 resource from src\main\resources to target\classes
2025-02-09 18:35:12,367 [Worker-91: Building] INFO  o.a.m.s.f.DefaultMavenResourcesFiltering - Copying 0 resource from src\main\resources to target\classes
2025-02-09 18:35:12,371 [Worker-91: Building] INFO  o.a.m.s.f.DefaultMavenResourcesFiltering - skip non existing resourceDirectory C:\Users\Samruddhi\OneDrive\Desktop\cdac-project\Celebrateit-backend\Celebrateit-backend\src\test\resources
2025-02-09 18:36:04,617 [Worker-91: Building] INFO  o.a.m.s.f.DefaultMavenResourcesFiltering - Copying 1 resource from src\main\resources to target\classes
2025-02-09 18:36:04,623 [Worker-91: Building] INFO  o.a.m.s.f.DefaultMavenResourcesFiltering - Copying 0 resource from src\main\resources to target\classes
2025-02-09 18:36:04,628 [Worker-91: Building] INFO  o.a.m.s.f.DefaultMavenResourcesFiltering - skip non existing resourceDirectory C:\Users\Samruddhi\OneDrive\Desktop\cdac-project\Celebrateit-backend\Celebrateit-backend\src\test\resources
2025-02-09 19:18:53,656 [Worker-98: Building] INFO  o.a.m.s.f.DefaultMavenResourcesFiltering - Copying 1 resource from src\main\resources to target\classes
2025-02-09 19:18:53,664 [Worker-98: Building] INFO  o.a.m.s.f.DefaultMavenResourcesFiltering - Copying 0 resource from src\main\resources to target\classes
2025-02-09 19:18:53,669 [Worker-98: Building] INFO  o.a.m.s.f.DefaultMavenResourcesFiltering - skip non existing resourceDirectory C:\Users\Samruddhi\OneDrive\Desktop\cdac-project\Celebrateit-backend\Celebrateit-backend\src\test\resources
2025-02-09 19:23:13,623 [Worker-98: Building] INFO  o.a.m.s.f.DefaultMavenResourcesFiltering - Copying 1 resource from src\main\resources to target\classes
2025-02-09 19:23:13,639 [Worker-98: Building] INFO  o.a.m.s.f.DefaultMavenResourcesFiltering - Copying 0 resource from src\main\resources to target\classes
2025-02-09 19:23:13,647 [Worker-98: Building] INFO  o.a.m.s.f.DefaultMavenResourcesFiltering - skip non existing resourceDirectory C:\Users\Samruddhi\OneDrive\Desktop\cdac-project\Celebrateit-backend\Celebrateit-backend\src\test\resources
2025-02-09 19:23:31,733 [Worker-99: Building] INFO  o.a.m.s.f.DefaultMavenResourcesFiltering - Copying 1 resource from src\main\resources to target\classes
2025-02-09 19:23:31,740 [Worker-99: Building] INFO  o.a.m.s.f.DefaultMavenResourcesFiltering - Copying 0 resource from src\main\resources to target\classes
2025-02-09 19:23:31,748 [Worker-99: Building] INFO  o.a.m.s.f.DefaultMavenResourcesFiltering - skip non existing resourceDirectory C:\Users\Samruddhi\OneDrive\Desktop\cdac-project\Celebrateit-backend\Celebrateit-backend\src\test\resources
2025-02-09 19:24:37,284 [Worker-101: Building] INFO  o.a.m.s.f.DefaultMavenResourcesFiltering - Copying 1 resource from src\main\resources to target\classes
2025-02-09 19:24:37,291 [Worker-101: Building] INFO  o.a.m.s.f.DefaultMavenResourcesFiltering - Copying 0 resource from src\main\resources to target\classes
2025-02-09 19:24:37,298 [Worker-101: Building] INFO  o.a.m.s.f.DefaultMavenResourcesFiltering - skip non existing resourceDirectory C:\Users\Samruddhi\OneDrive\Desktop\cdac-project\Celebrateit-backend\Celebrateit-backend\src\test\resources
2025-02-09 19:24:45,964 [Worker-98: Building] INFO  o.a.m.s.f.DefaultMavenResourcesFiltering - Copying 1 resource from src\main\resources to target\classes
2025-02-09 19:24:45,970 [Worker-98: Building] INFO  o.a.m.s.f.DefaultMavenResourcesFiltering - Copying 0 resource from src\main\resources to target\classes
2025-02-09 19:24:45,977 [Worker-98: Building] INFO  o.a.m.s.f.DefaultMavenResourcesFiltering - skip non existing resourceDirectory C:\Users\Samruddhi\OneDrive\Desktop\cdac-project\Celebrateit-backend\Celebrateit-backend\src\test\resources
2025-02-09 21:59:02,549 [Worker-117: Building] INFO  o.a.m.s.f.DefaultMavenResourcesFiltering - Copying 1 resource from src\main\resources to target\classes
2025-02-09 21:59:02,600 [Worker-117: Building] INFO  o.a.m.s.f.DefaultMavenResourcesFiltering - Copying 0 resource from src\main\resources to target\classes
2025-02-09 21:59:02,603 [Worker-117: Building] INFO  o.a.m.s.f.DefaultMavenResourcesFiltering - skip non existing resourceDirectory C:\Users\Samruddhi\OneDrive\Desktop\cdac-project\Celebrateit-backend\Celebrateit-backend\src\test\resources
2025-02-09 22:10:47,521 [Worker-118: Building] INFO  o.a.m.s.f.DefaultMavenResourcesFiltering - Copying 1 resource from src\main\resources to target\classes
2025-02-09 22:10:47,565 [Worker-118: Building] INFO  o.a.m.s.f.DefaultMavenResourcesFiltering - Copying 0 resource from src\main\resources to target\classes
2025-02-09 22:10:47,568 [Worker-118: Building] INFO  o.a.m.s.f.DefaultMavenResourcesFiltering - skip non existing resourceDirectory C:\Users\Samruddhi\OneDrive\Desktop\cdac-project\Celebrateit-backend\Celebrateit-backend\src\test\resources
2025-02-09 22:11:02,742 [Worker-118: Building] INFO  o.a.m.s.f.DefaultMavenResourcesFiltering - Copying 1 resource from src\main\resources to target\classes
2025-02-09 22:11:02,753 [Worker-118: Building] INFO  o.a.m.s.f.DefaultMavenResourcesFiltering - Copying 0 resource from src\main\resources to target\classes
2025-02-09 22:11:02,758 [Worker-118: Building] INFO  o.a.m.s.f.DefaultMavenResourcesFiltering - skip non existing resourceDirectory C:\Users\Samruddhi\OneDrive\Desktop\cdac-project\Celebrateit-backend\Celebrateit-backend\src\test\resources
2025-02-09 22:11:52,455 [Worker-118: Building] INFO  o.a.m.s.f.DefaultMavenResourcesFiltering - Copying 1 resource from src\main\resources to target\classes
2025-02-09 22:11:52,460 [Worker-118: Building] INFO  o.a.m.s.f.DefaultMavenResourcesFiltering - Copying 0 resource from src\main\resources to target\classes
2025-02-09 22:11:52,462 [Worker-118: Building] INFO  o.a.m.s.f.DefaultMavenResourcesFiltering - skip non existing resourceDirectory C:\Users\Samruddhi\OneDrive\Desktop\cdac-project\Celebrateit-backend\Celebrateit-backend\src\test\resources
2025-02-09 22:46:26,884 [Worker-136: Building] INFO  o.a.m.s.f.DefaultMavenResourcesFiltering - Copying 1 resource from src\main\resources to target\classes
2025-02-09 22:46:26,900 [Worker-136: Building] INFO  o.a.m.s.f.DefaultMavenResourcesFiltering - Copying 0 resource from src\main\resources to target\classes
2025-02-09 22:46:26,904 [Worker-136: Building] INFO  o.a.m.s.f.DefaultMavenResourcesFiltering - skip non existing resourceDirectory C:\Users\Samruddhi\OneDrive\Desktop\cdac-project\Celebrateit-backend\Celebrateit-backend\src\test\resources
2025-02-09 22:46:48,081 [Worker-136: Building] INFO  o.a.m.s.f.DefaultMavenResourcesFiltering - Copying 1 resource from src\main\resources to target\classes
2025-02-09 22:46:48,090 [Worker-136: Building] INFO  o.a.m.s.f.DefaultMavenResourcesFiltering - Copying 0 resource from src\main\resources to target\classes
2025-02-09 22:46:48,098 [Worker-136: Building] INFO  o.a.m.s.f.DefaultMavenResourcesFiltering - skip non existing resourceDirectory C:\Users\Samruddhi\OneDrive\Desktop\cdac-project\Celebrateit-backend\Celebrateit-backend\src\test\resources
2025-02-09 22:48:50,906 [Worker-139: Building] INFO  o.a.m.s.f.DefaultMavenResourcesFiltering - Copying 1 resource from src\main\resources to target\classes
2025-02-09 22:48:50,913 [Worker-139: Building] INFO  o.a.m.s.f.DefaultMavenResourcesFiltering - Copying 0 resource from src\main\resources to target\classes
2025-02-09 22:48:50,916 [Worker-139: Building] INFO  o.a.m.s.f.DefaultMavenResourcesFiltering - skip non existing resourceDirectory C:\Users\Samruddhi\OneDrive\Desktop\cdac-project\Celebrateit-backend\Celebrateit-backend\src\test\resources
2025-02-09 22:49:33,077 [Worker-139: Building] INFO  o.a.m.s.f.DefaultMavenResourcesFiltering - Copying 1 resource from src\main\resources to target\classes
2025-02-09 22:49:33,083 [Worker-139: Building] INFO  o.a.m.s.f.DefaultMavenResourcesFiltering - Copying 0 resource from src\main\resources to target\classes
2025-02-09 22:49:33,090 [Worker-139: Building] INFO  o.a.m.s.f.DefaultMavenResourcesFiltering - skip non existing resourceDirectory C:\Users\Samruddhi\OneDrive\Desktop\cdac-project\Celebrateit-backend\Celebrateit-backend\src\test\resources
2025-02-09 22:50:49,825 [Worker-136: Building] INFO  o.a.m.s.f.DefaultMavenResourcesFiltering - Copying 1 resource from src\main\resources to target\classes
2025-02-09 22:50:49,831 [Worker-136: Building] INFO  o.a.m.s.f.DefaultMavenResourcesFiltering - Copying 0 resource from src\main\resources to target\classes
2025-02-09 22:50:49,834 [Worker-136: Building] INFO  o.a.m.s.f.DefaultMavenResourcesFiltering - skip non existing resourceDirectory C:\Users\Samruddhi\OneDrive\Desktop\cdac-project\Celebrateit-backend\Celebrateit-backend\src\test\resources
2025-02-09 22:52:26,488 [Worker-138: Building] INFO  o.a.m.s.f.DefaultMavenResourcesFiltering - Copying 1 resource from src\main\resources to target\classes
2025-02-09 22:52:26,492 [Worker-138: Building] INFO  o.a.m.s.f.DefaultMavenResourcesFiltering - Copying 0 resource from src\main\resources to target\classes
2025-02-09 22:52:26,494 [Worker-138: Building] INFO  o.a.m.s.f.DefaultMavenResourcesFiltering - skip non existing resourceDirectory C:\Users\Samruddhi\OneDrive\Desktop\cdac-project\Celebrateit-backend\Celebrateit-backend\src\test\resources
2025-02-09 22:53:48,559 [Worker-137: Building] INFO  o.a.m.s.f.DefaultMavenResourcesFiltering - Copying 1 resource from src\main\resources to target\classes
2025-02-09 22:53:48,564 [Worker-137: Building] INFO  o.a.m.s.f.DefaultMavenResourcesFiltering - Copying 0 resource from src\main\resources to target\classes
2025-02-09 22:53:48,568 [Worker-137: Building] INFO  o.a.m.s.f.DefaultMavenResourcesFiltering - skip non existing resourceDirectory C:\Users\Samruddhi\OneDrive\Desktop\cdac-project\Celebrateit-backend\Celebrateit-backend\src\test\resources
2025-02-09 22:56:33,519 [Worker-139: Building] INFO  o.a.m.s.f.DefaultMavenResourcesFiltering - Copying 1 resource from src\main\resources to target\classes
2025-02-09 22:56:33,524 [Worker-139: Building] INFO  o.a.m.s.f.DefaultMavenResourcesFiltering - Copying 0 resource from src\main\resources to target\classes
2025-02-09 22:56:33,526 [Worker-139: Building] INFO  o.a.m.s.f.DefaultMavenResourcesFiltering - skip non existing resourceDirectory C:\Users\Samruddhi\OneDrive\Desktop\cdac-project\Celebrateit-backend\Celebrateit-backend\src\test\resources
2025-02-09 22:56:57,665 [Worker-139: Launching Celebrateit-backend (13)] INFO  o.eclipse.m2e.core.internal.Bundles - getClasspathEntries(Bundle=org.eclipse.m2e.maven.runtime_3.9.900.20240824-1409 [359])
2025-02-09 22:56:57,669 [Worker-139: Launching Celebrateit-backend (13)] INFO  o.eclipse.m2e.core.internal.Bundles - 	Entry: D:\sts-4.26.0.RELEASE\plugins\org.eclipse.m2e.maven.runtime_3.9.900.20240824-1409
2025-02-09 22:56:57,669 [Worker-139: Launching Celebrateit-backend (13)] INFO  o.eclipse.m2e.core.internal.Bundles - 	Entry: D:\sts-4.26.0.RELEASE\plugins\org.eclipse.m2e.maven.runtime_3.9.900.20240824-1409\jars\aopalliance-1.0.jar
2025-02-09 22:56:57,669 [Worker-139: Launching Celebrateit-backend (13)] INFO  o.eclipse.m2e.core.internal.Bundles - 	Entry: D:\sts-4.26.0.RELEASE\plugins\org.eclipse.m2e.maven.runtime_3.9.900.20240824-1409\jars\guice-5.1.0.jar
2025-02-09 22:56:57,670 [Worker-139: Launching Celebrateit-backend (13)] INFO  o.eclipse.m2e.core.internal.Bundles - 	Entry: D:\sts-4.26.0.RELEASE\plugins\org.eclipse.m2e.maven.runtime_3.9.900.20240824-1409\jars\httpclient-4.5.14.jar
2025-02-09 22:56:57,670 [Worker-139: Launching Celebrateit-backend (13)] INFO  o.eclipse.m2e.core.internal.Bundles - 	Entry: D:\sts-4.26.0.RELEASE\plugins\org.eclipse.m2e.maven.runtime_3.9.900.20240824-1409\jars\httpcore-4.4.16.jar
2025-02-09 22:56:57,670 [Worker-139: Launching Celebrateit-backend (13)] INFO  o.eclipse.m2e.core.internal.Bundles - 	Entry: D:\sts-4.26.0.RELEASE\plugins\org.eclipse.m2e.maven.runtime_3.9.900.20240824-1409\jars\jansi-2.4.1.jar
2025-02-09 22:56:57,670 [Worker-139: Launching Celebrateit-backend (13)] INFO  o.eclipse.m2e.core.internal.Bundles - 	Entry: D:\sts-4.26.0.RELEASE\plugins\org.eclipse.m2e.maven.runtime_3.9.900.20240824-1409\jars\jcl-over-slf4j-1.7.36.jar
2025-02-09 22:56:57,671 [Worker-139: Launching Celebrateit-backend (13)] INFO  o.eclipse.m2e.core.internal.Bundles - 	Entry: D:\sts-4.26.0.RELEASE\plugins\org.eclipse.m2e.maven.runtime_3.9.900.20240824-1409\jars\maven-artifact-3.9.9.jar
2025-02-09 22:56:57,671 [Worker-139: Launching Celebrateit-backend (13)] INFO  o.eclipse.m2e.core.internal.Bundles - 	Entry: D:\sts-4.26.0.RELEASE\plugins\org.eclipse.m2e.maven.runtime_3.9.900.20240824-1409\jars\maven-builder-support-3.9.9.jar
2025-02-09 22:56:57,671 [Worker-139: Launching Celebrateit-backend (13)] INFO  o.eclipse.m2e.core.internal.Bundles - 	Entry: D:\sts-4.26.0.RELEASE\plugins\org.eclipse.m2e.maven.runtime_3.9.900.20240824-1409\jars\maven-compat-3.9.9.jar
2025-02-09 22:56:57,671 [Worker-139: Launching Celebrateit-backend (13)] INFO  o.eclipse.m2e.core.internal.Bundles - 	Entry: D:\sts-4.26.0.RELEASE\plugins\org.eclipse.m2e.maven.runtime_3.9.900.20240824-1409\jars\maven-core-3.9.9.jar
2025-02-09 22:56:57,671 [Worker-139: Launching Celebrateit-backend (13)] INFO  o.eclipse.m2e.core.internal.Bundles - 	Entry: D:\sts-4.26.0.RELEASE\plugins\org.eclipse.m2e.maven.runtime_3.9.900.20240824-1409\jars\maven-embedder-3.9.9.jar
2025-02-09 22:56:57,671 [Worker-139: Launching Celebrateit-backend (13)] INFO  o.eclipse.m2e.core.internal.Bundles - 	Entry: D:\sts-4.26.0.RELEASE\plugins\org.eclipse.m2e.maven.runtime_3.9.900.20240824-1409\jars\maven-model-3.9.9.jar
2025-02-09 22:56:57,671 [Worker-139: Launching Celebrateit-backend (13)] INFO  o.eclipse.m2e.core.internal.Bundles - 	Entry: D:\sts-4.26.0.RELEASE\plugins\org.eclipse.m2e.maven.runtime_3.9.900.20240824-1409\jars\maven-model-builder-3.9.9.jar
2025-02-09 22:56:57,671 [Worker-139: Launching Celebrateit-backend (13)] INFO  o.eclipse.m2e.core.internal.Bundles - 	Entry: D:\sts-4.26.0.RELEASE\plugins\org.eclipse.m2e.maven.runtime_3.9.900.20240824-1409\jars\maven-plugin-api-3.9.9.jar
2025-02-09 22:56:57,671 [Worker-139: Launching Celebrateit-backend (13)] INFO  o.eclipse.m2e.core.internal.Bundles - 	Entry: D:\sts-4.26.0.RELEASE\plugins\org.eclipse.m2e.maven.runtime_3.9.900.20240824-1409\jars\maven-repository-metadata-3.9.9.jar
2025-02-09 22:56:57,671 [Worker-139: Launching Celebrateit-backend (13)] INFO  o.eclipse.m2e.core.internal.Bundles - 	Entry: D:\sts-4.26.0.RELEASE\plugins\org.eclipse.m2e.maven.runtime_3.9.900.20240824-1409\jars\maven-resolver-api-1.9.22.jar
2025-02-09 22:56:57,672 [Worker-139: Launching Celebrateit-backend (13)] INFO  o.eclipse.m2e.core.internal.Bundles - 	Entry: D:\sts-4.26.0.RELEASE\plugins\org.eclipse.m2e.maven.runtime_3.9.900.20240824-1409\jars\maven-resolver-connector-basic-1.9.22.jar
2025-02-09 22:56:57,672 [Worker-139: Launching Celebrateit-backend (13)] INFO  o.eclipse.m2e.core.internal.Bundles - 	Entry: D:\sts-4.26.0.RELEASE\plugins\org.eclipse.m2e.maven.runtime_3.9.900.20240824-1409\jars\maven-resolver-impl-1.9.22.jar
2025-02-09 22:56:57,672 [Worker-139: Launching Celebrateit-backend (13)] INFO  o.eclipse.m2e.core.internal.Bundles - 	Entry: D:\sts-4.26.0.RELEASE\plugins\org.eclipse.m2e.maven.runtime_3.9.900.20240824-1409\jars\maven-resolver-named-locks-1.9.22.jar
2025-02-09 22:56:57,672 [Worker-139: Launching Celebrateit-backend (13)] INFO  o.eclipse.m2e.core.internal.Bundles - 	Entry: D:\sts-4.26.0.RELEASE\plugins\org.eclipse.m2e.maven.runtime_3.9.900.20240824-1409\jars\maven-resolver-provider-3.9.9.jar
2025-02-09 22:56:57,672 [Worker-139: Launching Celebrateit-backend (13)] INFO  o.eclipse.m2e.core.internal.Bundles - 	Entry: D:\sts-4.26.0.RELEASE\plugins\org.eclipse.m2e.maven.runtime_3.9.900.20240824-1409\jars\maven-resolver-spi-1.9.22.jar
2025-02-09 22:56:57,672 [Worker-139: Launching Celebrateit-backend (13)] INFO  o.eclipse.m2e.core.internal.Bundles - 	Entry: D:\sts-4.26.0.RELEASE\plugins\org.eclipse.m2e.maven.runtime_3.9.900.20240824-1409\jars\maven-resolver-transport-file-1.9.22.jar
2025-02-09 22:56:57,672 [Worker-139: Launching Celebrateit-backend (13)] INFO  o.eclipse.m2e.core.internal.Bundles - 	Entry: D:\sts-4.26.0.RELEASE\plugins\org.eclipse.m2e.maven.runtime_3.9.900.20240824-1409\jars\maven-resolver-transport-http-1.9.22.jar
2025-02-09 22:56:57,672 [Worker-139: Launching Celebrateit-backend (13)] INFO  o.eclipse.m2e.core.internal.Bundles - 	Entry: D:\sts-4.26.0.RELEASE\plugins\org.eclipse.m2e.maven.runtime_3.9.900.20240824-1409\jars\maven-resolver-transport-wagon-1.9.22.jar
2025-02-09 22:56:57,673 [Worker-139: Launching Celebrateit-backend (13)] INFO  o.eclipse.m2e.core.internal.Bundles - 	Entry: D:\sts-4.26.0.RELEASE\plugins\org.eclipse.m2e.maven.runtime_3.9.900.20240824-1409\jars\maven-resolver-util-1.9.22.jar
2025-02-09 22:56:57,673 [Worker-139: Launching Celebrateit-backend (13)] INFO  o.eclipse.m2e.core.internal.Bundles - 	Entry: D:\sts-4.26.0.RELEASE\plugins\org.eclipse.m2e.maven.runtime_3.9.900.20240824-1409\jars\maven-settings-3.9.9.jar
2025-02-09 22:56:57,673 [Worker-139: Launching Celebrateit-backend (13)] INFO  o.eclipse.m2e.core.internal.Bundles - 	Entry: D:\sts-4.26.0.RELEASE\plugins\org.eclipse.m2e.maven.runtime_3.9.900.20240824-1409\jars\maven-settings-builder-3.9.9.jar
2025-02-09 22:56:57,673 [Worker-139: Launching Celebrateit-backend (13)] INFO  o.eclipse.m2e.core.internal.Bundles - 	Entry: D:\sts-4.26.0.RELEASE\plugins\org.eclipse.m2e.maven.runtime_3.9.900.20240824-1409\jars\maven-shared-utils-3.4.2.jar
2025-02-09 22:56:57,673 [Worker-139: Launching Celebrateit-backend (13)] INFO  o.eclipse.m2e.core.internal.Bundles - 	Entry: D:\sts-4.26.0.RELEASE\plugins\org.eclipse.m2e.maven.runtime_3.9.900.20240824-1409\jars\org.eclipse.sisu.inject-0.9.0.M3.jar
2025-02-09 22:56:57,673 [Worker-139: Launching Celebrateit-backend (13)] INFO  o.eclipse.m2e.core.internal.Bundles - 	Entry: D:\sts-4.26.0.RELEASE\plugins\org.eclipse.m2e.maven.runtime_3.9.900.20240824-1409\jars\org.eclipse.sisu.plexus-0.9.0.M3.jar
2025-02-09 22:56:57,673 [Worker-139: Launching Celebrateit-backend (13)] INFO  o.eclipse.m2e.core.internal.Bundles - 	Entry: D:\sts-4.26.0.RELEASE\plugins\org.eclipse.m2e.maven.runtime_3.9.900.20240824-1409\jars\plexus-build-api-0.0.7.jar
2025-02-09 22:56:57,673 [Worker-139: Launching Celebrateit-backend (13)] INFO  o.eclipse.m2e.core.internal.Bundles - 	Entry: D:\sts-4.26.0.RELEASE\plugins\org.eclipse.m2e.maven.runtime_3.9.900.20240824-1409\jars\plexus-build-api-1.2.0.jar
2025-02-09 22:56:57,673 [Worker-139: Launching Celebrateit-backend (13)] INFO  o.eclipse.m2e.core.internal.Bundles - 	Entry: D:\sts-4.26.0.RELEASE\plugins\org.eclipse.m2e.maven.runtime_3.9.900.20240824-1409\jars\plexus-cipher-2.0.jar
2025-02-09 22:56:57,673 [Worker-139: Launching Celebrateit-backend (13)] INFO  o.eclipse.m2e.core.internal.Bundles - 	Entry: D:\sts-4.26.0.RELEASE\plugins\org.eclipse.m2e.maven.runtime_3.9.900.20240824-1409\jars\plexus-classworlds-2.8.0.jar
2025-02-09 22:56:57,673 [Worker-139: Launching Celebrateit-backend (13)] INFO  o.eclipse.m2e.core.internal.Bundles - 	Entry: D:\sts-4.26.0.RELEASE\plugins\org.eclipse.m2e.maven.runtime_3.9.900.20240824-1409\jars\plexus-component-annotations-2.1.0.jar
2025-02-09 22:56:57,673 [Worker-139: Launching Celebrateit-backend (13)] INFO  o.eclipse.m2e.core.internal.Bundles - 	Entry: D:\sts-4.26.0.RELEASE\plugins\org.eclipse.m2e.maven.runtime_3.9.900.20240824-1409\jars\plexus-interpolation-1.27.jar
2025-02-09 22:56:57,674 [Worker-139: Launching Celebrateit-backend (13)] INFO  o.eclipse.m2e.core.internal.Bundles - 	Entry: D:\sts-4.26.0.RELEASE\plugins\org.eclipse.m2e.maven.runtime_3.9.900.20240824-1409\jars\plexus-sec-dispatcher-2.0.jar
2025-02-09 22:56:57,674 [Worker-139: Launching Celebrateit-backend (13)] INFO  o.eclipse.m2e.core.internal.Bundles - 	Entry: D:\sts-4.26.0.RELEASE\plugins\org.eclipse.m2e.maven.runtime_3.9.900.20240824-1409\jars\plexus-utils-3.5.1.jar
2025-02-09 22:56:57,674 [Worker-139: Launching Celebrateit-backend (13)] INFO  o.eclipse.m2e.core.internal.Bundles - 	Entry: D:\sts-4.26.0.RELEASE\plugins\org.eclipse.m2e.maven.runtime_3.9.900.20240824-1409\jars\plexus-xml-3.0.1.jar
2025-02-09 22:56:57,675 [Worker-139: Launching Celebrateit-backend (13)] INFO  o.eclipse.m2e.core.internal.Bundles - 	Entry: D:\sts-4.26.0.RELEASE\plugins\org.eclipse.m2e.maven.runtime_3.9.900.20240824-1409\jars\wagon-file-3.5.3.jar
2025-02-09 22:56:57,676 [Worker-139: Launching Celebrateit-backend (13)] INFO  o.eclipse.m2e.core.internal.Bundles - 	Entry: D:\sts-4.26.0.RELEASE\plugins\org.eclipse.m2e.maven.runtime_3.9.900.20240824-1409\jars\wagon-http-3.5.3.jar
2025-02-09 22:56:57,676 [Worker-139: Launching Celebrateit-backend (13)] INFO  o.eclipse.m2e.core.internal.Bundles - 	Entry: D:\sts-4.26.0.RELEASE\plugins\org.eclipse.m2e.maven.runtime_3.9.900.20240824-1409\jars\wagon-http-shared-3.5.3.jar
2025-02-09 22:56:57,676 [Worker-139: Launching Celebrateit-backend (13)] INFO  o.eclipse.m2e.core.internal.Bundles - 	Entry: D:\sts-4.26.0.RELEASE\plugins\org.eclipse.m2e.maven.runtime_3.9.900.20240824-1409\jars\wagon-provider-api-3.5.3.jar
2025-02-09 22:56:57,677 [Worker-139: Launching Celebrateit-backend (13)] INFO  o.eclipse.m2e.core.internal.Bundles - getClasspathEntries(Bundle=com.google.guava_33.3.0.jre [29])
2025-02-09 22:56:57,678 [Worker-139: Launching Celebrateit-backend (13)] INFO  o.eclipse.m2e.core.internal.Bundles - 	Entry: D:\sts-4.26.0.RELEASE\plugins\com.google.guava_33.3.0.jre.jar
2025-02-09 22:56:57,678 [Worker-139: Launching Celebrateit-backend (13)] INFO  o.eclipse.m2e.core.internal.Bundles - getClasspathEntries(Bundle=slf4j.api_2.0.16 [592])
2025-02-09 22:56:57,679 [Worker-139: Launching Celebrateit-backend (13)] INFO  o.eclipse.m2e.core.internal.Bundles - 	Entry: D:\sts-4.26.0.RELEASE\plugins\slf4j.api_2.0.16.jar
2025-02-09 22:56:57,679 [Worker-139: Launching Celebrateit-backend (13)] INFO  o.eclipse.m2e.core.internal.Bundles - getClasspathEntries(Bundle=jakarta.inject.jakarta.inject-api_1.0.5 [45])
2025-02-09 22:56:57,679 [Worker-139: Launching Celebrateit-backend (13)] INFO  o.eclipse.m2e.core.internal.Bundles - 	Entry: D:\sts-4.26.0.RELEASE\plugins\jakarta.inject.jakarta.inject-api_1.0.5.jar
2025-02-09 22:56:57,679 [Worker-139: Launching Celebrateit-backend (13)] INFO  o.eclipse.m2e.core.internal.Bundles - getClasspathEntries(Bundle=jakarta.annotation-api_1.3.5 [41])
2025-02-09 22:56:57,679 [Worker-139: Launching Celebrateit-backend (13)] INFO  o.eclipse.m2e.core.internal.Bundles - 	Entry: D:\sts-4.26.0.RELEASE\plugins\jakarta.annotation-api_1.3.5.jar
2025-02-09 22:56:57,679 [Worker-139: Launching Celebrateit-backend (13)] INFO  o.eclipse.m2e.core.internal.Bundles - getClasspathEntries(Bundle=org.apache.commons.cli_1.9.0 [77])
2025-02-09 22:56:57,679 [Worker-139: Launching Celebrateit-backend (13)] INFO  o.eclipse.m2e.core.internal.Bundles - 	Entry: D:\sts-4.26.0.RELEASE\plugins\org.apache.commons.cli_1.9.0.jar
2025-02-09 22:56:57,679 [Worker-139: Launching Celebrateit-backend (13)] INFO  o.eclipse.m2e.core.internal.Bundles - getClasspathEntries(Bundle=org.apache.commons.commons-codec_1.16.0 [80])
2025-02-09 22:56:57,680 [Worker-139: Launching Celebrateit-backend (13)] INFO  o.eclipse.m2e.core.internal.Bundles - 	Entry: D:\sts-4.26.0.RELEASE\plugins\org.apache.commons.commons-codec_1.16.0.jar
2025-02-09 22:56:57,680 [Worker-139: Launching Celebrateit-backend (13)] INFO  o.eclipse.m2e.core.internal.Bundles - getClasspathEntries(Bundle=com.google.guava.failureaccess_1.0.2 [30])
2025-02-09 22:56:57,680 [Worker-139: Launching Celebrateit-backend (13)] INFO  o.eclipse.m2e.core.internal.Bundles - 	Entry: D:\sts-4.26.0.RELEASE\plugins\com.google.guava.failureaccess_1.0.2.jar
2025-02-09 22:56:57,684 [Worker-139: Launching Celebrateit-backend (13)] INFO  o.e.m.i.launch.MavenLaunchDelegate - Run build in "C:\Users\Samruddhi\OneDrive\Desktop\cdac-project\Celebrateit-backend\Celebrateit-backend":
2025-02-09 22:56:57,684 [Worker-139: Launching Celebrateit-backend (13)] INFO  o.e.m.i.launch.MavenLaunchDelegate -  mvn  -B -Dstyle.color=always clean compile
2025-02-09 22:56:57,806 [Worker-88: Building] INFO  o.a.m.s.f.DefaultMavenResourcesFiltering - Copying 1 resource from src\main\resources to target\classes
2025-02-09 22:56:57,811 [Worker-88: Building] INFO  o.a.m.s.f.DefaultMavenResourcesFiltering - Copying 0 resource from src\main\resources to target\classes
2025-02-09 22:56:57,813 [Worker-88: Building] INFO  o.a.m.s.f.DefaultMavenResourcesFiltering - skip non existing resourceDirectory C:\Users\Samruddhi\OneDrive\Desktop\cdac-project\Celebrateit-backend\Celebrateit-backend\src\test\resources
2025-02-09 22:57:09,349 [Worker-140: Building] INFO  o.a.m.s.f.DefaultMavenResourcesFiltering - Copying 1 resource from src\main\resources to target\classes
2025-02-09 22:57:09,353 [Worker-140: Building] INFO  o.a.m.s.f.DefaultMavenResourcesFiltering - Copying 0 resource from src\main\resources to target\classes
2025-02-09 22:57:09,354 [Worker-140: Building] INFO  o.a.m.s.f.DefaultMavenResourcesFiltering - skip non existing resourceDirectory C:\Users\Samruddhi\OneDrive\Desktop\cdac-project\Celebrateit-backend\Celebrateit-backend\src\test\resources
2025-02-09 22:57:43,823 [Worker-136: Building] INFO  o.a.m.s.f.DefaultMavenResourcesFiltering - Copying 1 resource from src\main\resources to target\classes
2025-02-09 22:57:43,828 [Worker-136: Building] INFO  o.a.m.s.f.DefaultMavenResourcesFiltering - Copying 0 resource from src\main\resources to target\classes
2025-02-09 22:57:43,830 [Worker-136: Building] INFO  o.a.m.s.f.DefaultMavenResourcesFiltering - skip non existing resourceDirectory C:\Users\Samruddhi\OneDrive\Desktop\cdac-project\Celebrateit-backend\Celebrateit-backend\src\test\resources
2025-02-09 22:57:58,178 [Worker-140: Building] INFO  o.a.m.s.f.DefaultMavenResourcesFiltering - Copying 1 resource from src\main\resources to target\classes
2025-02-09 22:57:58,183 [Worker-140: Building] INFO  o.a.m.s.f.DefaultMavenResourcesFiltering - Copying 0 resource from src\main\resources to target\classes
2025-02-09 22:57:58,187 [Worker-140: Building] INFO  o.a.m.s.f.DefaultMavenResourcesFiltering - skip non existing resourceDirectory C:\Users\Samruddhi\OneDrive\Desktop\cdac-project\Celebrateit-backend\Celebrateit-backend\src\test\resources
2025-02-09 22:58:08,558 [Worker-140: Launching Celebrateit-backend (13)] INFO  o.eclipse.m2e.core.internal.Bundles - getClasspathEntries(Bundle=org.eclipse.m2e.maven.runtime_3.9.900.20240824-1409 [359])
2025-02-09 22:58:08,559 [Worker-140: Launching Celebrateit-backend (13)] INFO  o.eclipse.m2e.core.internal.Bundles - 	Entry: D:\sts-4.26.0.RELEASE\plugins\org.eclipse.m2e.maven.runtime_3.9.900.20240824-1409
2025-02-09 22:58:08,559 [Worker-140: Launching Celebrateit-backend (13)] INFO  o.eclipse.m2e.core.internal.Bundles - 	Entry: D:\sts-4.26.0.RELEASE\plugins\org.eclipse.m2e.maven.runtime_3.9.900.20240824-1409\jars\aopalliance-1.0.jar
2025-02-09 22:58:08,559 [Worker-140: Launching Celebrateit-backend (13)] INFO  o.eclipse.m2e.core.internal.Bundles - 	Entry: D:\sts-4.26.0.RELEASE\plugins\org.eclipse.m2e.maven.runtime_3.9.900.20240824-1409\jars\guice-5.1.0.jar
2025-02-09 22:58:08,559 [Worker-140: Launching Celebrateit-backend (13)] INFO  o.eclipse.m2e.core.internal.Bundles - 	Entry: D:\sts-4.26.0.RELEASE\plugins\org.eclipse.m2e.maven.runtime_3.9.900.20240824-1409\jars\httpclient-4.5.14.jar
2025-02-09 22:58:08,559 [Worker-140: Launching Celebrateit-backend (13)] INFO  o.eclipse.m2e.core.internal.Bundles - 	Entry: D:\sts-4.26.0.RELEASE\plugins\org.eclipse.m2e.maven.runtime_3.9.900.20240824-1409\jars\httpcore-4.4.16.jar
2025-02-09 22:58:08,559 [Worker-140: Launching Celebrateit-backend (13)] INFO  o.eclipse.m2e.core.internal.Bundles - 	Entry: D:\sts-4.26.0.RELEASE\plugins\org.eclipse.m2e.maven.runtime_3.9.900.20240824-1409\jars\jansi-2.4.1.jar
2025-02-09 22:58:08,559 [Worker-140: Launching Celebrateit-backend (13)] INFO  o.eclipse.m2e.core.internal.Bundles - 	Entry: D:\sts-4.26.0.RELEASE\plugins\org.eclipse.m2e.maven.runtime_3.9.900.20240824-1409\jars\jcl-over-slf4j-1.7.36.jar
2025-02-09 22:58:08,559 [Worker-140: Launching Celebrateit-backend (13)] INFO  o.eclipse.m2e.core.internal.Bundles - 	Entry: D:\sts-4.26.0.RELEASE\plugins\org.eclipse.m2e.maven.runtime_3.9.900.20240824-1409\jars\maven-artifact-3.9.9.jar
2025-02-09 22:58:08,559 [Worker-140: Launching Celebrateit-backend (13)] INFO  o.eclipse.m2e.core.internal.Bundles - 	Entry: D:\sts-4.26.0.RELEASE\plugins\org.eclipse.m2e.maven.runtime_3.9.900.20240824-1409\jars\maven-builder-support-3.9.9.jar
2025-02-09 22:58:08,559 [Worker-140: Launching Celebrateit-backend (13)] INFO  o.eclipse.m2e.core.internal.Bundles - 	Entry: D:\sts-4.26.0.RELEASE\plugins\org.eclipse.m2e.maven.runtime_3.9.900.20240824-1409\jars\maven-compat-3.9.9.jar
2025-02-09 22:58:08,560 [Worker-140: Launching Celebrateit-backend (13)] INFO  o.eclipse.m2e.core.internal.Bundles - 	Entry: D:\sts-4.26.0.RELEASE\plugins\org.eclipse.m2e.maven.runtime_3.9.900.20240824-1409\jars\maven-core-3.9.9.jar
2025-02-09 22:58:08,560 [Worker-140: Launching Celebrateit-backend (13)] INFO  o.eclipse.m2e.core.internal.Bundles - 	Entry: D:\sts-4.26.0.RELEASE\plugins\org.eclipse.m2e.maven.runtime_3.9.900.20240824-1409\jars\maven-embedder-3.9.9.jar
2025-02-09 22:58:08,560 [Worker-140: Launching Celebrateit-backend (13)] INFO  o.eclipse.m2e.core.internal.Bundles - 	Entry: D:\sts-4.26.0.RELEASE\plugins\org.eclipse.m2e.maven.runtime_3.9.900.20240824-1409\jars\maven-model-3.9.9.jar
2025-02-09 22:58:08,560 [Worker-140: Launching Celebrateit-backend (13)] INFO  o.eclipse.m2e.core.internal.Bundles - 	Entry: D:\sts-4.26.0.RELEASE\plugins\org.eclipse.m2e.maven.runtime_3.9.900.20240824-1409\jars\maven-model-builder-3.9.9.jar
2025-02-09 22:58:08,560 [Worker-140: Launching Celebrateit-backend (13)] INFO  o.eclipse.m2e.core.internal.Bundles - 	Entry: D:\sts-4.26.0.RELEASE\plugins\org.eclipse.m2e.maven.runtime_3.9.900.20240824-1409\jars\maven-plugin-api-3.9.9.jar
2025-02-09 22:58:08,560 [Worker-140: Launching Celebrateit-backend (13)] INFO  o.eclipse.m2e.core.internal.Bundles - 	Entry: D:\sts-4.26.0.RELEASE\plugins\org.eclipse.m2e.maven.runtime_3.9.900.20240824-1409\jars\maven-repository-metadata-3.9.9.jar
2025-02-09 22:58:08,560 [Worker-140: Launching Celebrateit-backend (13)] INFO  o.eclipse.m2e.core.internal.Bundles - 	Entry: D:\sts-4.26.0.RELEASE\plugins\org.eclipse.m2e.maven.runtime_3.9.900.20240824-1409\jars\maven-resolver-api-1.9.22.jar
2025-02-09 22:58:08,560 [Worker-140: Launching Celebrateit-backend (13)] INFO  o.eclipse.m2e.core.internal.Bundles - 	Entry: D:\sts-4.26.0.RELEASE\plugins\org.eclipse.m2e.maven.runtime_3.9.900.20240824-1409\jars\maven-resolver-connector-basic-1.9.22.jar
2025-02-09 22:58:08,560 [Worker-140: Launching Celebrateit-backend (13)] INFO  o.eclipse.m2e.core.internal.Bundles - 	Entry: D:\sts-4.26.0.RELEASE\plugins\org.eclipse.m2e.maven.runtime_3.9.900.20240824-1409\jars\maven-resolver-impl-1.9.22.jar
2025-02-09 22:58:08,560 [Worker-140: Launching Celebrateit-backend (13)] INFO  o.eclipse.m2e.core.internal.Bundles - 	Entry: D:\sts-4.26.0.RELEASE\plugins\org.eclipse.m2e.maven.runtime_3.9.900.20240824-1409\jars\maven-resolver-named-locks-1.9.22.jar
2025-02-09 22:58:08,560 [Worker-140: Launching Celebrateit-backend (13)] INFO  o.eclipse.m2e.core.internal.Bundles - 	Entry: D:\sts-4.26.0.RELEASE\plugins\org.eclipse.m2e.maven.runtime_3.9.900.20240824-1409\jars\maven-resolver-provider-3.9.9.jar
2025-02-09 22:58:08,560 [Worker-140: Launching Celebrateit-backend (13)] INFO  o.eclipse.m2e.core.internal.Bundles - 	Entry: D:\sts-4.26.0.RELEASE\plugins\org.eclipse.m2e.maven.runtime_3.9.900.20240824-1409\jars\maven-resolver-spi-1.9.22.jar
2025-02-09 22:58:08,560 [Worker-140: Launching Celebrateit-backend (13)] INFO  o.eclipse.m2e.core.internal.Bundles - 	Entry: D:\sts-4.26.0.RELEASE\plugins\org.eclipse.m2e.maven.runtime_3.9.900.20240824-1409\jars\maven-resolver-transport-file-1.9.22.jar
2025-02-09 22:58:08,561 [Worker-140: Launching Celebrateit-backend (13)] INFO  o.eclipse.m2e.core.internal.Bundles - 	Entry: D:\sts-4.26.0.RELEASE\plugins\org.eclipse.m2e.maven.runtime_3.9.900.20240824-1409\jars\maven-resolver-transport-http-1.9.22.jar
2025-02-09 22:58:08,561 [Worker-140: Launching Celebrateit-backend (13)] INFO  o.eclipse.m2e.core.internal.Bundles - 	Entry: D:\sts-4.26.0.RELEASE\plugins\org.eclipse.m2e.maven.runtime_3.9.900.20240824-1409\jars\maven-resolver-transport-wagon-1.9.22.jar
2025-02-09 22:58:08,561 [Worker-140: Launching Celebrateit-backend (13)] INFO  o.eclipse.m2e.core.internal.Bundles - 	Entry: D:\sts-4.26.0.RELEASE\plugins\org.eclipse.m2e.maven.runtime_3.9.900.20240824-1409\jars\maven-resolver-util-1.9.22.jar
2025-02-09 22:58:08,561 [Worker-140: Launching Celebrateit-backend (13)] INFO  o.eclipse.m2e.core.internal.Bundles - 	Entry: D:\sts-4.26.0.RELEASE\plugins\org.eclipse.m2e.maven.runtime_3.9.900.20240824-1409\jars\maven-settings-3.9.9.jar
2025-02-09 22:58:08,561 [Worker-140: Launching Celebrateit-backend (13)] INFO  o.eclipse.m2e.core.internal.Bundles - 	Entry: D:\sts-4.26.0.RELEASE\plugins\org.eclipse.m2e.maven.runtime_3.9.900.20240824-1409\jars\maven-settings-builder-3.9.9.jar
2025-02-09 22:58:08,561 [Worker-140: Launching Celebrateit-backend (13)] INFO  o.eclipse.m2e.core.internal.Bundles - 	Entry: D:\sts-4.26.0.RELEASE\plugins\org.eclipse.m2e.maven.runtime_3.9.900.20240824-1409\jars\maven-shared-utils-3.4.2.jar
2025-02-09 22:58:08,561 [Worker-140: Launching Celebrateit-backend (13)] INFO  o.eclipse.m2e.core.internal.Bundles - 	Entry: D:\sts-4.26.0.RELEASE\plugins\org.eclipse.m2e.maven.runtime_3.9.900.20240824-1409\jars\org.eclipse.sisu.inject-0.9.0.M3.jar
2025-02-09 22:58:08,561 [Worker-140: Launching Celebrateit-backend (13)] INFO  o.eclipse.m2e.core.internal.Bundles - 	Entry: D:\sts-4.26.0.RELEASE\plugins\org.eclipse.m2e.maven.runtime_3.9.900.20240824-1409\jars\org.eclipse.sisu.plexus-0.9.0.M3.jar
2025-02-09 22:58:08,561 [Worker-140: Launching Celebrateit-backend (13)] INFO  o.eclipse.m2e.core.internal.Bundles - 	Entry: D:\sts-4.26.0.RELEASE\plugins\org.eclipse.m2e.maven.runtime_3.9.900.20240824-1409\jars\plexus-build-api-0.0.7.jar
2025-02-09 22:58:08,561 [Worker-140: Launching Celebrateit-backend (13)] INFO  o.eclipse.m2e.core.internal.Bundles - 	Entry: D:\sts-4.26.0.RELEASE\plugins\org.eclipse.m2e.maven.runtime_3.9.900.20240824-1409\jars\plexus-build-api-1.2.0.jar
2025-02-09 22:58:08,561 [Worker-140: Launching Celebrateit-backend (13)] INFO  o.eclipse.m2e.core.internal.Bundles - 	Entry: D:\sts-4.26.0.RELEASE\plugins\org.eclipse.m2e.maven.runtime_3.9.900.20240824-1409\jars\plexus-cipher-2.0.jar
2025-02-09 22:58:08,561 [Worker-140: Launching Celebrateit-backend (13)] INFO  o.eclipse.m2e.core.internal.Bundles - 	Entry: D:\sts-4.26.0.RELEASE\plugins\org.eclipse.m2e.maven.runtime_3.9.900.20240824-1409\jars\plexus-classworlds-2.8.0.jar
2025-02-09 22:58:08,561 [Worker-140: Launching Celebrateit-backend (13)] INFO  o.eclipse.m2e.core.internal.Bundles - 	Entry: D:\sts-4.26.0.RELEASE\plugins\org.eclipse.m2e.maven.runtime_3.9.900.20240824-1409\jars\plexus-component-annotations-2.1.0.jar
2025-02-09 22:58:08,561 [Worker-140: Launching Celebrateit-backend (13)] INFO  o.eclipse.m2e.core.internal.Bundles - 	Entry: D:\sts-4.26.0.RELEASE\plugins\org.eclipse.m2e.maven.runtime_3.9.900.20240824-1409\jars\plexus-interpolation-1.27.jar
2025-02-09 22:58:08,562 [Worker-140: Launching Celebrateit-backend (13)] INFO  o.eclipse.m2e.core.internal.Bundles - 	Entry: D:\sts-4.26.0.RELEASE\plugins\org.eclipse.m2e.maven.runtime_3.9.900.20240824-1409\jars\plexus-sec-dispatcher-2.0.jar
2025-02-09 22:58:08,562 [Worker-140: Launching Celebrateit-backend (13)] INFO  o.eclipse.m2e.core.internal.Bundles - 	Entry: D:\sts-4.26.0.RELEASE\plugins\org.eclipse.m2e.maven.runtime_3.9.900.20240824-1409\jars\plexus-utils-3.5.1.jar
2025-02-09 22:58:08,562 [Worker-140: Launching Celebrateit-backend (13)] INFO  o.eclipse.m2e.core.internal.Bundles - 	Entry: D:\sts-4.26.0.RELEASE\plugins\org.eclipse.m2e.maven.runtime_3.9.900.20240824-1409\jars\plexus-xml-3.0.1.jar
2025-02-09 22:58:08,562 [Worker-140: Launching Celebrateit-backend (13)] INFO  o.eclipse.m2e.core.internal.Bundles - 	Entry: D:\sts-4.26.0.RELEASE\plugins\org.eclipse.m2e.maven.runtime_3.9.900.20240824-1409\jars\wagon-file-3.5.3.jar
2025-02-09 22:58:08,562 [Worker-140: Launching Celebrateit-backend (13)] INFO  o.eclipse.m2e.core.internal.Bundles - 	Entry: D:\sts-4.26.0.RELEASE\plugins\org.eclipse.m2e.maven.runtime_3.9.900.20240824-1409\jars\wagon-http-3.5.3.jar
2025-02-09 22:58:08,562 [Worker-140: Launching Celebrateit-backend (13)] INFO  o.eclipse.m2e.core.internal.Bundles - 	Entry: D:\sts-4.26.0.RELEASE\plugins\org.eclipse.m2e.maven.runtime_3.9.900.20240824-1409\jars\wagon-http-shared-3.5.3.jar
2025-02-09 22:58:08,562 [Worker-140: Launching Celebrateit-backend (13)] INFO  o.eclipse.m2e.core.internal.Bundles - 	Entry: D:\sts-4.26.0.RELEASE\plugins\org.eclipse.m2e.maven.runtime_3.9.900.20240824-1409\jars\wagon-provider-api-3.5.3.jar
2025-02-09 22:58:08,562 [Worker-140: Launching Celebrateit-backend (13)] INFO  o.eclipse.m2e.core.internal.Bundles - getClasspathEntries(Bundle=com.google.guava_33.3.0.jre [29])
2025-02-09 22:58:08,562 [Worker-140: Launching Celebrateit-backend (13)] INFO  o.eclipse.m2e.core.internal.Bundles - 	Entry: D:\sts-4.26.0.RELEASE\plugins\com.google.guava_33.3.0.jre.jar
2025-02-09 22:58:08,562 [Worker-140: Launching Celebrateit-backend (13)] INFO  o.eclipse.m2e.core.internal.Bundles - getClasspathEntries(Bundle=slf4j.api_2.0.16 [592])
2025-02-09 22:58:08,563 [Worker-140: Launching Celebrateit-backend (13)] INFO  o.eclipse.m2e.core.internal.Bundles - 	Entry: D:\sts-4.26.0.RELEASE\plugins\slf4j.api_2.0.16.jar
2025-02-09 22:58:08,563 [Worker-140: Launching Celebrateit-backend (13)] INFO  o.eclipse.m2e.core.internal.Bundles - getClasspathEntries(Bundle=jakarta.inject.jakarta.inject-api_1.0.5 [45])
2025-02-09 22:58:08,563 [Worker-140: Launching Celebrateit-backend (13)] INFO  o.eclipse.m2e.core.internal.Bundles - 	Entry: D:\sts-4.26.0.RELEASE\plugins\jakarta.inject.jakarta.inject-api_1.0.5.jar
2025-02-09 22:58:08,563 [Worker-140: Launching Celebrateit-backend (13)] INFO  o.eclipse.m2e.core.internal.Bundles - getClasspathEntries(Bundle=jakarta.annotation-api_1.3.5 [41])
2025-02-09 22:58:08,563 [Worker-140: Launching Celebrateit-backend (13)] INFO  o.eclipse.m2e.core.internal.Bundles - 	Entry: D:\sts-4.26.0.RELEASE\plugins\jakarta.annotation-api_1.3.5.jar
2025-02-09 22:58:08,563 [Worker-140: Launching Celebrateit-backend (13)] INFO  o.eclipse.m2e.core.internal.Bundles - getClasspathEntries(Bundle=org.apache.commons.cli_1.9.0 [77])
2025-02-09 22:58:08,564 [Worker-140: Launching Celebrateit-backend (13)] INFO  o.eclipse.m2e.core.internal.Bundles - 	Entry: D:\sts-4.26.0.RELEASE\plugins\org.apache.commons.cli_1.9.0.jar
2025-02-09 22:58:08,564 [Worker-140: Launching Celebrateit-backend (13)] INFO  o.eclipse.m2e.core.internal.Bundles - getClasspathEntries(Bundle=org.apache.commons.commons-codec_1.16.0 [80])
2025-02-09 22:58:08,564 [Worker-140: Launching Celebrateit-backend (13)] INFO  o.eclipse.m2e.core.internal.Bundles - 	Entry: D:\sts-4.26.0.RELEASE\plugins\org.apache.commons.commons-codec_1.16.0.jar
2025-02-09 22:58:08,565 [Worker-140: Launching Celebrateit-backend (13)] INFO  o.eclipse.m2e.core.internal.Bundles - getClasspathEntries(Bundle=com.google.guava.failureaccess_1.0.2 [30])
2025-02-09 22:58:08,565 [Worker-140: Launching Celebrateit-backend (13)] INFO  o.eclipse.m2e.core.internal.Bundles - 	Entry: D:\sts-4.26.0.RELEASE\plugins\com.google.guava.failureaccess_1.0.2.jar
2025-02-09 22:58:08,568 [Worker-140: Launching Celebrateit-backend (13)] INFO  o.e.m.i.launch.MavenLaunchDelegate - Run build in "C:\Users\Samruddhi\OneDrive\Desktop\cdac-project\Celebrateit-backend\Celebrateit-backend":
2025-02-09 22:58:08,568 [Worker-140: Launching Celebrateit-backend (13)] INFO  o.e.m.i.launch.MavenLaunchDelegate -  mvn  -B -Dstyle.color=always clean compile
2025-02-09 22:59:55,276 [Worker-88: Building] INFO  o.a.m.s.f.DefaultMavenResourcesFiltering - Copying 1 resource from src\main\resources to target\classes
2025-02-09 22:59:55,280 [Worker-88: Building] INFO  o.a.m.s.f.DefaultMavenResourcesFiltering - Copying 0 resource from src\main\resources to target\classes
2025-02-09 22:59:55,282 [Worker-88: Building] INFO  o.a.m.s.f.DefaultMavenResourcesFiltering - skip non existing resourceDirectory C:\Users\Samruddhi\OneDrive\Desktop\cdac-project\Celebrateit-backend\Celebrateit-backend\src\test\resources
2025-02-09 23:01:17,854 [Worker-137: Launching Celebrateit-backend (13)] INFO  o.eclipse.m2e.core.internal.Bundles - getClasspathEntries(Bundle=org.eclipse.m2e.maven.runtime_3.9.900.20240824-1409 [359])
2025-02-09 23:01:17,856 [Worker-137: Launching Celebrateit-backend (13)] INFO  o.eclipse.m2e.core.internal.Bundles - 	Entry: D:\sts-4.26.0.RELEASE\plugins\org.eclipse.m2e.maven.runtime_3.9.900.20240824-1409
2025-02-09 23:01:17,856 [Worker-137: Launching Celebrateit-backend (13)] INFO  o.eclipse.m2e.core.internal.Bundles - 	Entry: D:\sts-4.26.0.RELEASE\plugins\org.eclipse.m2e.maven.runtime_3.9.900.20240824-1409\jars\aopalliance-1.0.jar
2025-02-09 23:01:17,857 [Worker-137: Launching Celebrateit-backend (13)] INFO  o.eclipse.m2e.core.internal.Bundles - 	Entry: D:\sts-4.26.0.RELEASE\plugins\org.eclipse.m2e.maven.runtime_3.9.900.20240824-1409\jars\guice-5.1.0.jar
2025-02-09 23:01:17,857 [Worker-137: Launching Celebrateit-backend (13)] INFO  o.eclipse.m2e.core.internal.Bundles - 	Entry: D:\sts-4.26.0.RELEASE\plugins\org.eclipse.m2e.maven.runtime_3.9.900.20240824-1409\jars\httpclient-4.5.14.jar
2025-02-09 23:01:17,857 [Worker-137: Launching Celebrateit-backend (13)] INFO  o.eclipse.m2e.core.internal.Bundles - 	Entry: D:\sts-4.26.0.RELEASE\plugins\org.eclipse.m2e.maven.runtime_3.9.900.20240824-1409\jars\httpcore-4.4.16.jar
2025-02-09 23:01:17,857 [Worker-137: Launching Celebrateit-backend (13)] INFO  o.eclipse.m2e.core.internal.Bundles - 	Entry: D:\sts-4.26.0.RELEASE\plugins\org.eclipse.m2e.maven.runtime_3.9.900.20240824-1409\jars\jansi-2.4.1.jar
2025-02-09 23:01:17,857 [Worker-137: Launching Celebrateit-backend (13)] INFO  o.eclipse.m2e.core.internal.Bundles - 	Entry: D:\sts-4.26.0.RELEASE\plugins\org.eclipse.m2e.maven.runtime_3.9.900.20240824-1409\jars\jcl-over-slf4j-1.7.36.jar
2025-02-09 23:01:17,857 [Worker-137: Launching Celebrateit-backend (13)] INFO  o.eclipse.m2e.core.internal.Bundles - 	Entry: D:\sts-4.26.0.RELEASE\plugins\org.eclipse.m2e.maven.runtime_3.9.900.20240824-1409\jars\maven-artifact-3.9.9.jar
2025-02-09 23:01:17,857 [Worker-137: Launching Celebrateit-backend (13)] INFO  o.eclipse.m2e.core.internal.Bundles - 	Entry: D:\sts-4.26.0.RELEASE\plugins\org.eclipse.m2e.maven.runtime_3.9.900.20240824-1409\jars\maven-builder-support-3.9.9.jar
2025-02-09 23:01:17,857 [Worker-137: Launching Celebrateit-backend (13)] INFO  o.eclipse.m2e.core.internal.Bundles - 	Entry: D:\sts-4.26.0.RELEASE\plugins\org.eclipse.m2e.maven.runtime_3.9.900.20240824-1409\jars\maven-compat-3.9.9.jar
2025-02-09 23:01:17,857 [Worker-137: Launching Celebrateit-backend (13)] INFO  o.eclipse.m2e.core.internal.Bundles - 	Entry: D:\sts-4.26.0.RELEASE\plugins\org.eclipse.m2e.maven.runtime_3.9.900.20240824-1409\jars\maven-core-3.9.9.jar
2025-02-09 23:01:17,858 [Worker-137: Launching Celebrateit-backend (13)] INFO  o.eclipse.m2e.core.internal.Bundles - 	Entry: D:\sts-4.26.0.RELEASE\plugins\org.eclipse.m2e.maven.runtime_3.9.900.20240824-1409\jars\maven-embedder-3.9.9.jar
2025-02-09 23:01:17,858 [Worker-137: Launching Celebrateit-backend (13)] INFO  o.eclipse.m2e.core.internal.Bundles - 	Entry: D:\sts-4.26.0.RELEASE\plugins\org.eclipse.m2e.maven.runtime_3.9.900.20240824-1409\jars\maven-model-3.9.9.jar
2025-02-09 23:01:17,858 [Worker-137: Launching Celebrateit-backend (13)] INFO  o.eclipse.m2e.core.internal.Bundles - 	Entry: D:\sts-4.26.0.RELEASE\plugins\org.eclipse.m2e.maven.runtime_3.9.900.20240824-1409\jars\maven-model-builder-3.9.9.jar
2025-02-09 23:01:17,858 [Worker-137: Launching Celebrateit-backend (13)] INFO  o.eclipse.m2e.core.internal.Bundles - 	Entry: D:\sts-4.26.0.RELEASE\plugins\org.eclipse.m2e.maven.runtime_3.9.900.20240824-1409\jars\maven-plugin-api-3.9.9.jar
2025-02-09 23:01:17,858 [Worker-137: Launching Celebrateit-backend (13)] INFO  o.eclipse.m2e.core.internal.Bundles - 	Entry: D:\sts-4.26.0.RELEASE\plugins\org.eclipse.m2e.maven.runtime_3.9.900.20240824-1409\jars\maven-repository-metadata-3.9.9.jar
2025-02-09 23:01:17,858 [Worker-137: Launching Celebrateit-backend (13)] INFO  o.eclipse.m2e.core.internal.Bundles - 	Entry: D:\sts-4.26.0.RELEASE\plugins\org.eclipse.m2e.maven.runtime_3.9.900.20240824-1409\jars\maven-resolver-api-1.9.22.jar
2025-02-09 23:01:17,858 [Worker-137: Launching Celebrateit-backend (13)] INFO  o.eclipse.m2e.core.internal.Bundles - 	Entry: D:\sts-4.26.0.RELEASE\plugins\org.eclipse.m2e.maven.runtime_3.9.900.20240824-1409\jars\maven-resolver-connector-basic-1.9.22.jar
2025-02-09 23:01:17,858 [Worker-137: Launching Celebrateit-backend (13)] INFO  o.eclipse.m2e.core.internal.Bundles - 	Entry: D:\sts-4.26.0.RELEASE\plugins\org.eclipse.m2e.maven.runtime_3.9.900.20240824-1409\jars\maven-resolver-impl-1.9.22.jar
2025-02-09 23:01:17,858 [Worker-137: Launching Celebrateit-backend (13)] INFO  o.eclipse.m2e.core.internal.Bundles - 	Entry: D:\sts-4.26.0.RELEASE\plugins\org.eclipse.m2e.maven.runtime_3.9.900.20240824-1409\jars\maven-resolver-named-locks-1.9.22.jar
2025-02-09 23:01:17,860 [Worker-137: Launching Celebrateit-backend (13)] INFO  o.eclipse.m2e.core.internal.Bundles - 	Entry: D:\sts-4.26.0.RELEASE\plugins\org.eclipse.m2e.maven.runtime_3.9.900.20240824-1409\jars\maven-resolver-provider-3.9.9.jar
2025-02-09 23:01:17,860 [Worker-137: Launching Celebrateit-backend (13)] INFO  o.eclipse.m2e.core.internal.Bundles - 	Entry: D:\sts-4.26.0.RELEASE\plugins\org.eclipse.m2e.maven.runtime_3.9.900.20240824-1409\jars\maven-resolver-spi-1.9.22.jar
2025-02-09 23:01:17,860 [Worker-137: Launching Celebrateit-backend (13)] INFO  o.eclipse.m2e.core.internal.Bundles - 	Entry: D:\sts-4.26.0.RELEASE\plugins\org.eclipse.m2e.maven.runtime_3.9.900.20240824-1409\jars\maven-resolver-transport-file-1.9.22.jar
2025-02-09 23:01:17,860 [Worker-137: Launching Celebrateit-backend (13)] INFO  o.eclipse.m2e.core.internal.Bundles - 	Entry: D:\sts-4.26.0.RELEASE\plugins\org.eclipse.m2e.maven.runtime_3.9.900.20240824-1409\jars\maven-resolver-transport-http-1.9.22.jar
2025-02-09 23:01:17,860 [Worker-137: Launching Celebrateit-backend (13)] INFO  o.eclipse.m2e.core.internal.Bundles - 	Entry: D:\sts-4.26.0.RELEASE\plugins\org.eclipse.m2e.maven.runtime_3.9.900.20240824-1409\jars\maven-resolver-transport-wagon-1.9.22.jar
2025-02-09 23:01:17,860 [Worker-137: Launching Celebrateit-backend (13)] INFO  o.eclipse.m2e.core.internal.Bundles - 	Entry: D:\sts-4.26.0.RELEASE\plugins\org.eclipse.m2e.maven.runtime_3.9.900.20240824-1409\jars\maven-resolver-util-1.9.22.jar
2025-02-09 23:01:17,860 [Worker-137: Launching Celebrateit-backend (13)] INFO  o.eclipse.m2e.core.internal.Bundles - 	Entry: D:\sts-4.26.0.RELEASE\plugins\org.eclipse.m2e.maven.runtime_3.9.900.20240824-1409\jars\maven-settings-3.9.9.jar
2025-02-09 23:01:17,861 [Worker-137: Launching Celebrateit-backend (13)] INFO  o.eclipse.m2e.core.internal.Bundles - 	Entry: D:\sts-4.26.0.RELEASE\plugins\org.eclipse.m2e.maven.runtime_3.9.900.20240824-1409\jars\maven-settings-builder-3.9.9.jar
2025-02-09 23:01:17,862 [Worker-137: Launching Celebrateit-backend (13)] INFO  o.eclipse.m2e.core.internal.Bundles - 	Entry: D:\sts-4.26.0.RELEASE\plugins\org.eclipse.m2e.maven.runtime_3.9.900.20240824-1409\jars\maven-shared-utils-3.4.2.jar
2025-02-09 23:01:17,862 [Worker-137: Launching Celebrateit-backend (13)] INFO  o.eclipse.m2e.core.internal.Bundles - 	Entry: D:\sts-4.26.0.RELEASE\plugins\org.eclipse.m2e.maven.runtime_3.9.900.20240824-1409\jars\org.eclipse.sisu.inject-0.9.0.M3.jar
2025-02-09 23:01:17,862 [Worker-137: Launching Celebrateit-backend (13)] INFO  o.eclipse.m2e.core.internal.Bundles - 	Entry: D:\sts-4.26.0.RELEASE\plugins\org.eclipse.m2e.maven.runtime_3.9.900.20240824-1409\jars\org.eclipse.sisu.plexus-0.9.0.M3.jar
2025-02-09 23:01:17,862 [Worker-137: Launching Celebrateit-backend (13)] INFO  o.eclipse.m2e.core.internal.Bundles - 	Entry: D:\sts-4.26.0.RELEASE\plugins\org.eclipse.m2e.maven.runtime_3.9.900.20240824-1409\jars\plexus-build-api-0.0.7.jar
2025-02-09 23:01:17,862 [Worker-137: Launching Celebrateit-backend (13)] INFO  o.eclipse.m2e.core.internal.Bundles - 	Entry: D:\sts-4.26.0.RELEASE\plugins\org.eclipse.m2e.maven.runtime_3.9.900.20240824-1409\jars\plexus-build-api-1.2.0.jar
2025-02-09 23:01:17,862 [Worker-137: Launching Celebrateit-backend (13)] INFO  o.eclipse.m2e.core.internal.Bundles - 	Entry: D:\sts-4.26.0.RELEASE\plugins\org.eclipse.m2e.maven.runtime_3.9.900.20240824-1409\jars\plexus-cipher-2.0.jar
2025-02-09 23:01:17,863 [Worker-137: Launching Celebrateit-backend (13)] INFO  o.eclipse.m2e.core.internal.Bundles - 	Entry: D:\sts-4.26.0.RELEASE\plugins\org.eclipse.m2e.maven.runtime_3.9.900.20240824-1409\jars\plexus-classworlds-2.8.0.jar
2025-02-09 23:01:17,863 [Worker-137: Launching Celebrateit-backend (13)] INFO  o.eclipse.m2e.core.internal.Bundles - 	Entry: D:\sts-4.26.0.RELEASE\plugins\org.eclipse.m2e.maven.runtime_3.9.900.20240824-1409\jars\plexus-component-annotations-2.1.0.jar
2025-02-09 23:01:17,863 [Worker-137: Launching Celebrateit-backend (13)] INFO  o.eclipse.m2e.core.internal.Bundles - 	Entry: D:\sts-4.26.0.RELEASE\plugins\org.eclipse.m2e.maven.runtime_3.9.900.20240824-1409\jars\plexus-interpolation-1.27.jar
2025-02-09 23:01:17,863 [Worker-137: Launching Celebrateit-backend (13)] INFO  o.eclipse.m2e.core.internal.Bundles - 	Entry: D:\sts-4.26.0.RELEASE\plugins\org.eclipse.m2e.maven.runtime_3.9.900.20240824-1409\jars\plexus-sec-dispatcher-2.0.jar
2025-02-09 23:01:17,863 [Worker-137: Launching Celebrateit-backend (13)] INFO  o.eclipse.m2e.core.internal.Bundles - 	Entry: D:\sts-4.26.0.RELEASE\plugins\org.eclipse.m2e.maven.runtime_3.9.900.20240824-1409\jars\plexus-utils-3.5.1.jar
2025-02-09 23:01:17,863 [Worker-137: Launching Celebrateit-backend (13)] INFO  o.eclipse.m2e.core.internal.Bundles - 	Entry: D:\sts-4.26.0.RELEASE\plugins\org.eclipse.m2e.maven.runtime_3.9.900.20240824-1409\jars\plexus-xml-3.0.1.jar
2025-02-09 23:01:17,863 [Worker-137: Launching Celebrateit-backend (13)] INFO  o.eclipse.m2e.core.internal.Bundles - 	Entry: D:\sts-4.26.0.RELEASE\plugins\org.eclipse.m2e.maven.runtime_3.9.900.20240824-1409\jars\wagon-file-3.5.3.jar
2025-02-09 23:01:17,864 [Worker-137: Launching Celebrateit-backend (13)] INFO  o.eclipse.m2e.core.internal.Bundles - 	Entry: D:\sts-4.26.0.RELEASE\plugins\org.eclipse.m2e.maven.runtime_3.9.900.20240824-1409\jars\wagon-http-3.5.3.jar
2025-02-09 23:01:17,864 [Worker-137: Launching Celebrateit-backend (13)] INFO  o.eclipse.m2e.core.internal.Bundles - 	Entry: D:\sts-4.26.0.RELEASE\plugins\org.eclipse.m2e.maven.runtime_3.9.900.20240824-1409\jars\wagon-http-shared-3.5.3.jar
2025-02-09 23:01:17,864 [Worker-137: Launching Celebrateit-backend (13)] INFO  o.eclipse.m2e.core.internal.Bundles - 	Entry: D:\sts-4.26.0.RELEASE\plugins\org.eclipse.m2e.maven.runtime_3.9.900.20240824-1409\jars\wagon-provider-api-3.5.3.jar
2025-02-09 23:01:17,864 [Worker-137: Launching Celebrateit-backend (13)] INFO  o.eclipse.m2e.core.internal.Bundles - getClasspathEntries(Bundle=com.google.guava_33.3.0.jre [29])
2025-02-09 23:01:17,865 [Worker-137: Launching Celebrateit-backend (13)] INFO  o.eclipse.m2e.core.internal.Bundles - 	Entry: D:\sts-4.26.0.RELEASE\plugins\com.google.guava_33.3.0.jre.jar
2025-02-09 23:01:17,866 [Worker-137: Launching Celebrateit-backend (13)] INFO  o.eclipse.m2e.core.internal.Bundles - getClasspathEntries(Bundle=slf4j.api_2.0.16 [592])
2025-02-09 23:01:17,867 [Worker-137: Launching Celebrateit-backend (13)] INFO  o.eclipse.m2e.core.internal.Bundles - 	Entry: D:\sts-4.26.0.RELEASE\plugins\slf4j.api_2.0.16.jar
2025-02-09 23:01:17,867 [Worker-137: Launching Celebrateit-backend (13)] INFO  o.eclipse.m2e.core.internal.Bundles - getClasspathEntries(Bundle=jakarta.inject.jakarta.inject-api_1.0.5 [45])
2025-02-09 23:01:17,868 [Worker-137: Launching Celebrateit-backend (13)] INFO  o.eclipse.m2e.core.internal.Bundles - 	Entry: D:\sts-4.26.0.RELEASE\plugins\jakarta.inject.jakarta.inject-api_1.0.5.jar
2025-02-09 23:01:17,868 [Worker-137: Launching Celebrateit-backend (13)] INFO  o.eclipse.m2e.core.internal.Bundles - getClasspathEntries(Bundle=jakarta.annotation-api_1.3.5 [41])
2025-02-09 23:01:17,869 [Worker-137: Launching Celebrateit-backend (13)] INFO  o.eclipse.m2e.core.internal.Bundles - 	Entry: D:\sts-4.26.0.RELEASE\plugins\jakarta.annotation-api_1.3.5.jar
2025-02-09 23:01:17,869 [Worker-137: Launching Celebrateit-backend (13)] INFO  o.eclipse.m2e.core.internal.Bundles - getClasspathEntries(Bundle=org.apache.commons.cli_1.9.0 [77])
2025-02-09 23:01:17,869 [Worker-137: Launching Celebrateit-backend (13)] INFO  o.eclipse.m2e.core.internal.Bundles - 	Entry: D:\sts-4.26.0.RELEASE\plugins\org.apache.commons.cli_1.9.0.jar
2025-02-09 23:01:17,870 [Worker-137: Launching Celebrateit-backend (13)] INFO  o.eclipse.m2e.core.internal.Bundles - getClasspathEntries(Bundle=org.apache.commons.commons-codec_1.16.0 [80])
2025-02-09 23:01:17,870 [Worker-137: Launching Celebrateit-backend (13)] INFO  o.eclipse.m2e.core.internal.Bundles - 	Entry: D:\sts-4.26.0.RELEASE\plugins\org.apache.commons.commons-codec_1.16.0.jar
2025-02-09 23:01:17,870 [Worker-137: Launching Celebrateit-backend (13)] INFO  o.eclipse.m2e.core.internal.Bundles - getClasspathEntries(Bundle=com.google.guava.failureaccess_1.0.2 [30])
2025-02-09 23:01:17,871 [Worker-137: Launching Celebrateit-backend (13)] INFO  o.eclipse.m2e.core.internal.Bundles - 	Entry: D:\sts-4.26.0.RELEASE\plugins\com.google.guava.failureaccess_1.0.2.jar
2025-02-09 23:01:17,876 [Worker-137: Launching Celebrateit-backend (13)] INFO  o.e.m.i.launch.MavenLaunchDelegate - Run build in "C:\Users\Samruddhi\OneDrive\Desktop\cdac-project\Celebrateit-backend\Celebrateit-backend":
2025-02-09 23:01:17,876 [Worker-137: Launching Celebrateit-backend (13)] INFO  o.e.m.i.launch.MavenLaunchDelegate -  mvn  -B -Dstyle.color=always clean compile
2025-02-09 23:02:49,503 [Worker-145: Building] INFO  o.a.m.s.f.DefaultMavenResourcesFiltering - Copying 1 resource from src\main\resources to target\classes
2025-02-09 23:02:49,511 [Worker-145: Building] INFO  o.a.m.s.f.DefaultMavenResourcesFiltering - Copying 0 resource from src\main\resources to target\classes
2025-02-09 23:02:49,514 [Worker-145: Building] INFO  o.a.m.s.f.DefaultMavenResourcesFiltering - skip non existing resourceDirectory C:\Users\Samruddhi\OneDrive\Desktop\cdac-project\Celebrateit-backend\Celebrateit-backend\src\test\resources
2025-02-09 23:06:09,903 [Worker-146: Building] INFO  o.a.m.s.f.DefaultMavenResourcesFiltering - Copying 1 resource from src\main\resources to target\classes
2025-02-09 23:06:09,907 [Worker-146: Building] INFO  o.a.m.s.f.DefaultMavenResourcesFiltering - Copying 0 resource from src\main\resources to target\classes
2025-02-09 23:06:09,909 [Worker-146: Building] INFO  o.a.m.s.f.DefaultMavenResourcesFiltering - skip non existing resourceDirectory C:\Users\Samruddhi\OneDrive\Desktop\cdac-project\Celebrateit-backend\Celebrateit-backend\src\test\resources
2025-02-09 23:06:37,532 [Worker-145: Building] INFO  o.a.m.s.f.DefaultMavenResourcesFiltering - Copying 1 resource from src\main\resources to target\classes
2025-02-09 23:06:37,536 [Worker-145: Building] INFO  o.a.m.s.f.DefaultMavenResourcesFiltering - Copying 0 resource from src\main\resources to target\classes
2025-02-09 23:06:37,539 [Worker-145: Building] INFO  o.a.m.s.f.DefaultMavenResourcesFiltering - skip non existing resourceDirectory C:\Users\Samruddhi\OneDrive\Desktop\cdac-project\Celebrateit-backend\Celebrateit-backend\src\test\resources
2025-02-09 23:06:58,913 [Worker-148: Building] INFO  o.a.m.s.f.DefaultMavenResourcesFiltering - Copying 1 resource from src\main\resources to target\classes
2025-02-09 23:06:58,918 [Worker-148: Building] INFO  o.a.m.s.f.DefaultMavenResourcesFiltering - Copying 0 resource from src\main\resources to target\classes
2025-02-09 23:06:58,920 [Worker-148: Building] INFO  o.a.m.s.f.DefaultMavenResourcesFiltering - skip non existing resourceDirectory C:\Users\Samruddhi\OneDrive\Desktop\cdac-project\Celebrateit-backend\Celebrateit-backend\src\test\resources
2025-02-09 23:07:49,203 [Worker-148: Building] INFO  o.a.m.s.f.DefaultMavenResourcesFiltering - Copying 1 resource from src\main\resources to target\classes
2025-02-09 23:07:49,208 [Worker-148: Building] INFO  o.a.m.s.f.DefaultMavenResourcesFiltering - Copying 0 resource from src\main\resources to target\classes
2025-02-09 23:07:49,210 [Worker-148: Building] INFO  o.a.m.s.f.DefaultMavenResourcesFiltering - skip non existing resourceDirectory C:\Users\Samruddhi\OneDrive\Desktop\cdac-project\Celebrateit-backend\Celebrateit-backend\src\test\resources
2025-02-09 23:08:15,398 [Worker-147: Building] INFO  o.a.m.s.f.DefaultMavenResourcesFiltering - Copying 1 resource from src\main\resources to target\classes
2025-02-09 23:08:15,407 [Worker-147: Building] INFO  o.a.m.s.f.DefaultMavenResourcesFiltering - Copying 0 resource from src\main\resources to target\classes
2025-02-09 23:08:15,410 [Worker-147: Building] INFO  o.a.m.s.f.DefaultMavenResourcesFiltering - skip non existing resourceDirectory C:\Users\Samruddhi\OneDrive\Desktop\cdac-project\Celebrateit-backend\Celebrateit-backend\src\test\resources
2025-02-09 23:08:41,774 [Worker-146: Building] INFO  o.a.m.s.f.DefaultMavenResourcesFiltering - Copying 1 resource from src\main\resources to target\classes
2025-02-09 23:08:41,777 [Worker-146: Building] INFO  o.a.m.s.f.DefaultMavenResourcesFiltering - Copying 0 resource from src\main\resources to target\classes
2025-02-09 23:08:41,779 [Worker-146: Building] INFO  o.a.m.s.f.DefaultMavenResourcesFiltering - skip non existing resourceDirectory C:\Users\Samruddhi\OneDrive\Desktop\cdac-project\Celebrateit-backend\Celebrateit-backend\src\test\resources
2025-02-09 23:08:48,573 [Worker-88: Launching Celebrateit-backend (13)] INFO  o.eclipse.m2e.core.internal.Bundles - getClasspathEntries(Bundle=org.eclipse.m2e.maven.runtime_3.9.900.20240824-1409 [359])
2025-02-09 23:08:48,574 [Worker-88: Launching Celebrateit-backend (13)] INFO  o.eclipse.m2e.core.internal.Bundles - 	Entry: D:\sts-4.26.0.RELEASE\plugins\org.eclipse.m2e.maven.runtime_3.9.900.20240824-1409
2025-02-09 23:08:48,574 [Worker-88: Launching Celebrateit-backend (13)] INFO  o.eclipse.m2e.core.internal.Bundles - 	Entry: D:\sts-4.26.0.RELEASE\plugins\org.eclipse.m2e.maven.runtime_3.9.900.20240824-1409\jars\aopalliance-1.0.jar
2025-02-09 23:08:48,574 [Worker-88: Launching Celebrateit-backend (13)] INFO  o.eclipse.m2e.core.internal.Bundles - 	Entry: D:\sts-4.26.0.RELEASE\plugins\org.eclipse.m2e.maven.runtime_3.9.900.20240824-1409\jars\guice-5.1.0.jar
2025-02-09 23:08:48,574 [Worker-88: Launching Celebrateit-backend (13)] INFO  o.eclipse.m2e.core.internal.Bundles - 	Entry: D:\sts-4.26.0.RELEASE\plugins\org.eclipse.m2e.maven.runtime_3.9.900.20240824-1409\jars\httpclient-4.5.14.jar
2025-02-09 23:08:48,574 [Worker-88: Launching Celebrateit-backend (13)] INFO  o.eclipse.m2e.core.internal.Bundles - 	Entry: D:\sts-4.26.0.RELEASE\plugins\org.eclipse.m2e.maven.runtime_3.9.900.20240824-1409\jars\httpcore-4.4.16.jar
2025-02-09 23:08:48,575 [Worker-88: Launching Celebrateit-backend (13)] INFO  o.eclipse.m2e.core.internal.Bundles - 	Entry: D:\sts-4.26.0.RELEASE\plugins\org.eclipse.m2e.maven.runtime_3.9.900.20240824-1409\jars\jansi-2.4.1.jar
2025-02-09 23:08:48,575 [Worker-88: Launching Celebrateit-backend (13)] INFO  o.eclipse.m2e.core.internal.Bundles - 	Entry: D:\sts-4.26.0.RELEASE\plugins\org.eclipse.m2e.maven.runtime_3.9.900.20240824-1409\jars\jcl-over-slf4j-1.7.36.jar
2025-02-09 23:08:48,575 [Worker-88: Launching Celebrateit-backend (13)] INFO  o.eclipse.m2e.core.internal.Bundles - 	Entry: D:\sts-4.26.0.RELEASE\plugins\org.eclipse.m2e.maven.runtime_3.9.900.20240824-1409\jars\maven-artifact-3.9.9.jar
2025-02-09 23:08:48,575 [Worker-88: Launching Celebrateit-backend (13)] INFO  o.eclipse.m2e.core.internal.Bundles - 	Entry: D:\sts-4.26.0.RELEASE\plugins\org.eclipse.m2e.maven.runtime_3.9.900.20240824-1409\jars\maven-builder-support-3.9.9.jar
2025-02-09 23:08:48,576 [Worker-88: Launching Celebrateit-backend (13)] INFO  o.eclipse.m2e.core.internal.Bundles - 	Entry: D:\sts-4.26.0.RELEASE\plugins\org.eclipse.m2e.maven.runtime_3.9.900.20240824-1409\jars\maven-compat-3.9.9.jar
2025-02-09 23:08:48,576 [Worker-88: Launching Celebrateit-backend (13)] INFO  o.eclipse.m2e.core.internal.Bundles - 	Entry: D:\sts-4.26.0.RELEASE\plugins\org.eclipse.m2e.maven.runtime_3.9.900.20240824-1409\jars\maven-core-3.9.9.jar
2025-02-09 23:08:48,576 [Worker-88: Launching Celebrateit-backend (13)] INFO  o.eclipse.m2e.core.internal.Bundles - 	Entry: D:\sts-4.26.0.RELEASE\plugins\org.eclipse.m2e.maven.runtime_3.9.900.20240824-1409\jars\maven-embedder-3.9.9.jar
2025-02-09 23:08:48,576 [Worker-88: Launching Celebrateit-backend (13)] INFO  o.eclipse.m2e.core.internal.Bundles - 	Entry: D:\sts-4.26.0.RELEASE\plugins\org.eclipse.m2e.maven.runtime_3.9.900.20240824-1409\jars\maven-model-3.9.9.jar
2025-02-09 23:08:48,576 [Worker-88: Launching Celebrateit-backend (13)] INFO  o.eclipse.m2e.core.internal.Bundles - 	Entry: D:\sts-4.26.0.RELEASE\plugins\org.eclipse.m2e.maven.runtime_3.9.900.20240824-1409\jars\maven-model-builder-3.9.9.jar
2025-02-09 23:08:48,576 [Worker-88: Launching Celebrateit-backend (13)] INFO  o.eclipse.m2e.core.internal.Bundles - 	Entry: D:\sts-4.26.0.RELEASE\plugins\org.eclipse.m2e.maven.runtime_3.9.900.20240824-1409\jars\maven-plugin-api-3.9.9.jar
2025-02-09 23:08:48,576 [Worker-88: Launching Celebrateit-backend (13)] INFO  o.eclipse.m2e.core.internal.Bundles - 	Entry: D:\sts-4.26.0.RELEASE\plugins\org.eclipse.m2e.maven.runtime_3.9.900.20240824-1409\jars\maven-repository-metadata-3.9.9.jar
2025-02-09 23:08:48,576 [Worker-88: Launching Celebrateit-backend (13)] INFO  o.eclipse.m2e.core.internal.Bundles - 	Entry: D:\sts-4.26.0.RELEASE\plugins\org.eclipse.m2e.maven.runtime_3.9.900.20240824-1409\jars\maven-resolver-api-1.9.22.jar
2025-02-09 23:08:48,576 [Worker-88: Launching Celebrateit-backend (13)] INFO  o.eclipse.m2e.core.internal.Bundles - 	Entry: D:\sts-4.26.0.RELEASE\plugins\org.eclipse.m2e.maven.runtime_3.9.900.20240824-1409\jars\maven-resolver-connector-basic-1.9.22.jar
2025-02-09 23:08:48,576 [Worker-88: Launching Celebrateit-backend (13)] INFO  o.eclipse.m2e.core.internal.Bundles - 	Entry: D:\sts-4.26.0.RELEASE\plugins\org.eclipse.m2e.maven.runtime_3.9.900.20240824-1409\jars\maven-resolver-impl-1.9.22.jar
2025-02-09 23:08:48,577 [Worker-88: Launching Celebrateit-backend (13)] INFO  o.eclipse.m2e.core.internal.Bundles - 	Entry: D:\sts-4.26.0.RELEASE\plugins\org.eclipse.m2e.maven.runtime_3.9.900.20240824-1409\jars\maven-resolver-named-locks-1.9.22.jar
2025-02-09 23:08:48,577 [Worker-88: Launching Celebrateit-backend (13)] INFO  o.eclipse.m2e.core.internal.Bundles - 	Entry: D:\sts-4.26.0.RELEASE\plugins\org.eclipse.m2e.maven.runtime_3.9.900.20240824-1409\jars\maven-resolver-provider-3.9.9.jar
2025-02-09 23:08:48,577 [Worker-88: Launching Celebrateit-backend (13)] INFO  o.eclipse.m2e.core.internal.Bundles - 	Entry: D:\sts-4.26.0.RELEASE\plugins\org.eclipse.m2e.maven.runtime_3.9.900.20240824-1409\jars\maven-resolver-spi-1.9.22.jar
2025-02-09 23:08:48,577 [Worker-88: Launching Celebrateit-backend (13)] INFO  o.eclipse.m2e.core.internal.Bundles - 	Entry: D:\sts-4.26.0.RELEASE\plugins\org.eclipse.m2e.maven.runtime_3.9.900.20240824-1409\jars\maven-resolver-transport-file-1.9.22.jar
2025-02-09 23:08:48,577 [Worker-88: Launching Celebrateit-backend (13)] INFO  o.eclipse.m2e.core.internal.Bundles - 	Entry: D:\sts-4.26.0.RELEASE\plugins\org.eclipse.m2e.maven.runtime_3.9.900.20240824-1409\jars\maven-resolver-transport-http-1.9.22.jar
2025-02-09 23:08:48,577 [Worker-88: Launching Celebrateit-backend (13)] INFO  o.eclipse.m2e.core.internal.Bundles - 	Entry: D:\sts-4.26.0.RELEASE\plugins\org.eclipse.m2e.maven.runtime_3.9.900.20240824-1409\jars\maven-resolver-transport-wagon-1.9.22.jar
2025-02-09 23:08:48,577 [Worker-88: Launching Celebrateit-backend (13)] INFO  o.eclipse.m2e.core.internal.Bundles - 	Entry: D:\sts-4.26.0.RELEASE\plugins\org.eclipse.m2e.maven.runtime_3.9.900.20240824-1409\jars\maven-resolver-util-1.9.22.jar
2025-02-09 23:08:48,577 [Worker-88: Launching Celebrateit-backend (13)] INFO  o.eclipse.m2e.core.internal.Bundles - 	Entry: D:\sts-4.26.0.RELEASE\plugins\org.eclipse.m2e.maven.runtime_3.9.900.20240824-1409\jars\maven-settings-3.9.9.jar
2025-02-09 23:08:48,577 [Worker-88: Launching Celebrateit-backend (13)] INFO  o.eclipse.m2e.core.internal.Bundles - 	Entry: D:\sts-4.26.0.RELEASE\plugins\org.eclipse.m2e.maven.runtime_3.9.900.20240824-1409\jars\maven-settings-builder-3.9.9.jar
2025-02-09 23:08:48,577 [Worker-88: Launching Celebrateit-backend (13)] INFO  o.eclipse.m2e.core.internal.Bundles - 	Entry: D:\sts-4.26.0.RELEASE\plugins\org.eclipse.m2e.maven.runtime_3.9.900.20240824-1409\jars\maven-shared-utils-3.4.2.jar
2025-02-09 23:08:48,577 [Worker-88: Launching Celebrateit-backend (13)] INFO  o.eclipse.m2e.core.internal.Bundles - 	Entry: D:\sts-4.26.0.RELEASE\plugins\org.eclipse.m2e.maven.runtime_3.9.900.20240824-1409\jars\org.eclipse.sisu.inject-0.9.0.M3.jar
2025-02-09 23:08:48,577 [Worker-88: Launching Celebrateit-backend (13)] INFO  o.eclipse.m2e.core.internal.Bundles - 	Entry: D:\sts-4.26.0.RELEASE\plugins\org.eclipse.m2e.maven.runtime_3.9.900.20240824-1409\jars\org.eclipse.sisu.plexus-0.9.0.M3.jar
2025-02-09 23:08:48,577 [Worker-88: Launching Celebrateit-backend (13)] INFO  o.eclipse.m2e.core.internal.Bundles - 	Entry: D:\sts-4.26.0.RELEASE\plugins\org.eclipse.m2e.maven.runtime_3.9.900.20240824-1409\jars\plexus-build-api-0.0.7.jar
2025-02-09 23:08:48,577 [Worker-88: Launching Celebrateit-backend (13)] INFO  o.eclipse.m2e.core.internal.Bundles - 	Entry: D:\sts-4.26.0.RELEASE\plugins\org.eclipse.m2e.maven.runtime_3.9.900.20240824-1409\jars\plexus-build-api-1.2.0.jar
2025-02-09 23:08:48,577 [Worker-88: Launching Celebrateit-backend (13)] INFO  o.eclipse.m2e.core.internal.Bundles - 	Entry: D:\sts-4.26.0.RELEASE\plugins\org.eclipse.m2e.maven.runtime_3.9.900.20240824-1409\jars\plexus-cipher-2.0.jar
2025-02-09 23:08:48,577 [Worker-88: Launching Celebrateit-backend (13)] INFO  o.eclipse.m2e.core.internal.Bundles - 	Entry: D:\sts-4.26.0.RELEASE\plugins\org.eclipse.m2e.maven.runtime_3.9.900.20240824-1409\jars\plexus-classworlds-2.8.0.jar
2025-02-09 23:08:48,577 [Worker-88: Launching Celebrateit-backend (13)] INFO  o.eclipse.m2e.core.internal.Bundles - 	Entry: D:\sts-4.26.0.RELEASE\plugins\org.eclipse.m2e.maven.runtime_3.9.900.20240824-1409\jars\plexus-component-annotations-2.1.0.jar
2025-02-09 23:08:48,578 [Worker-88: Launching Celebrateit-backend (13)] INFO  o.eclipse.m2e.core.internal.Bundles - 	Entry: D:\sts-4.26.0.RELEASE\plugins\org.eclipse.m2e.maven.runtime_3.9.900.20240824-1409\jars\plexus-interpolation-1.27.jar
2025-02-09 23:08:48,578 [Worker-88: Launching Celebrateit-backend (13)] INFO  o.eclipse.m2e.core.internal.Bundles - 	Entry: D:\sts-4.26.0.RELEASE\plugins\org.eclipse.m2e.maven.runtime_3.9.900.20240824-1409\jars\plexus-sec-dispatcher-2.0.jar
2025-02-09 23:08:48,578 [Worker-88: Launching Celebrateit-backend (13)] INFO  o.eclipse.m2e.core.internal.Bundles - 	Entry: D:\sts-4.26.0.RELEASE\plugins\org.eclipse.m2e.maven.runtime_3.9.900.20240824-1409\jars\plexus-utils-3.5.1.jar
2025-02-09 23:08:48,578 [Worker-88: Launching Celebrateit-backend (13)] INFO  o.eclipse.m2e.core.internal.Bundles - 	Entry: D:\sts-4.26.0.RELEASE\plugins\org.eclipse.m2e.maven.runtime_3.9.900.20240824-1409\jars\plexus-xml-3.0.1.jar
2025-02-09 23:08:48,578 [Worker-88: Launching Celebrateit-backend (13)] INFO  o.eclipse.m2e.core.internal.Bundles - 	Entry: D:\sts-4.26.0.RELEASE\plugins\org.eclipse.m2e.maven.runtime_3.9.900.20240824-1409\jars\wagon-file-3.5.3.jar
2025-02-09 23:08:48,578 [Worker-88: Launching Celebrateit-backend (13)] INFO  o.eclipse.m2e.core.internal.Bundles - 	Entry: D:\sts-4.26.0.RELEASE\plugins\org.eclipse.m2e.maven.runtime_3.9.900.20240824-1409\jars\wagon-http-3.5.3.jar
2025-02-09 23:08:48,578 [Worker-88: Launching Celebrateit-backend (13)] INFO  o.eclipse.m2e.core.internal.Bundles - 	Entry: D:\sts-4.26.0.RELEASE\plugins\org.eclipse.m2e.maven.runtime_3.9.900.20240824-1409\jars\wagon-http-shared-3.5.3.jar
2025-02-09 23:08:48,578 [Worker-88: Launching Celebrateit-backend (13)] INFO  o.eclipse.m2e.core.internal.Bundles - 	Entry: D:\sts-4.26.0.RELEASE\plugins\org.eclipse.m2e.maven.runtime_3.9.900.20240824-1409\jars\wagon-provider-api-3.5.3.jar
2025-02-09 23:08:48,578 [Worker-88: Launching Celebrateit-backend (13)] INFO  o.eclipse.m2e.core.internal.Bundles - getClasspathEntries(Bundle=com.google.guava_33.3.0.jre [29])
2025-02-09 23:08:48,579 [Worker-88: Launching Celebrateit-backend (13)] INFO  o.eclipse.m2e.core.internal.Bundles - 	Entry: D:\sts-4.26.0.RELEASE\plugins\com.google.guava_33.3.0.jre.jar
2025-02-09 23:08:48,579 [Worker-88: Launching Celebrateit-backend (13)] INFO  o.eclipse.m2e.core.internal.Bundles - getClasspathEntries(Bundle=slf4j.api_2.0.16 [592])
2025-02-09 23:08:48,579 [Worker-88: Launching Celebrateit-backend (13)] INFO  o.eclipse.m2e.core.internal.Bundles - 	Entry: D:\sts-4.26.0.RELEASE\plugins\slf4j.api_2.0.16.jar
2025-02-09 23:08:48,579 [Worker-88: Launching Celebrateit-backend (13)] INFO  o.eclipse.m2e.core.internal.Bundles - getClasspathEntries(Bundle=jakarta.inject.jakarta.inject-api_1.0.5 [45])
2025-02-09 23:08:48,579 [Worker-88: Launching Celebrateit-backend (13)] INFO  o.eclipse.m2e.core.internal.Bundles - 	Entry: D:\sts-4.26.0.RELEASE\plugins\jakarta.inject.jakarta.inject-api_1.0.5.jar
2025-02-09 23:08:48,579 [Worker-88: Launching Celebrateit-backend (13)] INFO  o.eclipse.m2e.core.internal.Bundles - getClasspathEntries(Bundle=jakarta.annotation-api_1.3.5 [41])
2025-02-09 23:08:48,579 [Worker-88: Launching Celebrateit-backend (13)] INFO  o.eclipse.m2e.core.internal.Bundles - 	Entry: D:\sts-4.26.0.RELEASE\plugins\jakarta.annotation-api_1.3.5.jar
2025-02-09 23:08:48,579 [Worker-88: Launching Celebrateit-backend (13)] INFO  o.eclipse.m2e.core.internal.Bundles - getClasspathEntries(Bundle=org.apache.commons.cli_1.9.0 [77])
2025-02-09 23:08:48,580 [Worker-88: Launching Celebrateit-backend (13)] INFO  o.eclipse.m2e.core.internal.Bundles - 	Entry: D:\sts-4.26.0.RELEASE\plugins\org.apache.commons.cli_1.9.0.jar
2025-02-09 23:08:48,580 [Worker-88: Launching Celebrateit-backend (13)] INFO  o.eclipse.m2e.core.internal.Bundles - getClasspathEntries(Bundle=org.apache.commons.commons-codec_1.16.0 [80])
2025-02-09 23:08:48,580 [Worker-88: Launching Celebrateit-backend (13)] INFO  o.eclipse.m2e.core.internal.Bundles - 	Entry: D:\sts-4.26.0.RELEASE\plugins\org.apache.commons.commons-codec_1.16.0.jar
2025-02-09 23:08:48,580 [Worker-88: Launching Celebrateit-backend (13)] INFO  o.eclipse.m2e.core.internal.Bundles - getClasspathEntries(Bundle=com.google.guava.failureaccess_1.0.2 [30])
2025-02-09 23:08:48,580 [Worker-88: Launching Celebrateit-backend (13)] INFO  o.eclipse.m2e.core.internal.Bundles - 	Entry: D:\sts-4.26.0.RELEASE\plugins\com.google.guava.failureaccess_1.0.2.jar
2025-02-09 23:08:48,582 [Worker-88: Launching Celebrateit-backend (13)] INFO  o.e.m.i.launch.MavenLaunchDelegate - Run build in "C:\Users\Samruddhi\OneDrive\Desktop\cdac-project\Celebrateit-backend\Celebrateit-backend":
2025-02-09 23:08:48,583 [Worker-88: Launching Celebrateit-backend (13)] INFO  o.e.m.i.launch.MavenLaunchDelegate -  mvn  -B -Dstyle.color=always clean compile
2025-02-09 23:14:31,018 [Worker-153: Building] INFO  o.a.m.s.f.DefaultMavenResourcesFiltering - Copying 1 resource from src\main\resources to target\classes
2025-02-09 23:14:31,026 [Worker-153: Building] INFO  o.a.m.s.f.DefaultMavenResourcesFiltering - Copying 0 resource from src\main\resources to target\classes
2025-02-09 23:14:31,029 [Worker-153: Building] INFO  o.a.m.s.f.DefaultMavenResourcesFiltering - skip non existing resourceDirectory C:\Users\Samruddhi\OneDrive\Desktop\cdac-project\Celebrateit-backend\Celebrateit-backend\src\test\resources
2025-02-09 23:15:01,975 [Worker-154: Building] INFO  o.a.m.s.f.DefaultMavenResourcesFiltering - Copying 1 resource from src\main\resources to target\classes
2025-02-09 23:15:01,980 [Worker-154: Building] INFO  o.a.m.s.f.DefaultMavenResourcesFiltering - Copying 0 resource from src\main\resources to target\classes
2025-02-09 23:15:01,982 [Worker-154: Building] INFO  o.a.m.s.f.DefaultMavenResourcesFiltering - skip non existing resourceDirectory C:\Users\Samruddhi\OneDrive\Desktop\cdac-project\Celebrateit-backend\Celebrateit-backend\src\test\resources
2025-02-09 23:26:59,217 [Worker-158: Building] INFO  o.a.m.s.f.DefaultMavenResourcesFiltering - Copying 1 resource from src\main\resources to target\classes
2025-02-09 23:26:59,271 [Worker-158: Building] INFO  o.a.m.s.f.DefaultMavenResourcesFiltering - Copying 0 resource from src\main\resources to target\classes
2025-02-09 23:26:59,277 [Worker-158: Building] INFO  o.a.m.s.f.DefaultMavenResourcesFiltering - skip non existing resourceDirectory C:\Users\Samruddhi\OneDrive\Desktop\cdac-project\Celebrateit-backend\Celebrateit-backend\src\test\resources
2025-02-10 00:15:18,291 [Worker-173: Building] INFO  o.a.m.s.f.DefaultMavenResourcesFiltering - Copying 1 resource from src\main\resources to target\classes
2025-02-10 00:15:18,362 [Worker-173: Building] INFO  o.a.m.s.f.DefaultMavenResourcesFiltering - Copying 0 resource from src\main\resources to target\classes
2025-02-10 00:15:18,373 [Worker-173: Building] INFO  o.a.m.s.f.DefaultMavenResourcesFiltering - skip non existing resourceDirectory C:\Users\Samruddhi\OneDrive\Desktop\cdac-project\Celebrateit-backend\Celebrateit-backend\src\test\resources
2025-02-10 00:17:42,948 [Worker-172: Building] INFO  o.a.m.s.f.DefaultMavenResourcesFiltering - Copying 1 resource from src\main\resources to target\classes
2025-02-10 00:17:42,970 [Worker-172: Building] INFO  o.a.m.s.f.DefaultMavenResourcesFiltering - Copying 0 resource from src\main\resources to target\classes
2025-02-10 00:17:42,974 [Worker-172: Building] INFO  o.a.m.s.f.DefaultMavenResourcesFiltering - skip non existing resourceDirectory C:\Users\Samruddhi\OneDrive\Desktop\cdac-project\Celebrateit-backend\Celebrateit-backend\src\test\resources
2025-02-10 00:21:54,353 [Worker-174: Building] INFO  o.a.m.s.f.DefaultMavenResourcesFiltering - Copying 1 resource from src\main\resources to target\classes
2025-02-10 00:21:54,365 [Worker-174: Building] INFO  o.a.m.s.f.DefaultMavenResourcesFiltering - Copying 0 resource from src\main\resources to target\classes
2025-02-10 00:21:54,370 [Worker-174: Building] INFO  o.a.m.s.f.DefaultMavenResourcesFiltering - skip non existing resourceDirectory C:\Users\Samruddhi\OneDrive\Desktop\cdac-project\Celebrateit-backend\Celebrateit-backend\src\test\resources
2025-02-10 00:55:03,425 [Worker-186: Building] INFO  o.a.m.s.f.DefaultMavenResourcesFiltering - Copying 1 resource from src\main\resources to target\classes
2025-02-10 00:55:03,435 [Worker-186: Building] INFO  o.a.m.s.f.DefaultMavenResourcesFiltering - Copying 0 resource from src\main\resources to target\classes
2025-02-10 00:55:03,438 [Worker-186: Building] INFO  o.a.m.s.f.DefaultMavenResourcesFiltering - skip non existing resourceDirectory C:\Users\Samruddhi\OneDrive\Desktop\cdac-project\Celebrateit-backend\Celebrateit-backend\src\test\resources
2025-02-10 01:00:01,473 [Worker-186: Building] INFO  o.a.m.s.f.DefaultMavenResourcesFiltering - Copying 1 resource from src\main\resources to target\classes
2025-02-10 01:00:01,481 [Worker-186: Building] INFO  o.a.m.s.f.DefaultMavenResourcesFiltering - Copying 0 resource from src\main\resources to target\classes
2025-02-10 01:00:01,483 [Worker-186: Building] INFO  o.a.m.s.f.DefaultMavenResourcesFiltering - skip non existing resourceDirectory C:\Users\Samruddhi\OneDrive\Desktop\cdac-project\Celebrateit-backend\Celebrateit-backend\src\test\resources
2025-02-10 01:00:20,825 [Worker-183: Building] INFO  o.a.m.s.f.DefaultMavenResourcesFiltering - Copying 1 resource from src\main\resources to target\classes
2025-02-10 01:00:20,831 [Worker-183: Building] INFO  o.a.m.s.f.DefaultMavenResourcesFiltering - Copying 0 resource from src\main\resources to target\classes
2025-02-10 01:00:20,833 [Worker-183: Building] INFO  o.a.m.s.f.DefaultMavenResourcesFiltering - skip non existing resourceDirectory C:\Users\Samruddhi\OneDrive\Desktop\cdac-project\Celebrateit-backend\Celebrateit-backend\src\test\resources
2025-02-10 01:00:56,312 [Worker-188: Building] INFO  o.a.m.s.f.DefaultMavenResourcesFiltering - Copying 1 resource from src\main\resources to target\classes
2025-02-10 01:00:56,315 [Worker-188: Building] INFO  o.a.m.s.f.DefaultMavenResourcesFiltering - Copying 0 resource from src\main\resources to target\classes
2025-02-10 01:00:56,317 [Worker-188: Building] INFO  o.a.m.s.f.DefaultMavenResourcesFiltering - skip non existing resourceDirectory C:\Users\Samruddhi\OneDrive\Desktop\cdac-project\Celebrateit-backend\Celebrateit-backend\src\test\resources
2025-02-10 01:01:39,534 [Worker-183: Building] INFO  o.a.m.s.f.DefaultMavenResourcesFiltering - Copying 1 resource from src\main\resources to target\classes
2025-02-10 01:01:39,551 [Worker-183: Building] INFO  o.a.m.s.f.DefaultMavenResourcesFiltering - Copying 0 resource from src\main\resources to target\classes
2025-02-10 01:01:39,555 [Worker-183: Building] INFO  o.a.m.s.f.DefaultMavenResourcesFiltering - skip non existing resourceDirectory C:\Users\Samruddhi\OneDrive\Desktop\cdac-project\Celebrateit-backend\Celebrateit-backend\src\test\resources
2025-02-10 01:03:11,400 [Worker-186: Building] INFO  o.a.m.s.f.DefaultMavenResourcesFiltering - Copying 1 resource from src\main\resources to target\classes
2025-02-10 01:03:11,408 [Worker-186: Building] INFO  o.a.m.s.f.DefaultMavenResourcesFiltering - Copying 0 resource from src\main\resources to target\classes
2025-02-10 01:03:11,410 [Worker-186: Building] INFO  o.a.m.s.f.DefaultMavenResourcesFiltering - skip non existing resourceDirectory C:\Users\Samruddhi\OneDrive\Desktop\cdac-project\Celebrateit-backend\Celebrateit-backend\src\test\resources
2025-02-10 01:05:01,415 [Worker-193: Building] INFO  o.a.m.s.f.DefaultMavenResourcesFiltering - Copying 1 resource from src\main\resources to target\classes
2025-02-10 01:05:01,420 [Worker-193: Building] INFO  o.a.m.s.f.DefaultMavenResourcesFiltering - Copying 0 resource from src\main\resources to target\classes
2025-02-10 01:05:01,423 [Worker-193: Building] INFO  o.a.m.s.f.DefaultMavenResourcesFiltering - skip non existing resourceDirectory C:\Users\Samruddhi\OneDrive\Desktop\cdac-project\Celebrateit-backend\Celebrateit-backend\src\test\resources
2025-02-10 01:12:50,763 [Worker-195: Building] INFO  o.a.m.s.f.DefaultMavenResourcesFiltering - Copying 1 resource from src\main\resources to target\classes
2025-02-10 01:12:50,771 [Worker-195: Building] INFO  o.a.m.s.f.DefaultMavenResourcesFiltering - Copying 0 resource from src\main\resources to target\classes
2025-02-10 01:12:50,773 [Worker-195: Building] INFO  o.a.m.s.f.DefaultMavenResourcesFiltering - skip non existing resourceDirectory C:\Users\Samruddhi\OneDrive\Desktop\cdac-project\Celebrateit-backend\Celebrateit-backend\src\test\resources
2025-02-10 01:13:03,627 [Worker-194: Building] INFO  o.a.m.s.f.DefaultMavenResourcesFiltering - Copying 1 resource from src\main\resources to target\classes
2025-02-10 01:13:03,636 [Worker-194: Building] INFO  o.a.m.s.f.DefaultMavenResourcesFiltering - Copying 0 resource from src\main\resources to target\classes
2025-02-10 01:13:03,639 [Worker-194: Building] INFO  o.a.m.s.f.DefaultMavenResourcesFiltering - skip non existing resourceDirectory C:\Users\Samruddhi\OneDrive\Desktop\cdac-project\Celebrateit-backend\Celebrateit-backend\src\test\resources
2025-02-10 01:13:28,917 [Worker-186: Building] INFO  o.a.m.s.f.DefaultMavenResourcesFiltering - Copying 1 resource from src\main\resources to target\classes
2025-02-10 01:13:28,924 [Worker-186: Building] INFO  o.a.m.s.f.DefaultMavenResourcesFiltering - Copying 0 resource from src\main\resources to target\classes
2025-02-10 01:13:28,928 [Worker-186: Building] INFO  o.a.m.s.f.DefaultMavenResourcesFiltering - skip non existing resourceDirectory C:\Users\Samruddhi\OneDrive\Desktop\cdac-project\Celebrateit-backend\Celebrateit-backend\src\test\resources
2025-02-10 01:13:34,189 [Worker-196: Building] INFO  o.a.m.s.f.DefaultMavenResourcesFiltering - Copying 1 resource from src\main\resources to target\classes
2025-02-10 01:13:34,194 [Worker-196: Building] INFO  o.a.m.s.f.DefaultMavenResourcesFiltering - Copying 0 resource from src\main\resources to target\classes
2025-02-10 01:13:34,197 [Worker-196: Building] INFO  o.a.m.s.f.DefaultMavenResourcesFiltering - skip non existing resourceDirectory C:\Users\Samruddhi\OneDrive\Desktop\cdac-project\Celebrateit-backend\Celebrateit-backend\src\test\resources
2025-02-10 08:23:14,447 [Worker-0: Loading available Gradle versions] INFO  o.e.b.c.i.u.g.PublishedGradleVersions - Gradle version information cache is up-to-date. Trying to read.
2025-02-10 09:00:24,402 [Worker-23: Building] INFO  o.a.m.s.f.DefaultMavenResourcesFiltering - Copying 1 resource from src\main\resources to target\classes
2025-02-10 09:00:24,428 [Worker-23: Building] INFO  o.a.m.s.f.DefaultMavenResourcesFiltering - Copying 0 resource from src\main\resources to target\classes
2025-02-10 09:00:24,432 [Worker-23: Building] INFO  o.a.m.s.f.DefaultMavenResourcesFiltering - skip non existing resourceDirectory C:\Users\Samruddhi\OneDrive\Desktop\cdac-project\Celebrateit-backend\Celebrateit-backend\src\test\resources
2025-02-10 09:00:34,998 [Worker-20: Building] INFO  o.a.m.s.f.DefaultMavenResourcesFiltering - Copying 1 resource from src\main\resources to target\classes
2025-02-10 09:00:35,002 [Worker-20: Building] INFO  o.a.m.s.f.DefaultMavenResourcesFiltering - Copying 0 resource from src\main\resources to target\classes
2025-02-10 09:00:35,004 [Worker-20: Building] INFO  o.a.m.s.f.DefaultMavenResourcesFiltering - skip non existing resourceDirectory C:\Users\Samruddhi\OneDrive\Desktop\cdac-project\Celebrateit-backend\Celebrateit-backend\src\test\resources
2025-02-10 09:01:48,889 [Worker-21: Building] INFO  o.a.m.s.f.DefaultMavenResourcesFiltering - Copying 1 resource from src\main\resources to target\classes
2025-02-10 09:01:48,894 [Worker-21: Building] INFO  o.a.m.s.f.DefaultMavenResourcesFiltering - Copying 0 resource from src\main\resources to target\classes
2025-02-10 09:01:48,897 [Worker-21: Building] INFO  o.a.m.s.f.DefaultMavenResourcesFiltering - skip non existing resourceDirectory C:\Users\Samruddhi\OneDrive\Desktop\cdac-project\Celebrateit-backend\Celebrateit-backend\src\test\resources
2025-02-10 09:21:46,091 [Worker-17: Building] INFO  o.a.m.s.f.DefaultMavenResourcesFiltering - Copying 1 resource from src\main\resources to target\classes
2025-02-10 09:21:46,096 [Worker-17: Building] INFO  o.a.m.s.f.DefaultMavenResourcesFiltering - Copying 0 resource from src\main\resources to target\classes
2025-02-10 09:21:46,098 [Worker-17: Building] INFO  o.a.m.s.f.DefaultMavenResourcesFiltering - skip non existing resourceDirectory C:\Users\Samruddhi\OneDrive\Desktop\cdac-project\Celebrateit-backend\Celebrateit-backend\src\test\resources
2025-02-10 09:22:08,562 [Worker-26: Building] INFO  o.a.m.s.f.DefaultMavenResourcesFiltering - Copying 1 resource from src\main\resources to target\classes
2025-02-10 09:22:08,566 [Worker-26: Building] INFO  o.a.m.s.f.DefaultMavenResourcesFiltering - Copying 0 resource from src\main\resources to target\classes
2025-02-10 09:22:08,568 [Worker-26: Building] INFO  o.a.m.s.f.DefaultMavenResourcesFiltering - skip non existing resourceDirectory C:\Users\Samruddhi\OneDrive\Desktop\cdac-project\Celebrateit-backend\Celebrateit-backend\src\test\resources
2025-02-10 09:23:00,362 [Worker-27: Building] INFO  o.a.m.s.f.DefaultMavenResourcesFiltering - Copying 1 resource from src\main\resources to target\classes
2025-02-10 09:23:00,366 [Worker-27: Building] INFO  o.a.m.s.f.DefaultMavenResourcesFiltering - Copying 0 resource from src\main\resources to target\classes
2025-02-10 09:23:00,368 [Worker-27: Building] INFO  o.a.m.s.f.DefaultMavenResourcesFiltering - skip non existing resourceDirectory C:\Users\Samruddhi\OneDrive\Desktop\cdac-project\Celebrateit-backend\Celebrateit-backend\src\test\resources
2025-02-10 09:28:58,765 [Worker-29: Building] INFO  o.a.m.s.f.DefaultMavenResourcesFiltering - Copying 1 resource from src\main\resources to target\classes
2025-02-10 09:28:58,776 [Worker-29: Building] INFO  o.a.m.s.f.DefaultMavenResourcesFiltering - Copying 0 resource from src\main\resources to target\classes
2025-02-10 09:28:58,779 [Worker-29: Building] INFO  o.a.m.s.f.DefaultMavenResourcesFiltering - skip non existing resourceDirectory C:\Users\Samruddhi\OneDrive\Desktop\cdac-project\Celebrateit-backend\Celebrateit-backend\src\test\resources
2025-02-10 09:29:28,797 [Worker-29: Building] INFO  o.a.m.s.f.DefaultMavenResourcesFiltering - Copying 1 resource from src\main\resources to target\classes
2025-02-10 09:29:28,801 [Worker-29: Building] INFO  o.a.m.s.f.DefaultMavenResourcesFiltering - Copying 0 resource from src\main\resources to target\classes
2025-02-10 09:29:28,803 [Worker-29: Building] INFO  o.a.m.s.f.DefaultMavenResourcesFiltering - skip non existing resourceDirectory C:\Users\Samruddhi\OneDrive\Desktop\cdac-project\Celebrateit-backend\Celebrateit-backend\src\test\resources
2025-02-10 09:29:50,945 [Worker-29: Building] INFO  o.a.m.s.f.DefaultMavenResourcesFiltering - Copying 1 resource from src\main\resources to target\classes
2025-02-10 09:29:50,949 [Worker-29: Building] INFO  o.a.m.s.f.DefaultMavenResourcesFiltering - Copying 0 resource from src\main\resources to target\classes
2025-02-10 09:29:50,951 [Worker-29: Building] INFO  o.a.m.s.f.DefaultMavenResourcesFiltering - skip non existing resourceDirectory C:\Users\Samruddhi\OneDrive\Desktop\cdac-project\Celebrateit-backend\Celebrateit-backend\src\test\resources
2025-02-10 09:30:06,260 [Worker-32: Building] INFO  o.a.m.s.f.DefaultMavenResourcesFiltering - Copying 1 resource from src\main\resources to target\classes
2025-02-10 09:30:06,264 [Worker-32: Building] INFO  o.a.m.s.f.DefaultMavenResourcesFiltering - Copying 0 resource from src\main\resources to target\classes
2025-02-10 09:30:06,266 [Worker-32: Building] INFO  o.a.m.s.f.DefaultMavenResourcesFiltering - skip non existing resourceDirectory C:\Users\Samruddhi\OneDrive\Desktop\cdac-project\Celebrateit-backend\Celebrateit-backend\src\test\resources
2025-02-10 14:14:16,510 [Worker-83: Building] INFO  o.a.m.s.f.DefaultMavenResourcesFiltering - Copying 1 resource from src\main\resources to target\classes
2025-02-10 14:14:16,555 [Worker-83: Building] INFO  o.a.m.s.f.DefaultMavenResourcesFiltering - Copying 0 resource from src\main\resources to target\classes
2025-02-10 14:14:16,558 [Worker-83: Building] INFO  o.a.m.s.f.DefaultMavenResourcesFiltering - skip non existing resourceDirectory C:\Users\Samruddhi\OneDrive\Desktop\cdac-project\Celebrateit-backend\Celebrateit-backend\src\test\resources
2025-02-10 14:19:20,379 [Worker-89: Building] INFO  o.a.m.s.f.DefaultMavenResourcesFiltering - Copying 1 resource from src\main\resources to target\classes
2025-02-10 14:19:20,385 [Worker-89: Building] INFO  o.a.m.s.f.DefaultMavenResourcesFiltering - Copying 0 resource from src\main\resources to target\classes
2025-02-10 14:19:20,388 [Worker-89: Building] INFO  o.a.m.s.f.DefaultMavenResourcesFiltering - skip non existing resourceDirectory C:\Users\Samruddhi\OneDrive\Desktop\cdac-project\Celebrateit-backend\Celebrateit-backend\src\test\resources
2025-02-10 14:19:43,323 [Worker-90: Building] INFO  o.a.m.s.f.DefaultMavenResourcesFiltering - Copying 1 resource from src\main\resources to target\classes
2025-02-10 14:19:43,329 [Worker-90: Building] INFO  o.a.m.s.f.DefaultMavenResourcesFiltering - Copying 0 resource from src\main\resources to target\classes
2025-02-10 14:19:43,350 [Worker-90: Building] INFO  o.a.m.s.f.DefaultMavenResourcesFiltering - skip non existing resourceDirectory C:\Users\Samruddhi\OneDrive\Desktop\cdac-project\Celebrateit-backend\Celebrateit-backend\src\test\resources
2025-02-10 14:22:02,028 [Worker-95: Building] INFO  o.a.m.s.f.DefaultMavenResourcesFiltering - Copying 1 resource from src\main\resources to target\classes
2025-02-10 14:22:02,037 [Worker-95: Building] INFO  o.a.m.s.f.DefaultMavenResourcesFiltering - Copying 0 resource from src\main\resources to target\classes
2025-02-10 14:22:02,043 [Worker-95: Building] INFO  o.a.m.s.f.DefaultMavenResourcesFiltering - skip non existing resourceDirectory C:\Users\Samruddhi\OneDrive\Desktop\cdac-project\Celebrateit-backend\Celebrateit-backend\src\test\resources
2025-02-10 14:23:14,516 [Worker-96: Building] INFO  o.a.m.s.f.DefaultMavenResourcesFiltering - Copying 1 resource from src\main\resources to target\classes
2025-02-10 14:23:14,524 [Worker-96: Building] INFO  o.a.m.s.f.DefaultMavenResourcesFiltering - Copying 0 resource from src\main\resources to target\classes
2025-02-10 14:23:14,528 [Worker-96: Building] INFO  o.a.m.s.f.DefaultMavenResourcesFiltering - skip non existing resourceDirectory C:\Users\Samruddhi\OneDrive\Desktop\cdac-project\Celebrateit-backend\Celebrateit-backend\src\test\resources
2025-02-10 14:23:29,147 [Worker-90: Building] INFO  o.a.m.s.f.DefaultMavenResourcesFiltering - Copying 1 resource from src\main\resources to target\classes
2025-02-10 14:23:29,151 [Worker-90: Building] INFO  o.a.m.s.f.DefaultMavenResourcesFiltering - Copying 0 resource from src\main\resources to target\classes
2025-02-10 14:23:29,154 [Worker-90: Building] INFO  o.a.m.s.f.DefaultMavenResourcesFiltering - skip non existing resourceDirectory C:\Users\Samruddhi\OneDrive\Desktop\cdac-project\Celebrateit-backend\Celebrateit-backend\src\test\resources
2025-02-10 14:23:38,192 [Worker-90: Building] INFO  o.a.m.s.f.DefaultMavenResourcesFiltering - Copying 1 resource from src\main\resources to target\classes
2025-02-10 14:23:38,195 [Worker-90: Building] INFO  o.a.m.s.f.DefaultMavenResourcesFiltering - Copying 0 resource from src\main\resources to target\classes
2025-02-10 14:23:38,197 [Worker-90: Building] INFO  o.a.m.s.f.DefaultMavenResourcesFiltering - skip non existing resourceDirectory C:\Users\Samruddhi\OneDrive\Desktop\cdac-project\Celebrateit-backend\Celebrateit-backend\src\test\resources
2025-02-10 14:24:14,237 [Worker-97: Building] INFO  o.a.m.s.f.DefaultMavenResourcesFiltering - Copying 1 resource from src\main\resources to target\classes
2025-02-10 14:24:14,243 [Worker-97: Building] INFO  o.a.m.s.f.DefaultMavenResourcesFiltering - Copying 0 resource from src\main\resources to target\classes
2025-02-10 14:24:14,246 [Worker-97: Building] INFO  o.a.m.s.f.DefaultMavenResourcesFiltering - skip non existing resourceDirectory C:\Users\Samruddhi\OneDrive\Desktop\cdac-project\Celebrateit-backend\Celebrateit-backend\src\test\resources
2025-02-10 14:24:18,488 [Worker-95: Building] INFO  o.a.m.s.f.DefaultMavenResourcesFiltering - Copying 1 resource from src\main\resources to target\classes
2025-02-10 14:24:18,501 [Worker-95: Building] INFO  o.a.m.s.f.DefaultMavenResourcesFiltering - Copying 0 resource from src\main\resources to target\classes
2025-02-10 14:24:18,506 [Worker-95: Building] INFO  o.a.m.s.f.DefaultMavenResourcesFiltering - skip non existing resourceDirectory C:\Users\Samruddhi\OneDrive\Desktop\cdac-project\Celebrateit-backend\Celebrateit-backend\src\test\resources
